[     -26ms] [ERROR] Loading the script 'https://abacus.kopassus.monitor/script.js' violates the following Content Security Policy directive: "script-src 'self' 'sha256-LnMFPWZxTgVOr2VYwIh9mhQ3l/l3+a3SfNOLERnuHfY=' 'sha256-4Z2xtr1B9QQugoojE/nbpOViG+8l2B7CZVlKgC78AeQ=' 'sha256-903UI9my1I7mqHoiVeZSc56yd50YoRJTB2269QqL76w=' 'sha256-EytE6o1N8rwzpVFMrF+WvBZr2y5UhFLw79o1/4VqS0s=' 'wasm-unsafe-eval' https://www.youtube.com https://static.cloudflareinsights.com https://vercel.live https://challenges.cloudflare.com https://abacus.worldmonitor.app https://*.clerk.accounts.dev https://*.dodopayments.com https://js.stripe.com". Note that 'script-src-elem' was not explicitly set, so 'script-src' is used as a fallback. The action has been blocked. @ http://localhost:3001/:0
[     -26ms] [ERROR] Executing inline script violates the following Content Security Policy directive 'script-src 'self' 'sha256-LnMFPWZxTgVOr2VYwIh9mhQ3l/l3+a3SfNOLERnuHfY=' 'sha256-4Z2xtr1B9QQugoojE/nbpOViG+8l2B7CZVlKgC78AeQ=' 'sha256-903UI9my1I7mqHoiVeZSc56yd50YoRJTB2269QqL76w=' 'sha256-EytE6o1N8rwzpVFMrF+WvBZr2y5UhFLw79o1/4VqS0s=' 'wasm-unsafe-eval' https://www.youtube.com https://static.cloudflareinsights.com https://vercel.live https://challenges.cloudflare.com https://abacus.worldmonitor.app https://*.clerk.accounts.dev https://*.dodopayments.com https://js.stripe.com'. Either the 'unsafe-inline' keyword, a hash ('sha256-BNN4UEEko1REertbvdEqNgt0fL5ykItf9IoM3JmlUwY='), or a nonce ('nonce-...') is required to enable inline execution. The action has been blocked. @ http://localhost:3001/:121
[     490ms] [ERROR] [feeds] DEFAULT_ENABLED name "Breaking Defense" not found in FULL_FEEDS! @ http://localhost:3001/src/config/feeds.ts:1171
[     490ms] [LOG] [feeds] 107 unique default-enabled sources / 204 total @ http://localhost:3001/src/config/feeds.ts:1173
[     597ms] [WARNING] THREE.THREE.Clock: This module has been deprecated. Please use THREE.Timer instead. @ http://localhost:3001/node_modules/.vite/deps/chunk-JENIRZW7.js?v=d584b076:296
[     602ms] [ERROR] Loading the script 'https://va.vercel-scripts.com/v1/script.debug.js' violates the following Content Security Policy directive: "script-src 'self' 'sha256-LnMFPWZxTgVOr2VYwIh9mhQ3l/l3+a3SfNOLERnuHfY=' 'sha256-4Z2xtr1B9QQugoojE/nbpOViG+8l2B7CZVlKgC78AeQ=' 'sha256-903UI9my1I7mqHoiVeZSc56yd50YoRJTB2269QqL76w=' 'sha256-EytE6o1N8rwzpVFMrF+WvBZr2y5UhFLw79o1/4VqS0s=' 'wasm-unsafe-eval' https://www.youtube.com https://static.cloudflareinsights.com https://vercel.live https://challenges.cloudflare.com https://abacus.worldmonitor.app https://*.clerk.accounts.dev https://*.dodopayments.com https://js.stripe.com". Note that 'script-src-elem' was not explicitly set, so 'script-src' is used as a fallback. The action has been blocked. @ http://localhost:3001/node_modules/.vite/deps/@vercel_analytics.js?v=d584b076:185
[     604ms] [LOG] [App] Variant check: stored="null", current="indonesia" @ http://localhost:3001/src/App.ts:393
[     604ms] [LOG] [App] Variant changed - seeding new defaults, disabling cross-variant panels @ http://localhost:3001/src/App.ts:395
[     606ms] [LOG] [entitlements] No VITE_CONVEX_URL — skipping Convex subscription @ http://localhost:3001/src/services/entitlements.ts:11
[     606ms] [WARNING] [billing] No VITE_CONVEX_URL -- skipping subscription watch @ http://localhost:3001/src/services/billing.ts:19
[     613ms] [ERROR] The script has an unsupported MIME type ('text/html'). @ :0
[     650ms] [WARNING] [PWA] Service worker registration failed: SecurityError: Failed to register a ServiceWorker for scope ('http://localhost:3001/') with script ('http://localhost:3001/sw.js'): The script has an unsupported MIME type ('text/html'). @ http://localhost:3001/src/main.ts:565
[     651ms] [INFO] 🌐 i18next is made possible by our own product, Locize — consider powering your project with managed localization (AI, CDN, integrations): https://locize.com 💙 @ http://localhost:3001/node_modules/.vite/deps/i18next.js?v=d584b076:1803
[     652ms] [LOG] i18next: languageChanged en-US @ http://localhost:3001/node_modules/.vite/deps/i18next.js?v=d584b076:207
[     652ms] [LOG] i18next: initialized {debug: true, initAsync: true, ns: Array(1), defaultNS: Array(1), fallbackLng: Array(1)} @ http://localhost:3001/node_modules/.vite/deps/i18next.js?v=d584b076:207
[     656ms] [LOG] [Vercel Web Analytics] Failed to load script from https://va.vercel-scripts.com/v1/script.debug.js. Please check if any ad blockers are enabled and try again. @ http://localhost:3001/node_modules/.vite/deps/@vercel_analytics.js?v=d584b076:181
[     659ms] [WARNING] [clerk] VITE_CLERK_PUBLISHABLE_KEY not set, auth disabled @ http://localhost:3001/src/services/clerk.ts:62
[     678ms] [LOG] [MapContainer] Initializing deck.gl map (desktop mode) @ http://localhost:3001/src/components/MapContainer.ts:110
[     705ms] [LOG] i18next::translator: missingKey en-US translation components.deckgl.layers.commodityPorts components.deckgl.layers.commodityPorts @ http://localhost:3001/node_modules/.vite/deps/i18next.js?v=d584b076:207
[     705ms] [LOG] i18next::translator: missingKey en-US translation components.deckgl.layers.webcams components.deckgl.layers.webcams @ http://localhost:3001/node_modules/.vite/deps/i18next.js?v=d584b076:207
[     705ms] [LOG] i18next::translator: missingKey en-US translation components.deckgl.layers.miningSites components.deckgl.layers.miningSites @ http://localhost:3001/node_modules/.vite/deps/i18next.js?v=d584b076:207
[     705ms] [LOG] i18next::translator: missingKey en-US translation components.deckgl.layers.processingPlants components.deckgl.layers.processingPlants @ http://localhost:3001/node_modules/.vite/deps/i18next.js?v=d584b076:207
[     705ms] [LOG] i18next::translator: missingKey en-US translation components.deckgl.layers.resilienceScore components.deckgl.layers.resilienceScore @ http://localhost:3001/node_modules/.vite/deps/i18next.js?v=d584b076:207
[     705ms] [LOG] i18next::translator: missingKey en-US translation components.deckgl.layers.diseaseOutbreaks components.deckgl.layers.diseaseOutbreaks @ http://localhost:3001/node_modules/.vite/deps/i18next.js?v=d584b076:207
[     705ms] [LOG] i18next::translator: missingKey en-US translation components.deckgl.layers.sanctions components.deckgl.layers.sanctions @ http://localhost:3001/node_modules/.vite/deps/i18next.js?v=d584b076:207
[     708ms] [LOG] i18next::translator: missingKey en-US translation panels.cctvIpStream.infoTooltip panels.cctvIpStream.infoTooltip @ http://localhost:3001/node_modules/.vite/deps/i18next.js?v=d584b076:207
[     745ms] [LOG] i18next::translator: missingKey en-US translation panels.disasters panels.disasters @ http://localhost:3001/node_modules/.vite/deps/i18next.js?v=d584b076:207
[     745ms] [LOG] i18next::translator: missingKey en-US translation panels.positiveFeed panels.positiveFeed @ http://localhost:3001/node_modules/.vite/deps/i18next.js?v=d584b076:207
[     745ms] [LOG] i18next::translator: missingKey en-US translation panels.progress panels.progress @ http://localhost:3001/node_modules/.vite/deps/i18next.js?v=d584b076:207
[     745ms] [LOG] i18next::translator: missingKey en-US translation panels.counters panels.counters @ http://localhost:3001/node_modules/.vite/deps/i18next.js?v=d584b076:207
[     745ms] [LOG] i18next::translator: missingKey en-US translation panels.spotlight panels.spotlight @ http://localhost:3001/node_modules/.vite/deps/i18next.js?v=d584b076:207
[     745ms] [LOG] i18next::translator: missingKey en-US translation panels.breakthroughs panels.breakthroughs @ http://localhost:3001/node_modules/.vite/deps/i18next.js?v=d584b076:207
[     745ms] [LOG] i18next::translator: missingKey en-US translation panels.digest panels.digest @ http://localhost:3001/node_modules/.vite/deps/i18next.js?v=d584b076:207
[     745ms] [LOG] i18next::translator: missingKey en-US translation panels.species panels.species @ http://localhost:3001/node_modules/.vite/deps/i18next.js?v=d584b076:207
[     745ms] [LOG] i18next::translator: missingKey en-US translation panels.renewable panels.renewable @ http://localhost:3001/node_modules/.vite/deps/i18next.js?v=d584b076:207
[     745ms] [LOG] i18next::translator: missingKey en-US translation panels.commodityNews panels.commodityNews @ http://localhost:3001/node_modules/.vite/deps/i18next.js?v=d584b076:207
[     745ms] [LOG] i18next::translator: missingKey en-US translation panels.liquidityShifts panels.liquidityShifts @ http://localhost:3001/node_modules/.vite/deps/i18next.js?v=d584b076:207
[     745ms] [LOG] i18next::translator: missingKey en-US translation panels.positioning-247 panels.positioning-247 @ http://localhost:3001/node_modules/.vite/deps/i18next.js?v=d584b076:207
[     745ms] [LOG] i18next::translator: missingKey en-US translation panels.goldSilver panels.goldSilver @ http://localhost:3001/node_modules/.vite/deps/i18next.js?v=d584b076:207
[     745ms] [LOG] i18next::translator: missingKey en-US translation panels.miningNews panels.miningNews @ http://localhost:3001/node_modules/.vite/deps/i18next.js?v=d584b076:207
[     745ms] [LOG] i18next::translator: missingKey en-US translation panels.criticalMinerals panels.criticalMinerals @ http://localhost:3001/node_modules/.vite/deps/i18next.js?v=d584b076:207
[     745ms] [LOG] i18next::translator: missingKey en-US translation panels.baseMetals panels.baseMetals @ http://localhost:3001/node_modules/.vite/deps/i18next.js?v=d584b076:207
[     745ms] [LOG] i18next::translator: missingKey en-US translation panels.miningCompanies panels.miningCompanies @ http://localhost:3001/node_modules/.vite/deps/i18next.js?v=d584b076:207
[     746ms] [LOG] i18next::translator: missingKey en-US translation panels.commodityRegulation panels.commodityRegulation @ http://localhost:3001/node_modules/.vite/deps/i18next.js?v=d584b076:207
[     746ms] [LOG] i18next::translator: missingKey en-US translation panels.pipelineStatus panels.pipelineStatus @ http://localhost:3001/node_modules/.vite/deps/i18next.js?v=d584b076:207
[     746ms] [LOG] i18next::translator: missingKey en-US translation panels.sanctionsPressure panels.sanctionsPressure @ http://localhost:3001/node_modules/.vite/deps/i18next.js?v=d584b076:207
[     746ms] [LOG] i18next::translator: missingKey en-US translation panels.worldClock panels.worldClock @ http://localhost:3001/node_modules/.vite/deps/i18next.js?v=d584b076:207
[     746ms] [LOG] i18next::translator: missingKey en-US translation panels.latestBrief panels.latestBrief @ http://localhost:3001/node_modules/.vite/deps/i18next.js?v=d584b076:207
[     746ms] [LOG] i18next::translator: missingKey en-US translation panels.energyRiskOverview panels.energyRiskOverview @ http://localhost:3001/node_modules/.vite/deps/i18next.js?v=d584b076:207
[     746ms] [LOG] i18next::translator: missingKey en-US translation panels.chokepointStrip panels.chokepointStrip @ http://localhost:3001/node_modules/.vite/deps/i18next.js?v=d584b076:207
[     746ms] [LOG] i18next::translator: missingKey en-US translation panels.storageFacilityMap panels.storageFacilityMap @ http://localhost:3001/node_modules/.vite/deps/i18next.js?v=d584b076:207
[     746ms] [LOG] i18next::translator: missingKey en-US translation panels.fuelShortages panels.fuelShortages @ http://localhost:3001/node_modules/.vite/deps/i18next.js?v=d584b076:207
[     746ms] [LOG] i18next::translator: missingKey en-US translation panels.energyDisruptions panels.energyDisruptions @ http://localhost:3001/node_modules/.vite/deps/i18next.js?v=d584b076:207
[     746ms] [LOG] i18next::translator: missingKey en-US translation panels.hormuzTracker panels.hormuzTracker @ http://localhost:3001/node_modules/.vite/deps/i18next.js?v=d584b076:207
[     746ms] [LOG] i18next::translator: missingKey en-US translation panels.aiRegulation panels.aiRegulation @ http://localhost:3001/node_modules/.vite/deps/i18next.js?v=d584b076:207
[     746ms] [LOG] i18next::translator: missingKey en-US translation panels.stockAnalysis panels.stockAnalysis @ http://localhost:3001/node_modules/.vite/deps/i18next.js?v=d584b076:207
[     746ms] [LOG] i18next::translator: missingKey en-US translation panels.stockBacktest panels.stockBacktest @ http://localhost:3001/node_modules/.vite/deps/i18next.js?v=d584b076:207
[     747ms] [LOG] i18next::translator: missingKey en-US translation panels.dailyMarketBrief panels.dailyMarketBrief @ http://localhost:3001/node_modules/.vite/deps/i18next.js?v=d584b076:207
[     747ms] [LOG] i18next::translator: missingKey en-US translation panels.marketsNews panels.marketsNews @ http://localhost:3001/node_modules/.vite/deps/i18next.js?v=d584b076:207
[     747ms] [LOG] i18next::translator: missingKey en-US translation panels.forex panels.forex @ http://localhost:3001/node_modules/.vite/deps/i18next.js?v=d584b076:207
[     747ms] [LOG] i18next::translator: missingKey en-US translation panels.bonds panels.bonds @ http://localhost:3001/node_modules/.vite/deps/i18next.js?v=d584b076:207
[     747ms] [LOG] i18next::translator: missingKey en-US translation panels.commoditiesNews panels.commoditiesNews @ http://localhost:3001/node_modules/.vite/deps/i18next.js?v=d584b076:207
[     747ms] [LOG] i18next::translator: missingKey en-US translation panels.cryptoNews panels.cryptoNews @ http://localhost:3001/node_modules/.vite/deps/i18next.js?v=d584b076:207
[     747ms] [LOG] i18next::translator: missingKey en-US translation panels.cryptoHeatmap panels.cryptoHeatmap @ http://localhost:3001/node_modules/.vite/deps/i18next.js?v=d584b076:207
[     747ms] [LOG] i18next::translator: missingKey en-US translation panels.defiTokens panels.defiTokens @ http://localhost:3001/node_modules/.vite/deps/i18next.js?v=d584b076:207
[     747ms] [LOG] i18next::translator: missingKey en-US translation panels.aiTokens panels.aiTokens @ http://localhost:3001/node_modules/.vite/deps/i18next.js?v=d584b076:207
[     747ms] [LOG] i18next::translator: missingKey en-US translation panels.otherTokens panels.otherTokens @ http://localhost:3001/node_modules/.vite/deps/i18next.js?v=d584b076:207
[     747ms] [LOG] i18next::translator: missingKey en-US translation panels.centralbanks panels.centralbanks @ http://localhost:3001/node_modules/.vite/deps/i18next.js?v=d584b076:207
[     747ms] [LOG] i18next::translator: missingKey en-US translation panels.economicNews panels.economicNews @ http://localhost:3001/node_modules/.vite/deps/i18next.js?v=d584b076:207
[     747ms] [LOG] i18next::translator: missingKey en-US translation panels.macroTiles panels.macroTiles @ http://localhost:3001/node_modules/.vite/deps/i18next.js?v=d584b076:207
[     747ms] [LOG] i18next::translator: missingKey en-US translation panels.aaiiSentiment panels.aaiiSentiment @ http://localhost:3001/node_modules/.vite/deps/i18next.js?v=d584b076:207
[     747ms] [LOG] i18next::translator: missingKey en-US translation panels.fsi panels.fsi @ http://localhost:3001/node_modules/.vite/deps/i18next.js?v=d584b076:207
[     747ms] [LOG] i18next::translator: missingKey en-US translation panels.yieldCurve panels.yieldCurve @ http://localhost:3001/node_modules/.vite/deps/i18next.js?v=d584b076:207
[     747ms] [LOG] i18next::translator: missingKey en-US translation panels.earningsCalendar panels.earningsCalendar @ http://localhost:3001/node_modules/.vite/deps/i18next.js?v=d584b076:207
[     747ms] [LOG] i18next::translator: missingKey en-US translation panels.economicCalendar panels.economicCalendar @ http://localhost:3001/node_modules/.vite/deps/i18next.js?v=d584b076:207
[     747ms] [LOG] i18next::translator: missingKey en-US translation panels.cotPositioning panels.cotPositioning @ http://localhost:3001/node_modules/.vite/deps/i18next.js?v=d584b076:207
[     747ms] [LOG] i18next::translator: missingKey en-US translation panels.derivatives panels.derivatives @ http://localhost:3001/node_modules/.vite/deps/i18next.js?v=d584b076:207
[     747ms] [LOG] i18next::translator: missingKey en-US translation panels.fintech panels.fintech @ http://localhost:3001/node_modules/.vite/deps/i18next.js?v=d584b076:207
[     747ms] [LOG] i18next::translator: missingKey en-US translation panels.institutional panels.institutional @ http://localhost:3001/node_modules/.vite/deps/i18next.js?v=d584b076:207
[     747ms] [LOG] i18next::translator: missingKey en-US translation panels.analysis panels.analysis @ http://localhost:3001/node_modules/.vite/deps/i18next.js?v=d584b076:207
[     748ms] [LOG] i18next::translator: missingKey en-US translation panels.gccNews panels.gccNews @ http://localhost:3001/node_modules/.vite/deps/i18next.js?v=d584b076:207
[     748ms] [LOG] i18next::translator: missingKey en-US translation panels.forecast panels.forecast @ http://localhost:3001/node_modules/.vite/deps/i18next.js?v=d584b076:207
[     748ms] [LOG] i18next::translator: missingKey en-US translation panels.militaryCorrelation panels.militaryCorrelation @ http://localhost:3001/node_modules/.vite/deps/i18next.js?v=d584b076:207
[     748ms] [LOG] i18next::translator: missingKey en-US translation panels.escalationCorrelation panels.escalationCorrelation @ http://localhost:3001/node_modules/.vite/deps/i18next.js?v=d584b076:207
[     748ms] [LOG] i18next::translator: missingKey en-US translation panels.economicCorrelation panels.economicCorrelation @ http://localhost:3001/node_modules/.vite/deps/i18next.js?v=d584b076:207
[     748ms] [LOG] i18next::translator: missingKey en-US translation panels.disasterCorrelation panels.disasterCorrelation @ http://localhost:3001/node_modules/.vite/deps/i18next.js?v=d584b076:207
[     748ms] [LOG] i18next::translator: missingKey en-US translation panels.chatAnalyst panels.chatAnalyst @ http://localhost:3001/node_modules/.vite/deps/i18next.js?v=d584b076:207
[     748ms] [LOG] i18next::translator: missingKey en-US translation panels.diseaseOutbreaks panels.diseaseOutbreaks @ http://localhost:3001/node_modules/.vite/deps/i18next.js?v=d584b076:207
[     748ms] [LOG] i18next::translator: missingKey en-US translation panels.socialVelocity panels.socialVelocity @ http://localhost:3001/node_modules/.vite/deps/i18next.js?v=d584b076:207
[     748ms] [LOG] i18next::translator: missingKey en-US translation panels.defensePatents panels.defensePatents @ http://localhost:3001/node_modules/.vite/deps/i18next.js?v=d584b076:207
[     748ms] [LOG] i18next::translator: missingKey en-US translation panels.radiationWatch panels.radiationWatch @ http://localhost:3001/node_modules/.vite/deps/i18next.js?v=d584b076:207
[     748ms] [LOG] i18next::translator: missingKey en-US translation panels.thermalEscalation panels.thermalEscalation @ http://localhost:3001/node_modules/.vite/deps/i18next.js?v=d584b076:207
[     748ms] [LOG] i18next::translator: missingKey en-US translation panels.nationalDebt panels.nationalDebt @ http://localhost:3001/node_modules/.vite/deps/i18next.js?v=d584b076:207
[     748ms] [LOG] i18next::translator: missingKey en-US translation panels.crossSourceSignals panels.crossSourceSignals @ http://localhost:3001/node_modules/.vite/deps/i18next.js?v=d584b076:207
[     749ms] [LOG] i18next::translator: missingKey en-US translation panels.regionalIntelligence panels.regionalIntelligence @ http://localhost:3001/node_modules/.vite/deps/i18next.js?v=d584b076:207
[     870ms] [WARNING] [clerk] getClerkToken: no session (clerkInstance=false, user=false) @ http://localhost:3001/src/services/clerk.ts:127
[     941ms] [WARNING] Image "circle-11" could not be loaded. Please make sure you have added the image with map.addImage() or a "sprite" property in your style. You can provide missing images by listening for the "styleimagemissing" map event. @ http://localhost:3001/node_modules/.vite/deps/maplibre-gl.js?v=d584b076:312
[    1127ms] [ERROR] Failed to load resource: the server responded with a status of 404 (Not Found) @ http://localhost:3001/api/health/v1/list-disease-outbreaks:0
[    1127ms] [ERROR] Failed to load resource: the server responded with a status of 503 (Service Unavailable) @ http://localhost:3001/api/gpsjam:0
[    1129ms] [ERROR] Failed to load resource: the server responded with a status of 404 (Not Found) @ http://localhost:3001/api/radiation/v1/list-radiation-observations?max_items=18:0
[    1129ms] [ERROR] Failed to load resource: the server responded with a status of 404 (Not Found) @ http://localhost:3001/api/thermal/v1/list-thermal-escalations?max_items=12:0
[    1130ms] [ERROR] Failed to load resource: the server responded with a status of 404 (Not Found) @ http://localhost:3001/api/sanctions/v1/list-sanctions-pressure?max_items=30:0
[    1136ms] [ERROR] [App] Telegram intel fetch failed: SyntaxError: Unexpected token 'i', "import { g"... is not valid JSON @ http://localhost:3001/src/app/data-loader.ts:2939
[    1137ms] [ERROR] [NWS Weather] Failed: SyntaxError: Unexpected token 'i', "import { g"... is not valid JSON @ http://localhost:3001/src/utils/circuit-breaker.ts:298
[    1138ms] [ERROR] [App] Telegram intel fetch failed: SyntaxError: Unexpected token 'i', "import { g"... is not valid JSON @ http://localhost:3001/src/app/data-loader.ts:2939
[    1151ms] [ERROR] [Polymarket] Failed: Error: No markets returned — upstream may be down @ http://localhost:3001/src/utils/circuit-breaker.ts:298
[    1152ms] [ERROR] [Military Flight Tracking] Failed: Error: No flights returned — upstream may be down @ http://localhost:3001/src/utils/circuit-breaker.ts:298
[    1153ms] [ERROR] [Radiation Watch] Failed: ApiError: Request failed with status 404 @ http://localhost:3001/src/utils/circuit-breaker.ts:298
[    1153ms] [ERROR] [Thermal Escalation] Failed: ApiError: Request failed with status 404 @ http://localhost:3001/src/utils/circuit-breaker.ts:298
[    1154ms] [ERROR] [Sanctions Pressure] Failed: ApiError: Request failed with status 404 @ http://localhost:3001/src/utils/circuit-breaker.ts:298
[    1162ms] [LOG] [Intelligence] All signals loaded for CII calculation @ http://localhost:3001/src/app/data-loader.ts:1966
[    1187ms] [ERROR] Failed to load resource: the server responded with a status of 404 (Not Found) @ http://localhost:3001/api/forecast/v1/get-simulation-outcome:0
[    1187ms] [ERROR] Failed to load resource: the server responded with a status of 404 (Not Found) @ http://localhost:3001/api/forecast/v1/get-forecasts:0
[    8841ms] [WARNING] [News] Digest fetch failed, using fallback: TimeoutError: signal timed out @ http://localhost:3001/src/app/data-loader.ts:304
[    8842ms] [WARNING] [News] Digest missing for "politics", limited per-feed fallback disabled @ http://localhost:3001/src/app/data-loader.ts:848
[    8842ms] [WARNING] [News] Digest missing for "gov", limited per-feed fallback disabled @ http://localhost:3001/src/app/data-loader.ts:848
[    8843ms] [WARNING] [News] Digest missing for "markets", limited per-feed fallback disabled @ http://localhost:3001/src/app/data-loader.ts:848
[    8843ms] [WARNING] [News] Digest missing for "tech", limited per-feed fallback disabled @ http://localhost:3001/src/app/data-loader.ts:848
[    8843ms] [WARNING] [News] Digest missing for "disasters", limited per-feed fallback disabled @ http://localhost:3001/src/app/data-loader.ts:848
[   10651ms] [LOG] [Search] Indexing 0 news items (allNews total: 0) @ http://localhost:3001/src/app/search-manager.ts:690
[   56475ms] [ERROR] Loading the script 'https://abacus.kopassus.monitor/script.js' violates the following Content Security Policy directive: "script-src 'self' 'sha256-LnMFPWZxTgVOr2VYwIh9mhQ3l/l3+a3SfNOLERnuHfY=' 'sha256-4Z2xtr1B9QQugoojE/nbpOViG+8l2B7CZVlKgC78AeQ=' 'sha256-903UI9my1I7mqHoiVeZSc56yd50YoRJTB2269QqL76w=' 'sha256-EytE6o1N8rwzpVFMrF+WvBZr2y5UhFLw79o1/4VqS0s=' 'wasm-unsafe-eval' https://www.youtube.com https://static.cloudflareinsights.com https://vercel.live https://challenges.cloudflare.com https://abacus.worldmonitor.app https://*.clerk.accounts.dev https://*.dodopayments.com https://js.stripe.com". Note that 'script-src-elem' was not explicitly set, so 'script-src' is used as a fallback. The action has been blocked. @ http://localhost:3001/?lat=-2.0000&lon=118.0000&zoom=4.00&view=indonesia&timeRange=7d&layers=conflicts%2Cbases%2Chotspots%2Cnuclear%2Csanctions%2Cweather%2Ceconomic%2Cwaterways%2Coutages%2Cmilitary%2Cnatural:0
[   56475ms] [ERROR] Executing inline script violates the following Content Security Policy directive 'script-src 'self' 'sha256-LnMFPWZxTgVOr2VYwIh9mhQ3l/l3+a3SfNOLERnuHfY=' 'sha256-4Z2xtr1B9QQugoojE/nbpOViG+8l2B7CZVlKgC78AeQ=' 'sha256-903UI9my1I7mqHoiVeZSc56yd50YoRJTB2269QqL76w=' 'sha256-EytE6o1N8rwzpVFMrF+WvBZr2y5UhFLw79o1/4VqS0s=' 'wasm-unsafe-eval' https://www.youtube.com https://static.cloudflareinsights.com https://vercel.live https://challenges.cloudflare.com https://abacus.worldmonitor.app https://*.clerk.accounts.dev https://*.dodopayments.com https://js.stripe.com'. Either the 'unsafe-inline' keyword, a hash ('sha256-BNN4UEEko1REertbvdEqNgt0fL5ykItf9IoM3JmlUwY='), or a nonce ('nonce-...') is required to enable inline execution. The action has been blocked. @ http://localhost:3001/?lat=-2.0000&lon=118.0000&zoom=4.00&view=indonesia&timeRange=7d&layers=conflicts%2Cbases%2Chotspots%2Cnuclear%2Csanctions%2Cweather%2Ceconomic%2Cwaterways%2Coutages%2Cmilitary%2Cnatural:121
[   57429ms] [ERROR] [feeds] DEFAULT_ENABLED name "Breaking Defense" not found in FULL_FEEDS! @ http://localhost:3001/src/config/feeds.ts:1171
[   57429ms] [LOG] [feeds] 107 unique default-enabled sources / 204 total @ http://localhost:3001/src/config/feeds.ts:1173
[   57558ms] [WARNING] THREE.THREE.Clock: This module has been deprecated. Please use THREE.Timer instead. @ http://localhost:3001/node_modules/.vite/deps/chunk-JENIRZW7.js?v=d584b076:296
[   57562ms] [ERROR] Loading the script 'https://va.vercel-scripts.com/v1/script.debug.js' violates the following Content Security Policy directive: "script-src 'self' 'sha256-LnMFPWZxTgVOr2VYwIh9mhQ3l/l3+a3SfNOLERnuHfY=' 'sha256-4Z2xtr1B9QQugoojE/nbpOViG+8l2B7CZVlKgC78AeQ=' 'sha256-903UI9my1I7mqHoiVeZSc56yd50YoRJTB2269QqL76w=' 'sha256-EytE6o1N8rwzpVFMrF+WvBZr2y5UhFLw79o1/4VqS0s=' 'wasm-unsafe-eval' https://www.youtube.com https://static.cloudflareinsights.com https://vercel.live https://challenges.cloudflare.com https://abacus.worldmonitor.app https://*.clerk.accounts.dev https://*.dodopayments.com https://js.stripe.com". Note that 'script-src-elem' was not explicitly set, so 'script-src' is used as a fallback. The action has been blocked. @ http://localhost:3001/node_modules/.vite/deps/@vercel_analytics.js?v=d584b076:185
[   57564ms] [LOG] [App] Variant check: stored="null", current="indonesia" @ http://localhost:3001/src/App.ts:393
[   57564ms] [LOG] [App] Variant changed - seeding new defaults, disabling cross-variant panels @ http://localhost:3001/src/App.ts:395
[   57565ms] [LOG] [entitlements] No VITE_CONVEX_URL — skipping Convex subscription @ http://localhost:3001/src/services/entitlements.ts:11
[   57565ms] [WARNING] [billing] No VITE_CONVEX_URL -- skipping subscription watch @ http://localhost:3001/src/services/billing.ts:19
[   57589ms] [LOG] [Vercel Web Analytics] Failed to load script from https://va.vercel-scripts.com/v1/script.debug.js. Please check if any ad blockers are enabled and try again. @ http://localhost:3001/node_modules/.vite/deps/@vercel_analytics.js?v=d584b076:181
[   57593ms] [INFO] 🌐 i18next is made possible by our own product, Locize — consider powering your project with managed localization (AI, CDN, integrations): https://locize.com 💙 @ http://localhost:3001/node_modules/.vite/deps/i18next.js?v=d584b076:1803
[   57595ms] [LOG] i18next: languageChanged en-US @ http://localhost:3001/node_modules/.vite/deps/i18next.js?v=d584b076:207
[   57595ms] [LOG] i18next: initialized {debug: true, initAsync: true, ns: Array(1), defaultNS: Array(1), fallbackLng: Array(1)} @ http://localhost:3001/node_modules/.vite/deps/i18next.js?v=d584b076:207
[   57658ms] [ERROR] The script has an unsupported MIME type ('text/html'). @ :0
[   57661ms] [WARNING] [PWA] Service worker registration failed: SecurityError: Failed to register a ServiceWorker for scope ('http://localhost:3001/') with script ('http://localhost:3001/sw.js'): The script has an unsupported MIME type ('text/html'). @ http://localhost:3001/src/main.ts:565
[   57662ms] [WARNING] [clerk] VITE_CLERK_PUBLISHABLE_KEY not set, auth disabled @ http://localhost:3001/src/services/clerk.ts:62
[   57676ms] [LOG] [MapContainer] Initializing deck.gl map (desktop mode) @ http://localhost:3001/src/components/MapContainer.ts:110
[   57688ms] [LOG] i18next::translator: missingKey en-US translation components.deckgl.layers.commodityPorts components.deckgl.layers.commodityPorts @ http://localhost:3001/node_modules/.vite/deps/i18next.js?v=d584b076:207
[   57688ms] [LOG] i18next::translator: missingKey en-US translation components.deckgl.layers.webcams components.deckgl.layers.webcams @ http://localhost:3001/node_modules/.vite/deps/i18next.js?v=d584b076:207
[   57688ms] [LOG] i18next::translator: missingKey en-US translation components.deckgl.layers.miningSites components.deckgl.layers.miningSites @ http://localhost:3001/node_modules/.vite/deps/i18next.js?v=d584b076:207
[   57688ms] [LOG] i18next::translator: missingKey en-US translation components.deckgl.layers.processingPlants components.deckgl.layers.processingPlants @ http://localhost:3001/node_modules/.vite/deps/i18next.js?v=d584b076:207
[   57688ms] [LOG] i18next::translator: missingKey en-US translation components.deckgl.layers.resilienceScore components.deckgl.layers.resilienceScore @ http://localhost:3001/node_modules/.vite/deps/i18next.js?v=d584b076:207
[   57688ms] [LOG] i18next::translator: missingKey en-US translation components.deckgl.layers.diseaseOutbreaks components.deckgl.layers.diseaseOutbreaks @ http://localhost:3001/node_modules/.vite/deps/i18next.js?v=d584b076:207
[   57688ms] [LOG] i18next::translator: missingKey en-US translation components.deckgl.layers.sanctions components.deckgl.layers.sanctions @ http://localhost:3001/node_modules/.vite/deps/i18next.js?v=d584b076:207
[   57692ms] [LOG] i18next::translator: missingKey en-US translation panels.cctvIpStream.infoTooltip panels.cctvIpStream.infoTooltip @ http://localhost:3001/node_modules/.vite/deps/i18next.js?v=d584b076:207
[   57700ms] [LOG] i18next::translator: missingKey en-US translation panels.disasters panels.disasters @ http://localhost:3001/node_modules/.vite/deps/i18next.js?v=d584b076:207
[   57700ms] [LOG] i18next::translator: missingKey en-US translation panels.positiveFeed panels.positiveFeed @ http://localhost:3001/node_modules/.vite/deps/i18next.js?v=d584b076:207
[   57700ms] [LOG] i18next::translator: missingKey en-US translation panels.progress panels.progress @ http://localhost:3001/node_modules/.vite/deps/i18next.js?v=d584b076:207
[   57700ms] [LOG] i18next::translator: missingKey en-US translation panels.counters panels.counters @ http://localhost:3001/node_modules/.vite/deps/i18next.js?v=d584b076:207
[   57700ms] [LOG] i18next::translator: missingKey en-US translation panels.spotlight panels.spotlight @ http://localhost:3001/node_modules/.vite/deps/i18next.js?v=d584b076:207
[   57700ms] [LOG] i18next::translator: missingKey en-US translation panels.breakthroughs panels.breakthroughs @ http://localhost:3001/node_modules/.vite/deps/i18next.js?v=d584b076:207
[   57700ms] [LOG] i18next::translator: missingKey en-US translation panels.digest panels.digest @ http://localhost:3001/node_modules/.vite/deps/i18next.js?v=d584b076:207
[   57700ms] [LOG] i18next::translator: missingKey en-US translation panels.species panels.species @ http://localhost:3001/node_modules/.vite/deps/i18next.js?v=d584b076:207
[   57700ms] [LOG] i18next::translator: missingKey en-US translation panels.renewable panels.renewable @ http://localhost:3001/node_modules/.vite/deps/i18next.js?v=d584b076:207
[   57700ms] [LOG] i18next::translator: missingKey en-US translation panels.commodityNews panels.commodityNews @ http://localhost:3001/node_modules/.vite/deps/i18next.js?v=d584b076:207
[   57700ms] [LOG] i18next::translator: missingKey en-US translation panels.liquidityShifts panels.liquidityShifts @ http://localhost:3001/node_modules/.vite/deps/i18next.js?v=d584b076:207
[   57701ms] [LOG] i18next::translator: missingKey en-US translation panels.positioning-247 panels.positioning-247 @ http://localhost:3001/node_modules/.vite/deps/i18next.js?v=d584b076:207
[   57701ms] [LOG] i18next::translator: missingKey en-US translation panels.goldSilver panels.goldSilver @ http://localhost:3001/node_modules/.vite/deps/i18next.js?v=d584b076:207
[   57701ms] [LOG] i18next::translator: missingKey en-US translation panels.miningNews panels.miningNews @ http://localhost:3001/node_modules/.vite/deps/i18next.js?v=d584b076:207
[   57701ms] [LOG] i18next::translator: missingKey en-US translation panels.criticalMinerals panels.criticalMinerals @ http://localhost:3001/node_modules/.vite/deps/i18next.js?v=d584b076:207
[   57701ms] [LOG] i18next::translator: missingKey en-US translation panels.baseMetals panels.baseMetals @ http://localhost:3001/node_modules/.vite/deps/i18next.js?v=d584b076:207
[   57701ms] [LOG] i18next::translator: missingKey en-US translation panels.miningCompanies panels.miningCompanies @ http://localhost:3001/node_modules/.vite/deps/i18next.js?v=d584b076:207
[   57701ms] [LOG] i18next::translator: missingKey en-US translation panels.commodityRegulation panels.commodityRegulation @ http://localhost:3001/node_modules/.vite/deps/i18next.js?v=d584b076:207
[   57701ms] [LOG] i18next::translator: missingKey en-US translation panels.pipelineStatus panels.pipelineStatus @ http://localhost:3001/node_modules/.vite/deps/i18next.js?v=d584b076:207
[   57701ms] [LOG] i18next::translator: missingKey en-US translation panels.sanctionsPressure panels.sanctionsPressure @ http://localhost:3001/node_modules/.vite/deps/i18next.js?v=d584b076:207
[   57701ms] [LOG] i18next::translator: missingKey en-US translation panels.worldClock panels.worldClock @ http://localhost:3001/node_modules/.vite/deps/i18next.js?v=d584b076:207
[   57701ms] [LOG] i18next::translator: missingKey en-US translation panels.latestBrief panels.latestBrief @ http://localhost:3001/node_modules/.vite/deps/i18next.js?v=d584b076:207
[   57701ms] [LOG] i18next::translator: missingKey en-US translation panels.energyRiskOverview panels.energyRiskOverview @ http://localhost:3001/node_modules/.vite/deps/i18next.js?v=d584b076:207
[   57701ms] [LOG] i18next::translator: missingKey en-US translation panels.chokepointStrip panels.chokepointStrip @ http://localhost:3001/node_modules/.vite/deps/i18next.js?v=d584b076:207
[   57701ms] [LOG] i18next::translator: missingKey en-US translation panels.storageFacilityMap panels.storageFacilityMap @ http://localhost:3001/node_modules/.vite/deps/i18next.js?v=d584b076:207
[   57702ms] [LOG] i18next::translator: missingKey en-US translation panels.fuelShortages panels.fuelShortages @ http://localhost:3001/node_modules/.vite/deps/i18next.js?v=d584b076:207
[   57702ms] [LOG] i18next::translator: missingKey en-US translation panels.energyDisruptions panels.energyDisruptions @ http://localhost:3001/node_modules/.vite/deps/i18next.js?v=d584b076:207
[   57702ms] [LOG] i18next::translator: missingKey en-US translation panels.hormuzTracker panels.hormuzTracker @ http://localhost:3001/node_modules/.vite/deps/i18next.js?v=d584b076:207
[   57702ms] [LOG] i18next::translator: missingKey en-US translation panels.aiRegulation panels.aiRegulation @ http://localhost:3001/node_modules/.vite/deps/i18next.js?v=d584b076:207
[   57702ms] [LOG] i18next::translator: missingKey en-US translation panels.stockAnalysis panels.stockAnalysis @ http://localhost:3001/node_modules/.vite/deps/i18next.js?v=d584b076:207
[   57702ms] [LOG] i18next::translator: missingKey en-US translation panels.stockBacktest panels.stockBacktest @ http://localhost:3001/node_modules/.vite/deps/i18next.js?v=d584b076:207
[   57702ms] [LOG] i18next::translator: missingKey en-US translation panels.dailyMarketBrief panels.dailyMarketBrief @ http://localhost:3001/node_modules/.vite/deps/i18next.js?v=d584b076:207
[   57702ms] [LOG] i18next::translator: missingKey en-US translation panels.marketsNews panels.marketsNews @ http://localhost:3001/node_modules/.vite/deps/i18next.js?v=d584b076:207
[   57702ms] [LOG] i18next::translator: missingKey en-US translation panels.forex panels.forex @ http://localhost:3001/node_modules/.vite/deps/i18next.js?v=d584b076:207
[   57702ms] [LOG] i18next::translator: missingKey en-US translation panels.bonds panels.bonds @ http://localhost:3001/node_modules/.vite/deps/i18next.js?v=d584b076:207
[   57702ms] [LOG] i18next::translator: missingKey en-US translation panels.commoditiesNews panels.commoditiesNews @ http://localhost:3001/node_modules/.vite/deps/i18next.js?v=d584b076:207
[   57703ms] [LOG] i18next::translator: missingKey en-US translation panels.cryptoNews panels.cryptoNews @ http://localhost:3001/node_modules/.vite/deps/i18next.js?v=d584b076:207
[   57703ms] [LOG] i18next::translator: missingKey en-US translation panels.cryptoHeatmap panels.cryptoHeatmap @ http://localhost:3001/node_modules/.vite/deps/i18next.js?v=d584b076:207
[   57703ms] [LOG] i18next::translator: missingKey en-US translation panels.defiTokens panels.defiTokens @ http://localhost:3001/node_modules/.vite/deps/i18next.js?v=d584b076:207
[   57703ms] [LOG] i18next::translator: missingKey en-US translation panels.aiTokens panels.aiTokens @ http://localhost:3001/node_modules/.vite/deps/i18next.js?v=d584b076:207
[   57703ms] [LOG] i18next::translator: missingKey en-US translation panels.otherTokens panels.otherTokens @ http://localhost:3001/node_modules/.vite/deps/i18next.js?v=d584b076:207
[   57703ms] [LOG] i18next::translator: missingKey en-US translation panels.centralbanks panels.centralbanks @ http://localhost:3001/node_modules/.vite/deps/i18next.js?v=d584b076:207
[   57703ms] [LOG] i18next::translator: missingKey en-US translation panels.economicNews panels.economicNews @ http://localhost:3001/node_modules/.vite/deps/i18next.js?v=d584b076:207
[   57703ms] [LOG] i18next::translator: missingKey en-US translation panels.macroTiles panels.macroTiles @ http://localhost:3001/node_modules/.vite/deps/i18next.js?v=d584b076:207
[   57703ms] [LOG] i18next::translator: missingKey en-US translation panels.aaiiSentiment panels.aaiiSentiment @ http://localhost:3001/node_modules/.vite/deps/i18next.js?v=d584b076:207
[   57703ms] [LOG] i18next::translator: missingKey en-US translation panels.fsi panels.fsi @ http://localhost:3001/node_modules/.vite/deps/i18next.js?v=d584b076:207
[   57703ms] [LOG] i18next::translator: missingKey en-US translation panels.yieldCurve panels.yieldCurve @ http://localhost:3001/node_modules/.vite/deps/i18next.js?v=d584b076:207
[   57703ms] [LOG] i18next::translator: missingKey en-US translation panels.earningsCalendar panels.earningsCalendar @ http://localhost:3001/node_modules/.vite/deps/i18next.js?v=d584b076:207
[   57703ms] [LOG] i18next::translator: missingKey en-US translation panels.economicCalendar panels.economicCalendar @ http://localhost:3001/node_modules/.vite/deps/i18next.js?v=d584b076:207
[   57703ms] [LOG] i18next::translator: missingKey en-US translation panels.cotPositioning panels.cotPositioning @ http://localhost:3001/node_modules/.vite/deps/i18next.js?v=d584b076:207
[   57703ms] [LOG] i18next::translator: missingKey en-US translation panels.derivatives panels.derivatives @ http://localhost:3001/node_modules/.vite/deps/i18next.js?v=d584b076:207
[   57703ms] [LOG] i18next::translator: missingKey en-US translation panels.fintech panels.fintech @ http://localhost:3001/node_modules/.vite/deps/i18next.js?v=d584b076:207
[   57704ms] [LOG] i18next::translator: missingKey en-US translation panels.institutional panels.institutional @ http://localhost:3001/node_modules/.vite/deps/i18next.js?v=d584b076:207
[   57704ms] [LOG] i18next::translator: missingKey en-US translation panels.analysis panels.analysis @ http://localhost:3001/node_modules/.vite/deps/i18next.js?v=d584b076:207
[   57704ms] [LOG] i18next::translator: missingKey en-US translation panels.gccNews panels.gccNews @ http://localhost:3001/node_modules/.vite/deps/i18next.js?v=d584b076:207
[   57704ms] [LOG] i18next::translator: missingKey en-US translation panels.forecast panels.forecast @ http://localhost:3001/node_modules/.vite/deps/i18next.js?v=d584b076:207
[   57704ms] [LOG] i18next::translator: missingKey en-US translation panels.militaryCorrelation panels.militaryCorrelation @ http://localhost:3001/node_modules/.vite/deps/i18next.js?v=d584b076:207
[   57704ms] [LOG] i18next::translator: missingKey en-US translation panels.escalationCorrelation panels.escalationCorrelation @ http://localhost:3001/node_modules/.vite/deps/i18next.js?v=d584b076:207
[   57704ms] [LOG] i18next::translator: missingKey en-US translation panels.economicCorrelation panels.economicCorrelation @ http://localhost:3001/node_modules/.vite/deps/i18next.js?v=d584b076:207
[   57704ms] [LOG] i18next::translator: missingKey en-US translation panels.disasterCorrelation panels.disasterCorrelation @ http://localhost:3001/node_modules/.vite/deps/i18next.js?v=d584b076:207
[   57704ms] [LOG] i18next::translator: missingKey en-US translation panels.chatAnalyst panels.chatAnalyst @ http://localhost:3001/node_modules/.vite/deps/i18next.js?v=d584b076:207
[   57704ms] [LOG] i18next::translator: missingKey en-US translation panels.diseaseOutbreaks panels.diseaseOutbreaks @ http://localhost:3001/node_modules/.vite/deps/i18next.js?v=d584b076:207
[   57704ms] [LOG] i18next::translator: missingKey en-US translation panels.socialVelocity panels.socialVelocity @ http://localhost:3001/node_modules/.vite/deps/i18next.js?v=d584b076:207
[   57704ms] [LOG] i18next::translator: missingKey en-US translation panels.defensePatents panels.defensePatents @ http://localhost:3001/node_modules/.vite/deps/i18next.js?v=d584b076:207
[   57704ms] [LOG] i18next::translator: missingKey en-US translation panels.radiationWatch panels.radiationWatch @ http://localhost:3001/node_modules/.vite/deps/i18next.js?v=d584b076:207
[   57704ms] [LOG] i18next::translator: missingKey en-US translation panels.thermalEscalation panels.thermalEscalation @ http://localhost:3001/node_modules/.vite/deps/i18next.js?v=d584b076:207
[   57705ms] [LOG] i18next::translator: missingKey en-US translation panels.nationalDebt panels.nationalDebt @ http://localhost:3001/node_modules/.vite/deps/i18next.js?v=d584b076:207
[   57705ms] [LOG] i18next::translator: missingKey en-US translation panels.crossSourceSignals panels.crossSourceSignals @ http://localhost:3001/node_modules/.vite/deps/i18next.js?v=d584b076:207
[   57705ms] [LOG] i18next::translator: missingKey en-US translation panels.regionalIntelligence panels.regionalIntelligence @ http://localhost:3001/node_modules/.vite/deps/i18next.js?v=d584b076:207
[   57976ms] [ERROR] Failed to load resource: the server responded with a status of 404 (Not Found) @ http://localhost:3001/api/health/v1/list-disease-outbreaks:0
[   57979ms] [ERROR] Failed to load resource: the server responded with a status of 503 (Service Unavailable) @ http://localhost:3001/api/gpsjam:0
[   57981ms] [ERROR] [App] Telegram intel fetch failed: SyntaxError: Unexpected token 'i', "import { g"... is not valid JSON @ http://localhost:3001/src/app/data-loader.ts:2939
[   57982ms] [WARNING] [clerk] getClerkToken: no session (clerkInstance=false, user=false) @ http://localhost:3001/src/services/clerk.ts:127
[   57982ms] [ERROR] Failed to load resource: the server responded with a status of 404 (Not Found) @ http://localhost:3001/api/webcam/v1/list-webcams?zoom=2.5&bound_w=88.1989&bound_s=-26.2999&bound_e=135.7116&bound_n=27.5354:0
[   57995ms] [ERROR] Failed to load resource: the server responded with a status of 404 (Not Found) @ http://localhost:3001/api/radiation/v1/list-radiation-observations?max_items=18:0
[   58000ms] [WARNING] [webcams] fetch failed: ApiError: Request failed with status 404
    at WebcamServiceClient.handleError (http://localhost:3001/src/generated/client/worldmonitor/webcam/v1/service_client.ts:84:11)
    at async fetchWebcams (http://localhost:3001/src/services/webcams/index.ts:14:12)
    at async DataLoaderManager.loadWebcams (http://localhost:3001/src/app/data-loader.ts:2216:22)
    at async runGuarded (http://localhost:3001/src/app/data-loader.ts:357:9) @ http://localhost:3001/src/services/webcams/index.ts:21
[   58001ms] [ERROR] [Polymarket] Failed: Error: No markets returned — upstream may be down @ http://localhost:3001/src/utils/circuit-breaker.ts:298
[   58007ms] [ERROR] [Military Flight Tracking] Failed: Error: No flights returned — upstream may be down @ http://localhost:3001/src/utils/circuit-breaker.ts:298
[   58008ms] [ERROR] [Radiation Watch] Failed: ApiError: Request failed with status 404 @ http://localhost:3001/src/utils/circuit-breaker.ts:298
[   58009ms] [ERROR] [NWS Weather] Failed: SyntaxError: Unexpected token 'i', "import { g"... is not valid JSON @ http://localhost:3001/src/utils/circuit-breaker.ts:298
[   58010ms] [ERROR] [App] Telegram intel fetch failed: SyntaxError: Unexpected token 'i', "import { g"... is not valid JSON @ http://localhost:3001/src/app/data-loader.ts:2939
[   58013ms] [ERROR] Failed to load resource: the server responded with a status of 404 (Not Found) @ http://localhost:3001/api/thermal/v1/list-thermal-escalations?max_items=12:0
[   58013ms] [ERROR] [Thermal Escalation] Failed: ApiError: Request failed with status 404 @ http://localhost:3001/src/utils/circuit-breaker.ts:298
[   58065ms] [WARNING] Image "circle-11" could not be loaded. Please make sure you have added the image with map.addImage() or a "sprite" property in your style. You can provide missing images by listening for the "styleimagemissing" map event. @ http://localhost:3001/node_modules/.vite/deps/maplibre-gl.js?v=d584b076:312
[   58072ms] [ERROR] Failed to load resource: the server responded with a status of 404 (Not Found) @ http://localhost:3001/api/forecast/v1/get-forecasts:0
[   58072ms] [ERROR] Failed to load resource: the server responded with a status of 404 (Not Found) @ http://localhost:3001/api/forecast/v1/get-simulation-outcome:0
[   58072ms] [ERROR] Failed to load resource: the server responded with a status of 404 (Not Found) @ http://localhost:3001/api/sanctions/v1/list-sanctions-pressure?max_items=30:0
[   58093ms] [LOG] [Intelligence] All signals loaded for CII calculation @ http://localhost:3001/src/app/data-loader.ts:1966
[   58102ms] [ERROR] [Sanctions Pressure] Failed: ApiError: Request failed with status 404 @ http://localhost:3001/src/utils/circuit-breaker.ts:298
[   64427ms] [ERROR] Failed to load resource: the server responded with a status of 404 (Not Found) @ http://localhost:3001/api/webcam/v1/list-webcams?zoom=4&bound_w=91.6768&bound_s=-10.2509&bound_e=144.3232&bound_n=6.4236:0
[   64427ms] [WARNING] [webcams] fetch failed: ApiError: Request failed with status 404
    at WebcamServiceClient.handleError (http://localhost:3001/src/generated/client/worldmonitor/webcam/v1/service_client.ts:84:11)
    at async fetchWebcams (http://localhost:3001/src/services/webcams/index.ts:14:12)
    at async DataLoaderManager.loadWebcams (http://localhost:3001/src/app/data-loader.ts:2216:22)
    at async DataLoaderManager.loadDataForLayer (http://localhost:3001/src/app/data-loader.ts:605:11) @ http://localhost:3001/src/services/webcams/index.ts:21
[   64866ms] [INFO] [News] Digest fetched: 16 categories @ http://localhost:3001/src/app/data-loader.ts:298
[   64868ms] [WARNING] [News] Digest missing for "markets", limited per-feed fallback disabled @ http://localhost:3001/src/app/data-loader.ts:848
[   64869ms] [WARNING] [News] Digest missing for "disasters", limited per-feed fallback disabled @ http://localhost:3001/src/app/data-loader.ts:848
[   66684ms] [LOG] [Search] Indexing 0 news items (allNews total: 0) @ http://localhost:3001/src/app/search-manager.ts:690
[   85409ms] [LOG] i18next::translator: missingKey en-US translation common.remove common.remove @ http://localhost:3001/node_modules/.vite/deps/i18next.js?v=d584b076:207
[   89222ms] [LOG] i18next::translator: missingKey en-US translation common.remove common.remove @ http://localhost:3001/node_modules/.vite/deps/i18next.js?v=d584b076:207
[   89271ms] [LOG] i18next::translator: missingKey en-US translation common.remove common.remove @ http://localhost:3001/node_modules/.vite/deps/i18next.js?v=d584b076:207
[   89921ms] [LOG] i18next::translator: missingKey en-US translation common.remove common.remove @ http://localhost:3001/node_modules/.vite/deps/i18next.js?v=d584b076:207
[   89922ms] [LOG] i18next::translator: missingKey en-US translation common.remove common.remove @ http://localhost:3001/node_modules/.vite/deps/i18next.js?v=d584b076:207
[   89978ms] [LOG] i18next::translator: missingKey en-US translation common.remove common.remove @ http://localhost:3001/node_modules/.vite/deps/i18next.js?v=d584b076:207
[   90587ms] [LOG] i18next::translator: missingKey en-US translation common.remove common.remove @ http://localhost:3001/node_modules/.vite/deps/i18next.js?v=d584b076:207
[   90587ms] [LOG] i18next::translator: missingKey en-US translation common.remove common.remove @ http://localhost:3001/node_modules/.vite/deps/i18next.js?v=d584b076:207
[   90881ms] [LOG] i18next::translator: missingKey en-US translation common.remove common.remove @ http://localhost:3001/node_modules/.vite/deps/i18next.js?v=d584b076:207
[   91653ms] [LOG] i18next::translator: missingKey en-US translation common.remove common.remove @ http://localhost:3001/node_modules/.vite/deps/i18next.js?v=d584b076:207
[   91974ms] [LOG] i18next::translator: missingKey en-US translation common.remove common.remove @ http://localhost:3001/node_modules/.vite/deps/i18next.js?v=d584b076:207
[   92470ms] [LOG] i18next::translator: missingKey en-US translation common.remove common.remove @ http://localhost:3001/node_modules/.vite/deps/i18next.js?v=d584b076:207
[   92470ms] [LOG] i18next::translator: missingKey en-US translation common.remove common.remove @ http://localhost:3001/node_modules/.vite/deps/i18next.js?v=d584b076:207
[   92517ms] [LOG] i18next::translator: missingKey en-US translation common.remove common.remove @ http://localhost:3001/node_modules/.vite/deps/i18next.js?v=d584b076:207
[   93354ms] [LOG] i18next::translator: missingKey en-US translation common.remove common.remove @ http://localhost:3001/node_modules/.vite/deps/i18next.js?v=d584b076:207
[   93731ms] [LOG] i18next::translator: missingKey en-US translation common.remove common.remove @ http://localhost:3001/node_modules/.vite/deps/i18next.js?v=d584b076:207
[   95358ms] [LOG] i18next::translator: missingKey en-US translation common.remove common.remove @ http://localhost:3001/node_modules/.vite/deps/i18next.js?v=d584b076:207
[   95710ms] [ERROR] Failed to load resource: the server responded with a status of 404 (Not Found) @ http://localhost:3001/api/webcam/v1/list-webcams?zoom=4&bound_w=95.5&bound_s=-12.534&bound_e=140.5&bound_n=8.7322:0
[   95710ms] [WARNING] [webcams] fetch failed: ApiError: Request failed with status 404
    at WebcamServiceClient.handleError (http://localhost:3001/src/generated/client/worldmonitor/webcam/v1/service_client.ts:84:11)
    at async fetchWebcams (http://localhost:3001/src/services/webcams/index.ts:14:12)
    at async DataLoaderManager.loadWebcams (http://localhost:3001/src/app/data-loader.ts:2216:22)
    at async DataLoaderManager.loadDataForLayer (http://localhost:3001/src/app/data-loader.ts:605:11) @ http://localhost:3001/src/services/webcams/index.ts:21
[   97621ms] [LOG] i18next::translator: missingKey en-US translation common.remove common.remove @ http://localhost:3001/node_modules/.vite/deps/i18next.js?v=d584b076:207
[  117788ms] [ERROR] Loading the script 'https://abacus.kopassus.monitor/script.js' violates the following Content Security Policy directive: "script-src 'self' 'sha256-LnMFPWZxTgVOr2VYwIh9mhQ3l/l3+a3SfNOLERnuHfY=' 'sha256-4Z2xtr1B9QQugoojE/nbpOViG+8l2B7CZVlKgC78AeQ=' 'sha256-903UI9my1I7mqHoiVeZSc56yd50YoRJTB2269QqL76w=' 'sha256-EytE6o1N8rwzpVFMrF+WvBZr2y5UhFLw79o1/4VqS0s=' 'wasm-unsafe-eval' https://www.youtube.com https://static.cloudflareinsights.com https://vercel.live https://challenges.cloudflare.com https://abacus.worldmonitor.app https://*.clerk.accounts.dev https://*.dodopayments.com https://js.stripe.com". Note that 'script-src-elem' was not explicitly set, so 'script-src' is used as a fallback. The action has been blocked. @ http://localhost:3001/?lat=-1.9341&lon=118.0000&zoom=4.00&view=indonesia&timeRange=7d&layers=conflicts%2Cbases%2Chotspots%2Cnuclear%2Csanctions%2Cweather%2Ceconomic%2Cwaterways%2Coutages%2Cmilitary%2Cnatural:0
[  117789ms] [ERROR] Executing inline script violates the following Content Security Policy directive 'script-src 'self' 'sha256-LnMFPWZxTgVOr2VYwIh9mhQ3l/l3+a3SfNOLERnuHfY=' 'sha256-4Z2xtr1B9QQugoojE/nbpOViG+8l2B7CZVlKgC78AeQ=' 'sha256-903UI9my1I7mqHoiVeZSc56yd50YoRJTB2269QqL76w=' 'sha256-EytE6o1N8rwzpVFMrF+WvBZr2y5UhFLw79o1/4VqS0s=' 'wasm-unsafe-eval' https://www.youtube.com https://static.cloudflareinsights.com https://vercel.live https://challenges.cloudflare.com https://abacus.worldmonitor.app https://*.clerk.accounts.dev https://*.dodopayments.com https://js.stripe.com'. Either the 'unsafe-inline' keyword, a hash ('sha256-BNN4UEEko1REertbvdEqNgt0fL5ykItf9IoM3JmlUwY='), or a nonce ('nonce-...') is required to enable inline execution. The action has been blocked. @ http://localhost:3001/?lat=-1.9341&lon=118.0000&zoom=4.00&view=indonesia&timeRange=7d&layers=conflicts%2Cbases%2Chotspots%2Cnuclear%2Csanctions%2Cweather%2Ceconomic%2Cwaterways%2Coutages%2Cmilitary%2Cnatural:121
[  118719ms] [ERROR] [feeds] DEFAULT_ENABLED name "Breaking Defense" not found in FULL_FEEDS! @ http://localhost:3001/src/config/feeds.ts:1171
[  118719ms] [LOG] [feeds] 107 unique default-enabled sources / 204 total @ http://localhost:3001/src/config/feeds.ts:1173
[  118829ms] [WARNING] THREE.THREE.Clock: This module has been deprecated. Please use THREE.Timer instead. @ http://localhost:3001/node_modules/.vite/deps/chunk-JENIRZW7.js?v=d584b076:296
[  118833ms] [ERROR] Loading the script 'https://va.vercel-scripts.com/v1/script.debug.js' violates the following Content Security Policy directive: "script-src 'self' 'sha256-LnMFPWZxTgVOr2VYwIh9mhQ3l/l3+a3SfNOLERnuHfY=' 'sha256-4Z2xtr1B9QQugoojE/nbpOViG+8l2B7CZVlKgC78AeQ=' 'sha256-903UI9my1I7mqHoiVeZSc56yd50YoRJTB2269QqL76w=' 'sha256-EytE6o1N8rwzpVFMrF+WvBZr2y5UhFLw79o1/4VqS0s=' 'wasm-unsafe-eval' https://www.youtube.com https://static.cloudflareinsights.com https://vercel.live https://challenges.cloudflare.com https://abacus.worldmonitor.app https://*.clerk.accounts.dev https://*.dodopayments.com https://js.stripe.com". Note that 'script-src-elem' was not explicitly set, so 'script-src' is used as a fallback. The action has been blocked. @ http://localhost:3001/node_modules/.vite/deps/@vercel_analytics.js?v=d584b076:185
[  118834ms] [LOG] [App] Variant check: stored="null", current="indonesia" @ http://localhost:3001/src/App.ts:393
[  118834ms] [LOG] [App] Variant changed - seeding new defaults, disabling cross-variant panels @ http://localhost:3001/src/App.ts:395
[  118836ms] [LOG] [entitlements] No VITE_CONVEX_URL — skipping Convex subscription @ http://localhost:3001/src/services/entitlements.ts:11
[  118836ms] [WARNING] [billing] No VITE_CONVEX_URL -- skipping subscription watch @ http://localhost:3001/src/services/billing.ts:19
[  118857ms] [LOG] [Vercel Web Analytics] Failed to load script from https://va.vercel-scripts.com/v1/script.debug.js. Please check if any ad blockers are enabled and try again. @ http://localhost:3001/node_modules/.vite/deps/@vercel_analytics.js?v=d584b076:181
[  118864ms] [INFO] 🌐 i18next is made possible by our own product, Locize — consider powering your project with managed localization (AI, CDN, integrations): https://locize.com 💙 @ http://localhost:3001/node_modules/.vite/deps/i18next.js?v=d584b076:1803
[  118865ms] [LOG] i18next: languageChanged en-US @ http://localhost:3001/node_modules/.vite/deps/i18next.js?v=d584b076:207
[  118865ms] [LOG] i18next: initialized {debug: true, initAsync: true, ns: Array(1), defaultNS: Array(1), fallbackLng: Array(1)} @ http://localhost:3001/node_modules/.vite/deps/i18next.js?v=d584b076:207
[  118896ms] [WARNING] [clerk] VITE_CLERK_PUBLISHABLE_KEY not set, auth disabled @ http://localhost:3001/src/services/clerk.ts:62
[  118897ms] [ERROR] The script has an unsupported MIME type ('text/html'). @ :0
[  118897ms] [WARNING] [PWA] Service worker registration failed: SecurityError: Failed to register a ServiceWorker for scope ('http://localhost:3001/') with script ('http://localhost:3001/sw.js'): The script has an unsupported MIME type ('text/html'). @ http://localhost:3001/src/main.ts:565
[  118908ms] [LOG] [MapContainer] Initializing deck.gl map (desktop mode) @ http://localhost:3001/src/components/MapContainer.ts:110
[  118922ms] [LOG] i18next::translator: missingKey en-US translation components.deckgl.layers.commodityPorts components.deckgl.layers.commodityPorts @ http://localhost:3001/node_modules/.vite/deps/i18next.js?v=d584b076:207
[  118922ms] [LOG] i18next::translator: missingKey en-US translation components.deckgl.layers.webcams components.deckgl.layers.webcams @ http://localhost:3001/node_modules/.vite/deps/i18next.js?v=d584b076:207
[  118922ms] [LOG] i18next::translator: missingKey en-US translation components.deckgl.layers.miningSites components.deckgl.layers.miningSites @ http://localhost:3001/node_modules/.vite/deps/i18next.js?v=d584b076:207
[  118922ms] [LOG] i18next::translator: missingKey en-US translation components.deckgl.layers.processingPlants components.deckgl.layers.processingPlants @ http://localhost:3001/node_modules/.vite/deps/i18next.js?v=d584b076:207
[  118922ms] [LOG] i18next::translator: missingKey en-US translation components.deckgl.layers.resilienceScore components.deckgl.layers.resilienceScore @ http://localhost:3001/node_modules/.vite/deps/i18next.js?v=d584b076:207
[  118923ms] [LOG] i18next::translator: missingKey en-US translation components.deckgl.layers.diseaseOutbreaks components.deckgl.layers.diseaseOutbreaks @ http://localhost:3001/node_modules/.vite/deps/i18next.js?v=d584b076:207
[  118923ms] [LOG] i18next::translator: missingKey en-US translation components.deckgl.layers.sanctions components.deckgl.layers.sanctions @ http://localhost:3001/node_modules/.vite/deps/i18next.js?v=d584b076:207
[  118926ms] [LOG] i18next::translator: missingKey en-US translation panels.cctvIpStream.infoTooltip panels.cctvIpStream.infoTooltip @ http://localhost:3001/node_modules/.vite/deps/i18next.js?v=d584b076:207
[  118947ms] [LOG] i18next::translator: missingKey en-US translation panels.disasters panels.disasters @ http://localhost:3001/node_modules/.vite/deps/i18next.js?v=d584b076:207
[  118947ms] [LOG] i18next::translator: missingKey en-US translation panels.positiveFeed panels.positiveFeed @ http://localhost:3001/node_modules/.vite/deps/i18next.js?v=d584b076:207
[  118947ms] [LOG] i18next::translator: missingKey en-US translation panels.progress panels.progress @ http://localhost:3001/node_modules/.vite/deps/i18next.js?v=d584b076:207
[  118948ms] [LOG] i18next::translator: missingKey en-US translation panels.counters panels.counters @ http://localhost:3001/node_modules/.vite/deps/i18next.js?v=d584b076:207
[  118948ms] [LOG] i18next::translator: missingKey en-US translation panels.spotlight panels.spotlight @ http://localhost:3001/node_modules/.vite/deps/i18next.js?v=d584b076:207
[  118948ms] [LOG] i18next::translator: missingKey en-US translation panels.breakthroughs panels.breakthroughs @ http://localhost:3001/node_modules/.vite/deps/i18next.js?v=d584b076:207
[  118948ms] [LOG] i18next::translator: missingKey en-US translation panels.digest panels.digest @ http://localhost:3001/node_modules/.vite/deps/i18next.js?v=d584b076:207
[  118948ms] [LOG] i18next::translator: missingKey en-US translation panels.species panels.species @ http://localhost:3001/node_modules/.vite/deps/i18next.js?v=d584b076:207
[  118948ms] [LOG] i18next::translator: missingKey en-US translation panels.renewable panels.renewable @ http://localhost:3001/node_modules/.vite/deps/i18next.js?v=d584b076:207
[  118948ms] [LOG] i18next::translator: missingKey en-US translation panels.commodityNews panels.commodityNews @ http://localhost:3001/node_modules/.vite/deps/i18next.js?v=d584b076:207
[  118948ms] [LOG] i18next::translator: missingKey en-US translation panels.liquidityShifts panels.liquidityShifts @ http://localhost:3001/node_modules/.vite/deps/i18next.js?v=d584b076:207
[  118948ms] [LOG] i18next::translator: missingKey en-US translation panels.positioning-247 panels.positioning-247 @ http://localhost:3001/node_modules/.vite/deps/i18next.js?v=d584b076:207
[  118948ms] [LOG] i18next::translator: missingKey en-US translation panels.goldSilver panels.goldSilver @ http://localhost:3001/node_modules/.vite/deps/i18next.js?v=d584b076:207
[  118948ms] [LOG] i18next::translator: missingKey en-US translation panels.miningNews panels.miningNews @ http://localhost:3001/node_modules/.vite/deps/i18next.js?v=d584b076:207
[  118948ms] [LOG] i18next::translator: missingKey en-US translation panels.criticalMinerals panels.criticalMinerals @ http://localhost:3001/node_modules/.vite/deps/i18next.js?v=d584b076:207
[  118948ms] [LOG] i18next::translator: missingKey en-US translation panels.baseMetals panels.baseMetals @ http://localhost:3001/node_modules/.vite/deps/i18next.js?v=d584b076:207
[  118948ms] [LOG] i18next::translator: missingKey en-US translation panels.miningCompanies panels.miningCompanies @ http://localhost:3001/node_modules/.vite/deps/i18next.js?v=d584b076:207
[  118948ms] [LOG] i18next::translator: missingKey en-US translation panels.commodityRegulation panels.commodityRegulation @ http://localhost:3001/node_modules/.vite/deps/i18next.js?v=d584b076:207
[  118949ms] [LOG] i18next::translator: missingKey en-US translation panels.pipelineStatus panels.pipelineStatus @ http://localhost:3001/node_modules/.vite/deps/i18next.js?v=d584b076:207
[  118949ms] [LOG] i18next::translator: missingKey en-US translation panels.sanctionsPressure panels.sanctionsPressure @ http://localhost:3001/node_modules/.vite/deps/i18next.js?v=d584b076:207
[  118949ms] [LOG] i18next::translator: missingKey en-US translation panels.worldClock panels.worldClock @ http://localhost:3001/node_modules/.vite/deps/i18next.js?v=d584b076:207
[  118949ms] [LOG] i18next::translator: missingKey en-US translation panels.latestBrief panels.latestBrief @ http://localhost:3001/node_modules/.vite/deps/i18next.js?v=d584b076:207
[  118949ms] [LOG] i18next::translator: missingKey en-US translation panels.energyRiskOverview panels.energyRiskOverview @ http://localhost:3001/node_modules/.vite/deps/i18next.js?v=d584b076:207
[  118949ms] [LOG] i18next::translator: missingKey en-US translation panels.chokepointStrip panels.chokepointStrip @ http://localhost:3001/node_modules/.vite/deps/i18next.js?v=d584b076:207
[  118949ms] [LOG] i18next::translator: missingKey en-US translation panels.storageFacilityMap panels.storageFacilityMap @ http://localhost:3001/node_modules/.vite/deps/i18next.js?v=d584b076:207
[  118949ms] [LOG] i18next::translator: missingKey en-US translation panels.fuelShortages panels.fuelShortages @ http://localhost:3001/node_modules/.vite/deps/i18next.js?v=d584b076:207
[  118949ms] [LOG] i18next::translator: missingKey en-US translation panels.energyDisruptions panels.energyDisruptions @ http://localhost:3001/node_modules/.vite/deps/i18next.js?v=d584b076:207
[  118949ms] [LOG] i18next::translator: missingKey en-US translation panels.hormuzTracker panels.hormuzTracker @ http://localhost:3001/node_modules/.vite/deps/i18next.js?v=d584b076:207
[  118949ms] [LOG] i18next::translator: missingKey en-US translation panels.aiRegulation panels.aiRegulation @ http://localhost:3001/node_modules/.vite/deps/i18next.js?v=d584b076:207
[  118950ms] [LOG] i18next::translator: missingKey en-US translation panels.stockAnalysis panels.stockAnalysis @ http://localhost:3001/node_modules/.vite/deps/i18next.js?v=d584b076:207
[  118950ms] [LOG] i18next::translator: missingKey en-US translation panels.stockBacktest panels.stockBacktest @ http://localhost:3001/node_modules/.vite/deps/i18next.js?v=d584b076:207
[  118950ms] [LOG] i18next::translator: missingKey en-US translation panels.dailyMarketBrief panels.dailyMarketBrief @ http://localhost:3001/node_modules/.vite/deps/i18next.js?v=d584b076:207
[  118950ms] [LOG] i18next::translator: missingKey en-US translation panels.marketsNews panels.marketsNews @ http://localhost:3001/node_modules/.vite/deps/i18next.js?v=d584b076:207
[  118950ms] [LOG] i18next::translator: missingKey en-US translation panels.forex panels.forex @ http://localhost:3001/node_modules/.vite/deps/i18next.js?v=d584b076:207
[  118950ms] [LOG] i18next::translator: missingKey en-US translation panels.bonds panels.bonds @ http://localhost:3001/node_modules/.vite/deps/i18next.js?v=d584b076:207
[  118950ms] [LOG] i18next::translator: missingKey en-US translation panels.commoditiesNews panels.commoditiesNews @ http://localhost:3001/node_modules/.vite/deps/i18next.js?v=d584b076:207
[  118950ms] [LOG] i18next::translator: missingKey en-US translation panels.cryptoNews panels.cryptoNews @ http://localhost:3001/node_modules/.vite/deps/i18next.js?v=d584b076:207
[  118950ms] [LOG] i18next::translator: missingKey en-US translation panels.cryptoHeatmap panels.cryptoHeatmap @ http://localhost:3001/node_modules/.vite/deps/i18next.js?v=d584b076:207
[  118950ms] [LOG] i18next::translator: missingKey en-US translation panels.defiTokens panels.defiTokens @ http://localhost:3001/node_modules/.vite/deps/i18next.js?v=d584b076:207
[  118950ms] [LOG] i18next::translator: missingKey en-US translation panels.aiTokens panels.aiTokens @ http://localhost:3001/node_modules/.vite/deps/i18next.js?v=d584b076:207
[  118950ms] [LOG] i18next::translator: missingKey en-US translation panels.otherTokens panels.otherTokens @ http://localhost:3001/node_modules/.vite/deps/i18next.js?v=d584b076:207
[  118950ms] [LOG] i18next::translator: missingKey en-US translation panels.centralbanks panels.centralbanks @ http://localhost:3001/node_modules/.vite/deps/i18next.js?v=d584b076:207
[  118950ms] [LOG] i18next::translator: missingKey en-US translation panels.economicNews panels.economicNews @ http://localhost:3001/node_modules/.vite/deps/i18next.js?v=d584b076:207
[  118950ms] [LOG] i18next::translator: missingKey en-US translation panels.macroTiles panels.macroTiles @ http://localhost:3001/node_modules/.vite/deps/i18next.js?v=d584b076:207
[  118950ms] [LOG] i18next::translator: missingKey en-US translation panels.aaiiSentiment panels.aaiiSentiment @ http://localhost:3001/node_modules/.vite/deps/i18next.js?v=d584b076:207
[  118951ms] [LOG] i18next::translator: missingKey en-US translation panels.fsi panels.fsi @ http://localhost:3001/node_modules/.vite/deps/i18next.js?v=d584b076:207
[  118951ms] [LOG] i18next::translator: missingKey en-US translation panels.yieldCurve panels.yieldCurve @ http://localhost:3001/node_modules/.vite/deps/i18next.js?v=d584b076:207
[  118951ms] [LOG] i18next::translator: missingKey en-US translation panels.earningsCalendar panels.earningsCalendar @ http://localhost:3001/node_modules/.vite/deps/i18next.js?v=d584b076:207
[  118951ms] [LOG] i18next::translator: missingKey en-US translation panels.economicCalendar panels.economicCalendar @ http://localhost:3001/node_modules/.vite/deps/i18next.js?v=d584b076:207
[  118951ms] [LOG] i18next::translator: missingKey en-US translation panels.cotPositioning panels.cotPositioning @ http://localhost:3001/node_modules/.vite/deps/i18next.js?v=d584b076:207
[  118951ms] [LOG] i18next::translator: missingKey en-US translation panels.derivatives panels.derivatives @ http://localhost:3001/node_modules/.vite/deps/i18next.js?v=d584b076:207
[  118951ms] [LOG] i18next::translator: missingKey en-US translation panels.fintech panels.fintech @ http://localhost:3001/node_modules/.vite/deps/i18next.js?v=d584b076:207
[  118951ms] [LOG] i18next::translator: missingKey en-US translation panels.institutional panels.institutional @ http://localhost:3001/node_modules/.vite/deps/i18next.js?v=d584b076:207
[  118951ms] [LOG] i18next::translator: missingKey en-US translation panels.analysis panels.analysis @ http://localhost:3001/node_modules/.vite/deps/i18next.js?v=d584b076:207
[  118951ms] [LOG] i18next::translator: missingKey en-US translation panels.gccNews panels.gccNews @ http://localhost:3001/node_modules/.vite/deps/i18next.js?v=d584b076:207
[  118951ms] [LOG] i18next::translator: missingKey en-US translation panels.forecast panels.forecast @ http://localhost:3001/node_modules/.vite/deps/i18next.js?v=d584b076:207
[  118951ms] [LOG] i18next::translator: missingKey en-US translation panels.militaryCorrelation panels.militaryCorrelation @ http://localhost:3001/node_modules/.vite/deps/i18next.js?v=d584b076:207
[  118951ms] [LOG] i18next::translator: missingKey en-US translation panels.escalationCorrelation panels.escalationCorrelation @ http://localhost:3001/node_modules/.vite/deps/i18next.js?v=d584b076:207
[  118951ms] [LOG] i18next::translator: missingKey en-US translation panels.economicCorrelation panels.economicCorrelation @ http://localhost:3001/node_modules/.vite/deps/i18next.js?v=d584b076:207
[  118951ms] [LOG] i18next::translator: missingKey en-US translation panels.disasterCorrelation panels.disasterCorrelation @ http://localhost:3001/node_modules/.vite/deps/i18next.js?v=d584b076:207
[  118952ms] [LOG] i18next::translator: missingKey en-US translation panels.chatAnalyst panels.chatAnalyst @ http://localhost:3001/node_modules/.vite/deps/i18next.js?v=d584b076:207
[  118952ms] [LOG] i18next::translator: missingKey en-US translation panels.diseaseOutbreaks panels.diseaseOutbreaks @ http://localhost:3001/node_modules/.vite/deps/i18next.js?v=d584b076:207
[  118952ms] [LOG] i18next::translator: missingKey en-US translation panels.socialVelocity panels.socialVelocity @ http://localhost:3001/node_modules/.vite/deps/i18next.js?v=d584b076:207
[  118952ms] [LOG] i18next::translator: missingKey en-US translation panels.defensePatents panels.defensePatents @ http://localhost:3001/node_modules/.vite/deps/i18next.js?v=d584b076:207
[  118952ms] [LOG] i18next::translator: missingKey en-US translation panels.radiationWatch panels.radiationWatch @ http://localhost:3001/node_modules/.vite/deps/i18next.js?v=d584b076:207
[  118952ms] [LOG] i18next::translator: missingKey en-US translation panels.thermalEscalation panels.thermalEscalation @ http://localhost:3001/node_modules/.vite/deps/i18next.js?v=d584b076:207
[  118952ms] [LOG] i18next::translator: missingKey en-US translation panels.nationalDebt panels.nationalDebt @ http://localhost:3001/node_modules/.vite/deps/i18next.js?v=d584b076:207
[  118952ms] [LOG] i18next::translator: missingKey en-US translation panels.crossSourceSignals panels.crossSourceSignals @ http://localhost:3001/node_modules/.vite/deps/i18next.js?v=d584b076:207
[  118952ms] [LOG] i18next::translator: missingKey en-US translation panels.regionalIntelligence panels.regionalIntelligence @ http://localhost:3001/node_modules/.vite/deps/i18next.js?v=d584b076:207
[  118993ms] [LOG] i18next::translator: missingKey en-US translation webcams.expand webcams.expand @ http://localhost:3001/node_modules/.vite/deps/i18next.js?v=d584b076:207
[  118994ms] [LOG] i18next::translator: missingKey en-US translation common.remove common.remove @ http://localhost:3001/node_modules/.vite/deps/i18next.js?v=d584b076:207
[  118994ms] [LOG] i18next::translator: missingKey en-US translation webcams.expand webcams.expand @ http://localhost:3001/node_modules/.vite/deps/i18next.js?v=d584b076:207
[  118994ms] [LOG] i18next::translator: missingKey en-US translation common.remove common.remove @ http://localhost:3001/node_modules/.vite/deps/i18next.js?v=d584b076:207
[  118994ms] [LOG] i18next::translator: missingKey en-US translation webcams.expand webcams.expand @ http://localhost:3001/node_modules/.vite/deps/i18next.js?v=d584b076:207
[  118994ms] [LOG] i18next::translator: missingKey en-US translation common.remove common.remove @ http://localhost:3001/node_modules/.vite/deps/i18next.js?v=d584b076:207
[  118994ms] [LOG] i18next::translator: missingKey en-US translation webcams.expand webcams.expand @ http://localhost:3001/node_modules/.vite/deps/i18next.js?v=d584b076:207
[  118994ms] [LOG] i18next::translator: missingKey en-US translation common.remove common.remove @ http://localhost:3001/node_modules/.vite/deps/i18next.js?v=d584b076:207
[  119092ms] [WARNING] [clerk] getClerkToken: no session (clerkInstance=false, user=false) @ http://localhost:3001/src/services/clerk.ts:127
[  119097ms] [ERROR] Failed to load resource: the server responded with a status of 404 (Not Found) @ http://localhost:3001/api/health/v1/list-disease-outbreaks:0
[  119097ms] [ERROR] Failed to load resource: the server responded with a status of 503 (Service Unavailable) @ http://localhost:3001/api/gpsjam:0
[  119101ms] [ERROR] [App] Telegram intel fetch failed: SyntaxError: Unexpected token 'i', "import { g"... is not valid JSON @ http://localhost:3001/src/app/data-loader.ts:2939
[  119118ms] [ERROR] Failed to load resource: the server responded with a status of 404 (Not Found) @ http://localhost:3001/api/radiation/v1/list-radiation-observations?max_items=18:0
[  119118ms] [ERROR] [Polymarket] Failed: Error: No markets returned — upstream may be down @ http://localhost:3001/src/utils/circuit-breaker.ts:298
[  119151ms] [WARNING] Image "circle-11" could not be loaded. Please make sure you have added the image with map.addImage() or a "sprite" property in your style. You can provide missing images by listening for the "styleimagemissing" map event. @ http://localhost:3001/node_modules/.vite/deps/maplibre-gl.js?v=d584b076:312
[  119159ms] [ERROR] [NWS Weather] Failed: SyntaxError: Unexpected token 'i', "import { g"... is not valid JSON @ http://localhost:3001/src/utils/circuit-breaker.ts:298
[  119161ms] [ERROR] Failed to load resource: the server responded with a status of 404 (Not Found) @ http://localhost:3001/api/thermal/v1/list-thermal-escalations?max_items=12:0
[  119162ms] [ERROR] Failed to load resource: the server responded with a status of 404 (Not Found) @ http://localhost:3001/api/sanctions/v1/list-sanctions-pressure?max_items=30:0
[  119162ms] [ERROR] Failed to load resource: the server responded with a status of 404 (Not Found) @ http://localhost:3001/api/forecast/v1/get-simulation-outcome:0
[  119162ms] [ERROR] Failed to load resource: the server responded with a status of 404 (Not Found) @ http://localhost:3001/api/forecast/v1/get-forecasts:0
[  119163ms] [ERROR] [Military Flight Tracking] Failed: Error: No flights returned — upstream may be down @ http://localhost:3001/src/utils/circuit-breaker.ts:298
[  119171ms] [ERROR] [Radiation Watch] Failed: ApiError: Request failed with status 404 @ http://localhost:3001/src/utils/circuit-breaker.ts:298
[  119173ms] [ERROR] [App] Telegram intel fetch failed: SyntaxError: Unexpected token 'i', "import { g"... is not valid JSON @ http://localhost:3001/src/app/data-loader.ts:2939
[  119181ms] [ERROR] [Thermal Escalation] Failed: ApiError: Request failed with status 404 @ http://localhost:3001/src/utils/circuit-breaker.ts:298
[  119182ms] [ERROR] [Sanctions Pressure] Failed: ApiError: Request failed with status 404 @ http://localhost:3001/src/utils/circuit-breaker.ts:298
[  119182ms] [LOG] [Intelligence] All signals loaded for CII calculation @ http://localhost:3001/src/app/data-loader.ts:1966
[  119200ms] [LOG] i18next::translator: missingKey en-US translation common.remove common.remove @ http://localhost:3001/node_modules/.vite/deps/i18next.js?v=d584b076:207
[  119843ms] [LOG] i18next::translator: missingKey en-US translation common.remove common.remove @ http://localhost:3001/node_modules/.vite/deps/i18next.js?v=d584b076:207
[  120328ms] [LOG] i18next::translator: missingKey en-US translation common.remove common.remove @ http://localhost:3001/node_modules/.vite/deps/i18next.js?v=d584b076:207
[  124257ms] [LOG] i18next::translator: missingKey en-US translation common.remove common.remove @ http://localhost:3001/node_modules/.vite/deps/i18next.js?v=d584b076:207
[  127051ms] [WARNING] [News] Digest fetch failed, using fallback: TimeoutError: signal timed out @ http://localhost:3001/src/app/data-loader.ts:304
[  127057ms] [WARNING] [News] Digest missing for "markets", limited per-feed fallback disabled @ http://localhost:3001/src/app/data-loader.ts:848
[  127057ms] [WARNING] [News] Digest missing for "disasters", limited per-feed fallback disabled @ http://localhost:3001/src/app/data-loader.ts:848
[  128870ms] [LOG] [Search] Indexing 0 news items (allNews total: 0) @ http://localhost:3001/src/app/search-manager.ts:690
[  218005ms] [LOG] i18next::translator: missingKey en-US translation common.remove common.remove @ http://localhost:3001/node_modules/.vite/deps/i18next.js?v=d584b076:207
[  218005ms] [LOG] i18next::translator: missingKey en-US translation common.remove common.remove @ http://localhost:3001/node_modules/.vite/deps/i18next.js?v=d584b076:207
[  218005ms] [LOG] i18next::translator: missingKey en-US translation common.remove common.remove @ http://localhost:3001/node_modules/.vite/deps/i18next.js?v=d584b076:207
[  218006ms] [LOG] i18next::translator: missingKey en-US translation common.remove common.remove @ http://localhost:3001/node_modules/.vite/deps/i18next.js?v=d584b076:207
[  219048ms] [LOG] i18next::translator: missingKey en-US translation common.remove common.remove @ http://localhost:3001/node_modules/.vite/deps/i18next.js?v=d584b076:207
[  220660ms] [LOG] i18next::translator: missingKey en-US translation webcams.expand webcams.expand @ http://localhost:3001/node_modules/.vite/deps/i18next.js?v=d584b076:207
[  220660ms] [LOG] i18next::translator: missingKey en-US translation common.remove common.remove @ http://localhost:3001/node_modules/.vite/deps/i18next.js?v=d584b076:207
[  220660ms] [LOG] i18next::translator: missingKey en-US translation webcams.expand webcams.expand @ http://localhost:3001/node_modules/.vite/deps/i18next.js?v=d584b076:207
[  220661ms] [LOG] i18next::translator: missingKey en-US translation common.remove common.remove @ http://localhost:3001/node_modules/.vite/deps/i18next.js?v=d584b076:207
[  220661ms] [LOG] i18next::translator: missingKey en-US translation webcams.expand webcams.expand @ http://localhost:3001/node_modules/.vite/deps/i18next.js?v=d584b076:207
[  220661ms] [LOG] i18next::translator: missingKey en-US translation common.remove common.remove @ http://localhost:3001/node_modules/.vite/deps/i18next.js?v=d584b076:207
[  220661ms] [LOG] i18next::translator: missingKey en-US translation webcams.expand webcams.expand @ http://localhost:3001/node_modules/.vite/deps/i18next.js?v=d584b076:207
[  220661ms] [LOG] i18next::translator: missingKey en-US translation common.remove common.remove @ http://localhost:3001/node_modules/.vite/deps/i18next.js?v=d584b076:207
[  220669ms] [LOG] i18next::translator: missingKey en-US translation common.remove common.remove @ http://localhost:3001/node_modules/.vite/deps/i18next.js?v=d584b076:207
[  220718ms] [LOG] i18next::translator: missingKey en-US translation common.remove common.remove @ http://localhost:3001/node_modules/.vite/deps/i18next.js?v=d584b076:207
[  222286ms] [LOG] i18next::translator: missingKey en-US translation common.remove common.remove @ http://localhost:3001/node_modules/.vite/deps/i18next.js?v=d584b076:207
[  222363ms] [LOG] i18next::translator: missingKey en-US translation common.remove common.remove @ http://localhost:3001/node_modules/.vite/deps/i18next.js?v=d584b076:207
[  222364ms] [LOG] i18next::translator: missingKey en-US translation common.remove common.remove @ http://localhost:3001/node_modules/.vite/deps/i18next.js?v=d584b076:207
[  253589ms] [LOG] SITE_VARIANT: indonesia @ :0
[  262719ms] [LOG] HTML variant: indonesia @ :0
[  285036ms] [LOG] CCTV cameras: [{"name":"Bendungan Hilir #1","url":"https://cctv.balitower.co.id/Bendungan-Hilir-003-700014_1/embed.html","type":"generic","location":"Jakarta","enabled":true,"id":"cctv-indonesia-1777561784563-zt0t9t4","createdAt":1777561784563},{"name":"Bendungan Hilir #2","url":"https://cctv.balitower.co.id/Bendungan-Hilir-003-700014_2/embed.html","type":"generic","location":"Jakarta","enabled":true,"id":"cctv-indonesia-1777561784563-biv61eo","createdAt":1777561784563},{"name":"Bendungan Hilir #3","url":"https://cctv.balitower.co.id/Bendungan-Hilir-003-700014_3/embed.html","type":"generic","location":"Jakarta","enabled":true,"id":"cctv-indonesia-1777561784563-v1396vt","createdAt":1777561784563},{"name":"Bendungan Hilir #4","url":"https://cctv.balitower.co.id/Bendungan-Hilir-003-700014_4/embed.html","type":"generic","location":"Jakarta","enabled":true,"id":"cctv-indonesia-1777561784563-arbn04m","createdAt":1777561784563},{"name":"GBK Stadion #2","url":"https://cctv.balitower.co.id/Gelora-017-700470_2/embed.html","type":"generic","location":"Jakarta","enabled":true,"id":"cctv-indonesia-1777561784563-3ddnkf3","createdAt":1777561784563},{"name":"GBK Stadion #3","url":"https://cctv.balitower.co.id/Gelora-017-700470_3/embed.html","type":"generic","location":"Jakarta","enabled":true,"id":"cctv-indonesia-1777561784563-7gzo9s5","createdAt":1777561784563},{"name":"GBK Stadion #4","url":"https://cctv.balitower.co.id/Gelora-017-700470_4/embed.html","type":"generic","location":"Jakarta","enabled":true,"id":"cctv-indonesia-1777561784563-jylwg5a","createdAt":1777561784563},{"name":"GBK Stadion #5","url":"https://cctv.balitower.co.id/Gelora-017-700470_5/embed.html","type":"generic","location":"Jakarta","enabled":true,"id":"cctv-indonesia-1777561784563-zuydpe0","createdAt":1777561784563},{"name":"GBK Stadion #6","url":"https://cctv.balitower.co.id/Gelora-017-700470_6/embed.html","type":"generic","location":"Jakarta","enabled":true,"id":"cctv-indonesia-1777561784563-07fkryo","createdAt":1777561784563},{"name":"GBK Stadion #7","url":"https://cctv.balitower.co.id/Gelora-017-700470_7/embed.html","type":"generic","location":"Jakarta","enabled":true,"id":"cctv-indonesia-1777561784563-313n29o","createdAt":1777561784563},{"name":"GBK Stadion #8","url":"https://cctv.balitower.co.id/Gelora-017-700470_8/embed.html","type":"generic","location":"Jakarta","enabled":true,"id":"cctv-indonesia-1777561784563-s27eyiv","createdAt":1777561784563},{"name":"GBK Stadion #9","url":"https://cctv.balitower.co.id/Gelora-017-700470_9/embed.html","type":"generic","location":"Jakarta","enabled":true,"id":"cctv-indonesia-1777561784563-3098ipa","createdAt":1777561784563},{"name":"GBK Stadion #10","url":"https://cctv.balitower.co.id/Gelora-017-700470_10/embed.html","type":"generic","location":"Jakarta","enabled":true,"id":"cctv-indonesia-1777561784563-dvmettk","createdAt":1777561784563},{"name":"GBK Jl. Asia Afrika #2","url":"https://cctv.balitower.co.id/GBKC1002/embed.html","type":"generic","location":"Jakarta","enabled":true,"id":"cctv-indonesia-1777561784563-cky0hpo","createdAt":1777561784563},{"name":"GBK Jl. Asia Afrika #3","url":"https://cctv.balitower.co.id/GBKC1003/embed.html","type":"generic","location":"Jakarta","enabled":true,"id":"cctv-indonesia-1777561784563-y92nteu","createdAt":1777561784563},{"name":"GBK Jl. Asia Afrika #4","url":"https://cctv.balitower.co.id/GBKC1004/embed.html","type":"generic","location":"Jakarta","enabled":true,"id":"cctv-indonesia-1777561784563-u7t10v9","createdAt":1777561784563},{"name":"GBK Jl. Asia Afrika #5","url":"https://cctv.balitower.co.id/GBKC1005/embed.html","type":"generic","location":"Jakarta","enabled":true,"id":"cctv-indonesia-1777561784563-t1y5q5k","createdAt":1777561784563},{"name":"Tanjung Duren #2","url":"https://cctv.balitower.co.id/Tanjung-Duren-Utara-005-702471_2/embed.html","type":"generic","location":"Jakarta","enabled":true,"id":"cctv-indonesia-1777561784563-swaodvy","createdAt":1777561784563},{"name":"Tanjung Duren #3","url":"https://cctv.balitower.co.id/Tanjung-Duren-Utara-005-702471_3/embed.html","type":"generic","location":"Jakarta","enabled":true,"id":"cctv-indonesia-1777561784563-sg7b1wu","createdAt":1777561784563},{"name":"Tanjung Duren #4","url":"https://cctv.balitower.co.id/Tanjung-Duren-Utara-005-702471_4/embed.html","type":"generic","location":"Jakarta","enabled":true,"id":"cctv-indonesia-1777561784563-2gu3iyf","createdAt":1777561784563},{"name":"Tomang #2","url":"https://cctv.balitower.co.id/Tomang-004-702108_2/embed.html","type":"generic","location":"Jakarta","enabled":true,"id":"cctv-indonesia-1777561784563-jwshee7","createdAt":1777561784563},{"name":"Tomang #3","url":"https://cctv.balitower.co.id/Tomang-004-702108_3/embed.html","type":"generic","location":"Jakarta","enabled":true,"id":"cctv-indonesia-1777561784563-ze8k38c","createdAt":1777561784563},{"name":"Jati Pulo #2","url":"https://cctv.balitower.co.id/Jati-Pulo-001-702017_2/embed.html","type":"generic","location":"Jakarta","enabled":true,"id":"cctv-indonesia-1777561784563-uhwmr2b","createdAt":1777561784563},{"name":"Jati Pulo #3","url":"https://cctv.balitower.co.id/Jati-Pulo-001-702017_3/embed.html","type":"generic","location":"Jakarta","enabled":true,"id":"cctv-indonesia-1777561784563-eigmsjk","createdAt":1777561784563},{"name":"Jati Pulo #4","url":"https://cctv.balitower.co.id/Jati-Pulo-001-702017_4/embed.html","type":"generic","location":"Jakarta","enabled":true,"id":"cctv-indonesia-1777561784563-j1rvtk5","createdAt":1777561784563},{"name":"Kemanggisan #2","url":"https://cctv.balitower.co.id/Kemanggisan-038-792405_2/embed.html","type":"generic","location":"Jakarta","enabled":true,"id":"cctv-indonesia-1777561784563-rueiq3v","createdAt":1777561784563},{"name":"Kemanggisan #3","url":"https://cctv.balitower.co.id/Kemanggisan-038-792405_3/embed.html","type":"generic","location":"Jakarta","enabled":true,"id":"cctv-indonesia-1777561784563-7dtr2ru","createdAt":1777561784563},{"name":"Menteng Tenggulun #1","url":"https://cctv.balitower.co.id/Menteng-Tenggulun-P01-507302_1/embed.html","type":"generic","location":"Jakarta","enabled":true,"id":"cctv-indonesia-1777561784563-47py7mh","createdAt":1777561784563},{"name":"Menteng Tenggulun #2","url":"https://cctv.balitower.co.id/Menteng-Tenggulun-P01-507302_2/embed.html","type":"generic","location":"Jakarta","enabled":true,"id":"cctv-indonesia-1777561784563-wmkaagw","createdAt":1777561784563},{"name":"Menteng Tenggulun #3","url":"https://cctv.balitower.co.id/Menteng-Tenggulun-P01-507302_3/embed.html","type":"generic","location":"Jakarta","enabled":true,"id":"cctv-indonesia-1777561784563-e30tzwd","createdAt":1777561784563},{"name":"Pasar Manggis","url":"https://cctv.balitower.co.id/Pasar-Manggis-014-795129_4/embed.html","type":"generic","location":"Jakarta","enabled":true,"id":"cctv-indonesia-1777561784563-ozs0yxu","createdAt":1777561784563},{"name":"Senayan #1","url":"https://cctv.balitower.co.id/Senayan-004-705087_1/embed.html","type":"generic","location":"Jakarta","enabled":true,"id":"cctv-indonesia-1777561784563-2k4z3o6","createdAt":1777561784563},{"name":"Senayan #2","url":"https://cctv.balitower.co.id/Senayan-004-705087_2/embed.html","type":"generic","location":"Jakarta","enabled":true,"id":"cctv-indonesia-1777561784563-tod1cet","createdAt":1777561784563},{"name":"Senayan #3","url":"https://cctv.balitower.co.id/Senayan-004-705087_3/embed.html","type":"generic","location":"Jakarta","enabled":true,"id":"cctv-indonesia-1777561784563-50dhxpw","createdAt":1777561784563},{"name":"Senayan #4","url":"https://cctv.balitower.co.id/Senayan-004-705087_4/embed.html","type":"generic","location":"Jakarta","enabled":true,"id":"cctv-indonesia-1777561784563-lfcdzmg","createdAt":1777561784563},{"name":"Kuningan Barat #3","url":"https://cctv.balitower.co.id/Kuningan-Barat-003-705052_3/embed.html","type":"generic","location":"Jakarta","enabled":true,"id":"cctv-indonesia-1777561784563-fvaiotp","createdAt":1777561784563},{"name":"Kuningan Barat #4","url":"https://cctv.balitower.co.id/Kuningan-Barat-003-705052_4/embed.html","type":"generic","location":"Jakarta","enabled":true,"id":"cctv-indonesia-1777561784563-jfqhig5","createdAt":1777561784563},{"name":"Cikoko #2","url":"https://cctv.balitower.co.id/Cikoko-006-705651_2/embed.html","type":"generic","location":"Jakarta","enabled":true,"id":"cctv-indonesia-1777561784563-laqj29d","createdAt":1777561784563},{"name":"Cikoko #3","url":"https://cctv.balitower.co.id/Cikoko-006-705651_3/embed.html","type":"generic","location":"Jakarta","enabled":true,"id":"cctv-indonesia-1777561784563-7b3uz1o","createdAt":1777561784563},{"name":"Cikoko #4","url":"https://cctv.balitower.co.id/Cikoko-006-705651_4/embed.html","type":"generic","location":"Jakarta","enabled":true,"id":"cctv-indonesia-1777561784563-ff2jmgq","createdAt":1777561784563},{"name":"Cengkareng Barat #2","url":"https://cctv.balitower.co.id/Cengkareng-Barat-013-702131_2/embed.html","type":"generic","location":"Jakarta","enabled":true,"id":"cctv-indonesia-1777561784563-3zrhb1f","createdAt":1777561784563},{"name":"Manggarai Pintu Air #1","url":"https://cctv.balitower.co.id/Manggarai-Pintu-Air_1/embed.html?proto=hls","type":"hls","location":"Jakarta","enabled":true,"id":"cctv-indonesia-1777561784563-tx6e5tn","createdAt":1777561784563},{"name":"Manggarai Pintu Air #2","url":"https://cctv.balitower.co.id/Manggarai-Pintu-Air_2/embed.html?proto=hls","type":"hls","location":"Jakarta","enabled":true,"id":"cctv-indonesia-1777561784563-4kyv2a2","createdAt":1777561784563},{"name":"Manggarai Pintu Air #3","url":"https://cctv.balitower.co.id/Manggarai-Pintu-Air_3/embed.html?proto=hls","type":"hls","location":"Jakarta","enabled":true,"id":"cctv-indonesia-1777561784563-sxpv0bv","createdAt":1777561784563}] @ :1
[  285037ms] [LOG] News panels keys: [] @ :4
[  285037ms] [LOG] Panel settings keys: [] @ :7
[  285037ms] [LOG] Last digest: undefined @ :10
[  368699ms] [ERROR] Loading the script 'https://abacus.kopassus.monitor/script.js' violates the following Content Security Policy directive: "script-src 'self' 'sha256-LnMFPWZxTgVOr2VYwIh9mhQ3l/l3+a3SfNOLERnuHfY=' 'sha256-4Z2xtr1B9QQugoojE/nbpOViG+8l2B7CZVlKgC78AeQ=' 'sha256-903UI9my1I7mqHoiVeZSc56yd50YoRJTB2269QqL76w=' 'sha256-EytE6o1N8rwzpVFMrF+WvBZr2y5UhFLw79o1/4VqS0s=' 'wasm-unsafe-eval' https://www.youtube.com https://static.cloudflareinsights.com https://vercel.live https://challenges.cloudflare.com https://abacus.worldmonitor.app https://*.clerk.accounts.dev https://*.dodopayments.com https://js.stripe.com". Note that 'script-src-elem' was not explicitly set, so 'script-src' is used as a fallback. The action has been blocked. @ http://localhost:3001/?lat=-1.9341&lon=118.0000&zoom=4.00&view=indonesia&timeRange=7d&layers=conflicts%2Cbases%2Chotspots%2Cnuclear%2Csanctions%2Cweather%2Ceconomic%2Cwaterways%2Coutages%2Cmilitary%2Cnatural:0
[  368700ms] [ERROR] Executing inline script violates the following Content Security Policy directive 'script-src 'self' 'sha256-LnMFPWZxTgVOr2VYwIh9mhQ3l/l3+a3SfNOLERnuHfY=' 'sha256-4Z2xtr1B9QQugoojE/nbpOViG+8l2B7CZVlKgC78AeQ=' 'sha256-903UI9my1I7mqHoiVeZSc56yd50YoRJTB2269QqL76w=' 'sha256-EytE6o1N8rwzpVFMrF+WvBZr2y5UhFLw79o1/4VqS0s=' 'wasm-unsafe-eval' https://www.youtube.com https://static.cloudflareinsights.com https://vercel.live https://challenges.cloudflare.com https://abacus.worldmonitor.app https://*.clerk.accounts.dev https://*.dodopayments.com https://js.stripe.com'. Either the 'unsafe-inline' keyword, a hash ('sha256-BNN4UEEko1REertbvdEqNgt0fL5ykItf9IoM3JmlUwY='), or a nonce ('nonce-...') is required to enable inline execution. The action has been blocked. @ http://localhost:3001/?lat=-1.9341&lon=118.0000&zoom=4.00&view=indonesia&timeRange=7d&layers=conflicts%2Cbases%2Chotspots%2Cnuclear%2Csanctions%2Cweather%2Ceconomic%2Cwaterways%2Coutages%2Cmilitary%2Cnatural:121
[  369686ms] [ERROR] [feeds] DEFAULT_ENABLED name "Breaking Defense" not found in FULL_FEEDS! @ http://localhost:3001/src/config/feeds.ts:1171
[  369686ms] [LOG] [feeds] 107 unique default-enabled sources / 204 total @ http://localhost:3001/src/config/feeds.ts:1173
[  369857ms] [WARNING] THREE.THREE.Clock: This module has been deprecated. Please use THREE.Timer instead. @ http://localhost:3001/node_modules/.vite/deps/chunk-JENIRZW7.js?v=d584b076:296
[  369862ms] [ERROR] Loading the script 'https://va.vercel-scripts.com/v1/script.debug.js' violates the following Content Security Policy directive: "script-src 'self' 'sha256-LnMFPWZxTgVOr2VYwIh9mhQ3l/l3+a3SfNOLERnuHfY=' 'sha256-4Z2xtr1B9QQugoojE/nbpOViG+8l2B7CZVlKgC78AeQ=' 'sha256-903UI9my1I7mqHoiVeZSc56yd50YoRJTB2269QqL76w=' 'sha256-EytE6o1N8rwzpVFMrF+WvBZr2y5UhFLw79o1/4VqS0s=' 'wasm-unsafe-eval' https://www.youtube.com https://static.cloudflareinsights.com https://vercel.live https://challenges.cloudflare.com https://abacus.worldmonitor.app https://*.clerk.accounts.dev https://*.dodopayments.com https://js.stripe.com". Note that 'script-src-elem' was not explicitly set, so 'script-src' is used as a fallback. The action has been blocked. @ http://localhost:3001/node_modules/.vite/deps/@vercel_analytics.js?v=d584b076:185
[  369863ms] [LOG] [App] Variant check: stored="null", current="indonesia" @ http://localhost:3001/src/App.ts?t=1777562034191:393
[  369863ms] [LOG] [App] Variant changed - seeding new defaults, disabling cross-variant panels @ http://localhost:3001/src/App.ts?t=1777562034191:395
[  369865ms] [LOG] [entitlements] No VITE_CONVEX_URL — skipping Convex subscription @ http://localhost:3001/src/services/entitlements.ts:11
[  369865ms] [WARNING] [billing] No VITE_CONVEX_URL -- skipping subscription watch @ http://localhost:3001/src/services/billing.ts:19
[  369893ms] [LOG] [Vercel Web Analytics] Failed to load script from https://va.vercel-scripts.com/v1/script.debug.js. Please check if any ad blockers are enabled and try again. @ http://localhost:3001/node_modules/.vite/deps/@vercel_analytics.js?v=d584b076:181
[  369987ms] [INFO] 🌐 i18next is made possible by our own product, Locize — consider powering your project with managed localization (AI, CDN, integrations): https://locize.com 💙 @ http://localhost:3001/node_modules/.vite/deps/i18next.js?v=d584b076:1803
[  369989ms] [LOG] i18next: languageChanged en-US @ http://localhost:3001/node_modules/.vite/deps/i18next.js?v=d584b076:207
[  369989ms] [LOG] i18next: initialized {debug: true, initAsync: true, ns: Array(1), defaultNS: Array(1), fallbackLng: Array(1)} @ http://localhost:3001/node_modules/.vite/deps/i18next.js?v=d584b076:207
[  370056ms] [WARNING] [clerk] VITE_CLERK_PUBLISHABLE_KEY not set, auth disabled @ http://localhost:3001/src/services/clerk.ts:62
[  370066ms] [LOG] [MapContainer] Initializing deck.gl map (desktop mode) @ http://localhost:3001/src/components/MapContainer.ts?t=1777562034191:110
[  370078ms] [ERROR] The script has an unsupported MIME type ('text/html'). @ :0
[  370081ms] [LOG] i18next::translator: missingKey en-US translation components.deckgl.layers.commodityPorts components.deckgl.layers.commodityPorts @ http://localhost:3001/node_modules/.vite/deps/i18next.js?v=d584b076:207
[  370081ms] [LOG] i18next::translator: missingKey en-US translation components.deckgl.layers.webcams components.deckgl.layers.webcams @ http://localhost:3001/node_modules/.vite/deps/i18next.js?v=d584b076:207
[  370081ms] [LOG] i18next::translator: missingKey en-US translation components.deckgl.layers.miningSites components.deckgl.layers.miningSites @ http://localhost:3001/node_modules/.vite/deps/i18next.js?v=d584b076:207
[  370081ms] [LOG] i18next::translator: missingKey en-US translation components.deckgl.layers.processingPlants components.deckgl.layers.processingPlants @ http://localhost:3001/node_modules/.vite/deps/i18next.js?v=d584b076:207
[  370081ms] [LOG] i18next::translator: missingKey en-US translation components.deckgl.layers.resilienceScore components.deckgl.layers.resilienceScore @ http://localhost:3001/node_modules/.vite/deps/i18next.js?v=d584b076:207
[  370082ms] [LOG] i18next::translator: missingKey en-US translation components.deckgl.layers.diseaseOutbreaks components.deckgl.layers.diseaseOutbreaks @ http://localhost:3001/node_modules/.vite/deps/i18next.js?v=d584b076:207
[  370082ms] [LOG] i18next::translator: missingKey en-US translation components.deckgl.layers.sanctions components.deckgl.layers.sanctions @ http://localhost:3001/node_modules/.vite/deps/i18next.js?v=d584b076:207
[  370086ms] [LOG] i18next::translator: missingKey en-US translation panels.cctvIpStream.infoTooltip panels.cctvIpStream.infoTooltip @ http://localhost:3001/node_modules/.vite/deps/i18next.js?v=d584b076:207
[  370108ms] [LOG] i18next::translator: missingKey en-US translation panels.disasters panels.disasters @ http://localhost:3001/node_modules/.vite/deps/i18next.js?v=d584b076:207
[  370108ms] [LOG] i18next::translator: missingKey en-US translation panels.positiveFeed panels.positiveFeed @ http://localhost:3001/node_modules/.vite/deps/i18next.js?v=d584b076:207
[  370108ms] [LOG] i18next::translator: missingKey en-US translation panels.progress panels.progress @ http://localhost:3001/node_modules/.vite/deps/i18next.js?v=d584b076:207
[  370109ms] [LOG] i18next::translator: missingKey en-US translation panels.counters panels.counters @ http://localhost:3001/node_modules/.vite/deps/i18next.js?v=d584b076:207
[  370109ms] [LOG] i18next::translator: missingKey en-US translation panels.spotlight panels.spotlight @ http://localhost:3001/node_modules/.vite/deps/i18next.js?v=d584b076:207
[  370109ms] [LOG] i18next::translator: missingKey en-US translation panels.breakthroughs panels.breakthroughs @ http://localhost:3001/node_modules/.vite/deps/i18next.js?v=d584b076:207
[  370109ms] [LOG] i18next::translator: missingKey en-US translation panels.digest panels.digest @ http://localhost:3001/node_modules/.vite/deps/i18next.js?v=d584b076:207
[  370109ms] [LOG] i18next::translator: missingKey en-US translation panels.species panels.species @ http://localhost:3001/node_modules/.vite/deps/i18next.js?v=d584b076:207
[  370109ms] [LOG] i18next::translator: missingKey en-US translation panels.renewable panels.renewable @ http://localhost:3001/node_modules/.vite/deps/i18next.js?v=d584b076:207
[  370109ms] [LOG] i18next::translator: missingKey en-US translation panels.commodityNews panels.commodityNews @ http://localhost:3001/node_modules/.vite/deps/i18next.js?v=d584b076:207
[  370109ms] [LOG] i18next::translator: missingKey en-US translation panels.liquidityShifts panels.liquidityShifts @ http://localhost:3001/node_modules/.vite/deps/i18next.js?v=d584b076:207
[  370109ms] [LOG] i18next::translator: missingKey en-US translation panels.positioning-247 panels.positioning-247 @ http://localhost:3001/node_modules/.vite/deps/i18next.js?v=d584b076:207
[  370109ms] [LOG] i18next::translator: missingKey en-US translation panels.goldSilver panels.goldSilver @ http://localhost:3001/node_modules/.vite/deps/i18next.js?v=d584b076:207
[  370109ms] [LOG] i18next::translator: missingKey en-US translation panels.miningNews panels.miningNews @ http://localhost:3001/node_modules/.vite/deps/i18next.js?v=d584b076:207
[  370109ms] [LOG] i18next::translator: missingKey en-US translation panels.criticalMinerals panels.criticalMinerals @ http://localhost:3001/node_modules/.vite/deps/i18next.js?v=d584b076:207
[  370109ms] [LOG] i18next::translator: missingKey en-US translation panels.baseMetals panels.baseMetals @ http://localhost:3001/node_modules/.vite/deps/i18next.js?v=d584b076:207
[  370109ms] [LOG] i18next::translator: missingKey en-US translation panels.miningCompanies panels.miningCompanies @ http://localhost:3001/node_modules/.vite/deps/i18next.js?v=d584b076:207
[  370110ms] [LOG] i18next::translator: missingKey en-US translation panels.commodityRegulation panels.commodityRegulation @ http://localhost:3001/node_modules/.vite/deps/i18next.js?v=d584b076:207
[  370110ms] [LOG] i18next::translator: missingKey en-US translation panels.pipelineStatus panels.pipelineStatus @ http://localhost:3001/node_modules/.vite/deps/i18next.js?v=d584b076:207
[  370110ms] [LOG] i18next::translator: missingKey en-US translation panels.sanctionsPressure panels.sanctionsPressure @ http://localhost:3001/node_modules/.vite/deps/i18next.js?v=d584b076:207
[  370110ms] [LOG] i18next::translator: missingKey en-US translation panels.worldClock panels.worldClock @ http://localhost:3001/node_modules/.vite/deps/i18next.js?v=d584b076:207
[  370110ms] [LOG] i18next::translator: missingKey en-US translation panels.latestBrief panels.latestBrief @ http://localhost:3001/node_modules/.vite/deps/i18next.js?v=d584b076:207
[  370110ms] [LOG] i18next::translator: missingKey en-US translation panels.energyRiskOverview panels.energyRiskOverview @ http://localhost:3001/node_modules/.vite/deps/i18next.js?v=d584b076:207
[  370110ms] [LOG] i18next::translator: missingKey en-US translation panels.chokepointStrip panels.chokepointStrip @ http://localhost:3001/node_modules/.vite/deps/i18next.js?v=d584b076:207
[  370110ms] [LOG] i18next::translator: missingKey en-US translation panels.storageFacilityMap panels.storageFacilityMap @ http://localhost:3001/node_modules/.vite/deps/i18next.js?v=d584b076:207
[  370110ms] [LOG] i18next::translator: missingKey en-US translation panels.fuelShortages panels.fuelShortages @ http://localhost:3001/node_modules/.vite/deps/i18next.js?v=d584b076:207
[  370110ms] [LOG] i18next::translator: missingKey en-US translation panels.energyDisruptions panels.energyDisruptions @ http://localhost:3001/node_modules/.vite/deps/i18next.js?v=d584b076:207
[  370111ms] [LOG] i18next::translator: missingKey en-US translation panels.hormuzTracker panels.hormuzTracker @ http://localhost:3001/node_modules/.vite/deps/i18next.js?v=d584b076:207
[  370111ms] [LOG] i18next::translator: missingKey en-US translation panels.aiRegulation panels.aiRegulation @ http://localhost:3001/node_modules/.vite/deps/i18next.js?v=d584b076:207
[  370111ms] [LOG] i18next::translator: missingKey en-US translation panels.stockAnalysis panels.stockAnalysis @ http://localhost:3001/node_modules/.vite/deps/i18next.js?v=d584b076:207
[  370111ms] [LOG] i18next::translator: missingKey en-US translation panels.stockBacktest panels.stockBacktest @ http://localhost:3001/node_modules/.vite/deps/i18next.js?v=d584b076:207
[  370111ms] [LOG] i18next::translator: missingKey en-US translation panels.dailyMarketBrief panels.dailyMarketBrief @ http://localhost:3001/node_modules/.vite/deps/i18next.js?v=d584b076:207
[  370111ms] [LOG] i18next::translator: missingKey en-US translation panels.marketsNews panels.marketsNews @ http://localhost:3001/node_modules/.vite/deps/i18next.js?v=d584b076:207
[  370111ms] [LOG] i18next::translator: missingKey en-US translation panels.forex panels.forex @ http://localhost:3001/node_modules/.vite/deps/i18next.js?v=d584b076:207
[  370114ms] [LOG] i18next::translator: missingKey en-US translation panels.bonds panels.bonds @ http://localhost:3001/node_modules/.vite/deps/i18next.js?v=d584b076:207
[  370114ms] [LOG] i18next::translator: missingKey en-US translation panels.commoditiesNews panels.commoditiesNews @ http://localhost:3001/node_modules/.vite/deps/i18next.js?v=d584b076:207
[  370114ms] [LOG] i18next::translator: missingKey en-US translation panels.cryptoNews panels.cryptoNews @ http://localhost:3001/node_modules/.vite/deps/i18next.js?v=d584b076:207
[  370114ms] [LOG] i18next::translator: missingKey en-US translation panels.cryptoHeatmap panels.cryptoHeatmap @ http://localhost:3001/node_modules/.vite/deps/i18next.js?v=d584b076:207
[  370114ms] [LOG] i18next::translator: missingKey en-US translation panels.defiTokens panels.defiTokens @ http://localhost:3001/node_modules/.vite/deps/i18next.js?v=d584b076:207
[  370114ms] [LOG] i18next::translator: missingKey en-US translation panels.aiTokens panels.aiTokens @ http://localhost:3001/node_modules/.vite/deps/i18next.js?v=d584b076:207
[  370114ms] [LOG] i18next::translator: missingKey en-US translation panels.otherTokens panels.otherTokens @ http://localhost:3001/node_modules/.vite/deps/i18next.js?v=d584b076:207
[  370114ms] [LOG] i18next::translator: missingKey en-US translation panels.centralbanks panels.centralbanks @ http://localhost:3001/node_modules/.vite/deps/i18next.js?v=d584b076:207
[  370114ms] [LOG] i18next::translator: missingKey en-US translation panels.economicNews panels.economicNews @ http://localhost:3001/node_modules/.vite/deps/i18next.js?v=d584b076:207
[  370114ms] [LOG] i18next::translator: missingKey en-US translation panels.macroTiles panels.macroTiles @ http://localhost:3001/node_modules/.vite/deps/i18next.js?v=d584b076:207
[  370114ms] [LOG] i18next::translator: missingKey en-US translation panels.aaiiSentiment panels.aaiiSentiment @ http://localhost:3001/node_modules/.vite/deps/i18next.js?v=d584b076:207
[  370114ms] [LOG] i18next::translator: missingKey en-US translation panels.fsi panels.fsi @ http://localhost:3001/node_modules/.vite/deps/i18next.js?v=d584b076:207
[  370114ms] [LOG] i18next::translator: missingKey en-US translation panels.yieldCurve panels.yieldCurve @ http://localhost:3001/node_modules/.vite/deps/i18next.js?v=d584b076:207
[  370114ms] [LOG] i18next::translator: missingKey en-US translation panels.earningsCalendar panels.earningsCalendar @ http://localhost:3001/node_modules/.vite/deps/i18next.js?v=d584b076:207
[  370115ms] [LOG] i18next::translator: missingKey en-US translation panels.economicCalendar panels.economicCalendar @ http://localhost:3001/node_modules/.vite/deps/i18next.js?v=d584b076:207
[  370115ms] [LOG] i18next::translator: missingKey en-US translation panels.cotPositioning panels.cotPositioning @ http://localhost:3001/node_modules/.vite/deps/i18next.js?v=d584b076:207
[  370115ms] [LOG] i18next::translator: missingKey en-US translation panels.derivatives panels.derivatives @ http://localhost:3001/node_modules/.vite/deps/i18next.js?v=d584b076:207
[  370115ms] [LOG] i18next::translator: missingKey en-US translation panels.fintech panels.fintech @ http://localhost:3001/node_modules/.vite/deps/i18next.js?v=d584b076:207
[  370115ms] [LOG] i18next::translator: missingKey en-US translation panels.institutional panels.institutional @ http://localhost:3001/node_modules/.vite/deps/i18next.js?v=d584b076:207
[  370115ms] [LOG] i18next::translator: missingKey en-US translation panels.analysis panels.analysis @ http://localhost:3001/node_modules/.vite/deps/i18next.js?v=d584b076:207
[  370115ms] [LOG] i18next::translator: missingKey en-US translation panels.gccNews panels.gccNews @ http://localhost:3001/node_modules/.vite/deps/i18next.js?v=d584b076:207
[  370115ms] [LOG] i18next::translator: missingKey en-US translation panels.forecast panels.forecast @ http://localhost:3001/node_modules/.vite/deps/i18next.js?v=d584b076:207
[  370115ms] [LOG] i18next::translator: missingKey en-US translation panels.militaryCorrelation panels.militaryCorrelation @ http://localhost:3001/node_modules/.vite/deps/i18next.js?v=d584b076:207
[  370115ms] [LOG] i18next::translator: missingKey en-US translation panels.escalationCorrelation panels.escalationCorrelation @ http://localhost:3001/node_modules/.vite/deps/i18next.js?v=d584b076:207
[  370115ms] [LOG] i18next::translator: missingKey en-US translation panels.economicCorrelation panels.economicCorrelation @ http://localhost:3001/node_modules/.vite/deps/i18next.js?v=d584b076:207
[  370115ms] [LOG] i18next::translator: missingKey en-US translation panels.disasterCorrelation panels.disasterCorrelation @ http://localhost:3001/node_modules/.vite/deps/i18next.js?v=d584b076:207
[  370115ms] [LOG] i18next::translator: missingKey en-US translation panels.chatAnalyst panels.chatAnalyst @ http://localhost:3001/node_modules/.vite/deps/i18next.js?v=d584b076:207
[  370116ms] [LOG] i18next::translator: missingKey en-US translation panels.diseaseOutbreaks panels.diseaseOutbreaks @ http://localhost:3001/node_modules/.vite/deps/i18next.js?v=d584b076:207
[  370116ms] [LOG] i18next::translator: missingKey en-US translation panels.socialVelocity panels.socialVelocity @ http://localhost:3001/node_modules/.vite/deps/i18next.js?v=d584b076:207
[  370116ms] [LOG] i18next::translator: missingKey en-US translation panels.defensePatents panels.defensePatents @ http://localhost:3001/node_modules/.vite/deps/i18next.js?v=d584b076:207
[  370116ms] [LOG] i18next::translator: missingKey en-US translation panels.radiationWatch panels.radiationWatch @ http://localhost:3001/node_modules/.vite/deps/i18next.js?v=d584b076:207
[  370116ms] [LOG] i18next::translator: missingKey en-US translation panels.thermalEscalation panels.thermalEscalation @ http://localhost:3001/node_modules/.vite/deps/i18next.js?v=d584b076:207
[  370116ms] [LOG] i18next::translator: missingKey en-US translation panels.nationalDebt panels.nationalDebt @ http://localhost:3001/node_modules/.vite/deps/i18next.js?v=d584b076:207
[  370116ms] [LOG] i18next::translator: missingKey en-US translation panels.crossSourceSignals panels.crossSourceSignals @ http://localhost:3001/node_modules/.vite/deps/i18next.js?v=d584b076:207
[  370116ms] [LOG] i18next::translator: missingKey en-US translation panels.regionalIntelligence panels.regionalIntelligence @ http://localhost:3001/node_modules/.vite/deps/i18next.js?v=d584b076:207
[  370136ms] [WARNING] [PWA] Service worker registration failed: SecurityError: Failed to register a ServiceWorker for scope ('http://localhost:3001/') with script ('http://localhost:3001/sw.js'): The script has an unsupported MIME type ('text/html'). @ http://localhost:3001/src/main.ts?t=1777562034191:565
[  370138ms] [LOG] i18next::translator: missingKey en-US translation webcams.expand webcams.expand @ http://localhost:3001/node_modules/.vite/deps/i18next.js?v=d584b076:207
[  370139ms] [LOG] i18next::translator: missingKey en-US translation common.remove common.remove @ http://localhost:3001/node_modules/.vite/deps/i18next.js?v=d584b076:207
[  370139ms] [LOG] i18next::translator: missingKey en-US translation webcams.expand webcams.expand @ http://localhost:3001/node_modules/.vite/deps/i18next.js?v=d584b076:207
[  370139ms] [LOG] i18next::translator: missingKey en-US translation common.remove common.remove @ http://localhost:3001/node_modules/.vite/deps/i18next.js?v=d584b076:207
[  370139ms] [LOG] i18next::translator: missingKey en-US translation webcams.expand webcams.expand @ http://localhost:3001/node_modules/.vite/deps/i18next.js?v=d584b076:207
[  370140ms] [LOG] i18next::translator: missingKey en-US translation common.remove common.remove @ http://localhost:3001/node_modules/.vite/deps/i18next.js?v=d584b076:207
[  370140ms] [LOG] i18next::translator: missingKey en-US translation webcams.expand webcams.expand @ http://localhost:3001/node_modules/.vite/deps/i18next.js?v=d584b076:207
[  370140ms] [LOG] i18next::translator: missingKey en-US translation common.remove common.remove @ http://localhost:3001/node_modules/.vite/deps/i18next.js?v=d584b076:207
[  370308ms] [WARNING] [clerk] getClerkToken: no session (clerkInstance=false, user=false) @ http://localhost:3001/src/services/clerk.ts:127
[  370377ms] [WARNING] Image "circle-11" could not be loaded. Please make sure you have added the image with map.addImage() or a "sprite" property in your style. You can provide missing images by listening for the "styleimagemissing" map event. @ http://localhost:3001/node_modules/.vite/deps/maplibre-gl.js?v=d584b076:312
[  370483ms] [ERROR] Failed to load resource: the server responded with a status of 404 (Not Found) @ http://localhost:3001/api/health/v1/list-disease-outbreaks:0
[  370511ms] [ERROR] [App] Telegram intel fetch failed: SyntaxError: Unexpected token 'i', "import { g"... is not valid JSON @ http://localhost:3001/src/app/data-loader.ts:2939
[  370527ms] [ERROR] Failed to load resource: the server responded with a status of 503 (Service Unavailable) @ http://localhost:3001/api/gpsjam:0
[  370568ms] [ERROR] Failed to load resource: the server responded with a status of 404 (Not Found) @ http://localhost:3001/api/radiation/v1/list-radiation-observations?max_items=18:0
[  370569ms] [ERROR] [Polymarket] Failed: Error: No markets returned — upstream may be down @ http://localhost:3001/src/utils/circuit-breaker.ts:298
[  370571ms] [ERROR] [Military Flight Tracking] Failed: Error: No flights returned — upstream may be down @ http://localhost:3001/src/utils/circuit-breaker.ts:298
[  370572ms] [ERROR] [Radiation Watch] Failed: ApiError: Request failed with status 404 @ http://localhost:3001/src/utils/circuit-breaker.ts:298
[  370666ms] [ERROR] Failed to load resource: the server responded with a status of 404 (Not Found) @ http://localhost:3001/api/thermal/v1/list-thermal-escalations?max_items=12:0
[  370674ms] [ERROR] Failed to load resource: the server responded with a status of 404 (Not Found) @ http://localhost:3001/api/sanctions/v1/list-sanctions-pressure?max_items=30:0
[  370675ms] [ERROR] [NWS Weather] Failed: SyntaxError: Unexpected token 'i', "import { g"... is not valid JSON @ http://localhost:3001/src/utils/circuit-breaker.ts:298
[  370690ms] [ERROR] [Thermal Escalation] Failed: ApiError: Request failed with status 404 @ http://localhost:3001/src/utils/circuit-breaker.ts:298
[  370705ms] [ERROR] [Sanctions Pressure] Failed: ApiError: Request failed with status 404 @ http://localhost:3001/src/utils/circuit-breaker.ts:298
[  370715ms] [ERROR] [App] Telegram intel fetch failed: SyntaxError: Unexpected token 'i', "import { g"... is not valid JSON @ http://localhost:3001/src/app/data-loader.ts:2939
[  370717ms] [ERROR] Failed to load resource: the server responded with a status of 404 (Not Found) @ http://localhost:3001/api/forecast/v1/get-forecasts:0
[  370718ms] [ERROR] Failed to load resource: the server responded with a status of 404 (Not Found) @ http://localhost:3001/api/forecast/v1/get-simulation-outcome:0
[  370721ms] [LOG] [Intelligence] All signals loaded for CII calculation @ http://localhost:3001/src/app/data-loader.ts:1966
[  370775ms] [LOG] i18next::translator: missingKey en-US translation common.remove common.remove @ http://localhost:3001/node_modules/.vite/deps/i18next.js?v=d584b076:207
[  370776ms] [LOG] i18next::translator: missingKey en-US translation common.remove common.remove @ http://localhost:3001/node_modules/.vite/deps/i18next.js?v=d584b076:207
[  371191ms] [LOG] i18next::translator: missingKey en-US translation common.remove common.remove @ http://localhost:3001/node_modules/.vite/deps/i18next.js?v=d584b076:207
[  371687ms] [LOG] i18next::translator: missingKey en-US translation common.remove common.remove @ http://localhost:3001/node_modules/.vite/deps/i18next.js?v=d584b076:207
[  378251ms] [WARNING] [News] Digest fetch failed, using fallback: TimeoutError: signal timed out @ http://localhost:3001/src/app/data-loader.ts:304
[  378255ms] [WARNING] [News] Digest missing for "markets", limited per-feed fallback disabled @ http://localhost:3001/src/app/data-loader.ts:848
[  378255ms] [WARNING] [News] Digest missing for "disasters", limited per-feed fallback disabled @ http://localhost:3001/src/app/data-loader.ts:848
[  380068ms] [LOG] [Search] Indexing 0 news items (allNews total: 0) @ http://localhost:3001/src/app/search-manager.ts?t=1777562034191:690
[  477669ms] [ERROR] Loading the script 'https://abacus.kopassus.monitor/script.js' violates the following Content Security Policy directive: "script-src 'self' 'sha256-LnMFPWZxTgVOr2VYwIh9mhQ3l/l3+a3SfNOLERnuHfY=' 'sha256-4Z2xtr1B9QQugoojE/nbpOViG+8l2B7CZVlKgC78AeQ=' 'sha256-903UI9my1I7mqHoiVeZSc56yd50YoRJTB2269QqL76w=' 'sha256-EytE6o1N8rwzpVFMrF+WvBZr2y5UhFLw79o1/4VqS0s=' 'wasm-unsafe-eval' https://www.youtube.com https://static.cloudflareinsights.com https://vercel.live https://challenges.cloudflare.com https://abacus.worldmonitor.app https://*.clerk.accounts.dev https://*.dodopayments.com https://js.stripe.com". Note that 'script-src-elem' was not explicitly set, so 'script-src' is used as a fallback. The action has been blocked. @ http://localhost:3001/?lat=-1.9341&lon=118.0000&zoom=4.00&view=indonesia&timeRange=7d&layers=conflicts%2Cbases%2Chotspots%2Cnuclear%2Csanctions%2Cweather%2Ceconomic%2Cwaterways%2Coutages%2Cmilitary%2Cnatural:0
[  477669ms] [ERROR] Executing inline script violates the following Content Security Policy directive 'script-src 'self' 'sha256-LnMFPWZxTgVOr2VYwIh9mhQ3l/l3+a3SfNOLERnuHfY=' 'sha256-4Z2xtr1B9QQugoojE/nbpOViG+8l2B7CZVlKgC78AeQ=' 'sha256-903UI9my1I7mqHoiVeZSc56yd50YoRJTB2269QqL76w=' 'sha256-EytE6o1N8rwzpVFMrF+WvBZr2y5UhFLw79o1/4VqS0s=' 'wasm-unsafe-eval' https://www.youtube.com https://static.cloudflareinsights.com https://vercel.live https://challenges.cloudflare.com https://abacus.worldmonitor.app https://*.clerk.accounts.dev https://*.dodopayments.com https://js.stripe.com'. Either the 'unsafe-inline' keyword, a hash ('sha256-BNN4UEEko1REertbvdEqNgt0fL5ykItf9IoM3JmlUwY='), or a nonce ('nonce-...') is required to enable inline execution. The action has been blocked. @ http://localhost:3001/?lat=-1.9341&lon=118.0000&zoom=4.00&view=indonesia&timeRange=7d&layers=conflicts%2Cbases%2Chotspots%2Cnuclear%2Csanctions%2Cweather%2Ceconomic%2Cwaterways%2Coutages%2Cmilitary%2Cnatural:121
[  478987ms] [ERROR] [feeds] DEFAULT_ENABLED name "Breaking Defense" not found in FULL_FEEDS! @ http://localhost:3001/src/config/feeds.ts?t=1777562143053:1171
[  478987ms] [LOG] [feeds] 107 unique default-enabled sources / 204 total @ http://localhost:3001/src/config/feeds.ts?t=1777562143053:1173
[  479113ms] [WARNING] THREE.THREE.Clock: This module has been deprecated. Please use THREE.Timer instead. @ http://localhost:3001/node_modules/.vite/deps/chunk-JENIRZW7.js?v=d584b076:296
[  479118ms] [ERROR] Loading the script 'https://va.vercel-scripts.com/v1/script.debug.js' violates the following Content Security Policy directive: "script-src 'self' 'sha256-LnMFPWZxTgVOr2VYwIh9mhQ3l/l3+a3SfNOLERnuHfY=' 'sha256-4Z2xtr1B9QQugoojE/nbpOViG+8l2B7CZVlKgC78AeQ=' 'sha256-903UI9my1I7mqHoiVeZSc56yd50YoRJTB2269QqL76w=' 'sha256-EytE6o1N8rwzpVFMrF+WvBZr2y5UhFLw79o1/4VqS0s=' 'wasm-unsafe-eval' https://www.youtube.com https://static.cloudflareinsights.com https://vercel.live https://challenges.cloudflare.com https://abacus.worldmonitor.app https://*.clerk.accounts.dev https://*.dodopayments.com https://js.stripe.com". Note that 'script-src-elem' was not explicitly set, so 'script-src' is used as a fallback. The action has been blocked. @ http://localhost:3001/node_modules/.vite/deps/@vercel_analytics.js?v=d584b076:185
[  479119ms] [LOG] [App] Variant check: stored="null", current="indonesia" @ http://localhost:3001/src/App.ts?t=1777562143053:393
[  479119ms] [LOG] [App] Variant changed - seeding new defaults, disabling cross-variant panels @ http://localhost:3001/src/App.ts?t=1777562143053:395
[  479121ms] [LOG] [entitlements] No VITE_CONVEX_URL — skipping Convex subscription @ http://localhost:3001/src/services/entitlements.ts?t=1777562143053:11
[  479121ms] [WARNING] [billing] No VITE_CONVEX_URL -- skipping subscription watch @ http://localhost:3001/src/services/billing.ts:19
[  479147ms] [LOG] [Vercel Web Analytics] Failed to load script from https://va.vercel-scripts.com/v1/script.debug.js. Please check if any ad blockers are enabled and try again. @ http://localhost:3001/node_modules/.vite/deps/@vercel_analytics.js?v=d584b076:181
[  479180ms] [INFO] 🌐 i18next is made possible by our own product, Locize — consider powering your project with managed localization (AI, CDN, integrations): https://locize.com 💙 @ http://localhost:3001/node_modules/.vite/deps/i18next.js?v=d584b076:1803
[  479182ms] [LOG] i18next: languageChanged en-US @ http://localhost:3001/node_modules/.vite/deps/i18next.js?v=d584b076:207
[  479182ms] [LOG] i18next: initialized {debug: true, initAsync: true, ns: Array(1), defaultNS: Array(1), fallbackLng: Array(1)} @ http://localhost:3001/node_modules/.vite/deps/i18next.js?v=d584b076:207
[  479196ms] [WARNING] [clerk] VITE_CLERK_PUBLISHABLE_KEY not set, auth disabled @ http://localhost:3001/src/services/clerk.ts:62
[  479199ms] [ERROR] The script has an unsupported MIME type ('text/html'). @ :0
[  479209ms] [LOG] [MapContainer] Initializing deck.gl map (desktop mode) @ http://localhost:3001/src/components/MapContainer.ts?t=1777562143053:110
[  479228ms] [LOG] i18next::translator: missingKey en-US translation components.deckgl.layers.commodityPorts components.deckgl.layers.commodityPorts @ http://localhost:3001/node_modules/.vite/deps/i18next.js?v=d584b076:207
[  479228ms] [LOG] i18next::translator: missingKey en-US translation components.deckgl.layers.webcams components.deckgl.layers.webcams @ http://localhost:3001/node_modules/.vite/deps/i18next.js?v=d584b076:207
[  479228ms] [LOG] i18next::translator: missingKey en-US translation components.deckgl.layers.miningSites components.deckgl.layers.miningSites @ http://localhost:3001/node_modules/.vite/deps/i18next.js?v=d584b076:207
[  479228ms] [LOG] i18next::translator: missingKey en-US translation components.deckgl.layers.processingPlants components.deckgl.layers.processingPlants @ http://localhost:3001/node_modules/.vite/deps/i18next.js?v=d584b076:207
[  479229ms] [LOG] i18next::translator: missingKey en-US translation components.deckgl.layers.resilienceScore components.deckgl.layers.resilienceScore @ http://localhost:3001/node_modules/.vite/deps/i18next.js?v=d584b076:207
[  479229ms] [LOG] i18next::translator: missingKey en-US translation components.deckgl.layers.diseaseOutbreaks components.deckgl.layers.diseaseOutbreaks @ http://localhost:3001/node_modules/.vite/deps/i18next.js?v=d584b076:207
[  479229ms] [LOG] i18next::translator: missingKey en-US translation components.deckgl.layers.sanctions components.deckgl.layers.sanctions @ http://localhost:3001/node_modules/.vite/deps/i18next.js?v=d584b076:207
[  479232ms] [LOG] i18next::translator: missingKey en-US translation panels.cctvIpStream.infoTooltip panels.cctvIpStream.infoTooltip @ http://localhost:3001/node_modules/.vite/deps/i18next.js?v=d584b076:207
[  479262ms] [LOG] i18next::translator: missingKey en-US translation panels.disasters panels.disasters @ http://localhost:3001/node_modules/.vite/deps/i18next.js?v=d584b076:207
[  479262ms] [LOG] i18next::translator: missingKey en-US translation panels.positiveFeed panels.positiveFeed @ http://localhost:3001/node_modules/.vite/deps/i18next.js?v=d584b076:207
[  479262ms] [LOG] i18next::translator: missingKey en-US translation panels.progress panels.progress @ http://localhost:3001/node_modules/.vite/deps/i18next.js?v=d584b076:207
[  479262ms] [LOG] i18next::translator: missingKey en-US translation panels.counters panels.counters @ http://localhost:3001/node_modules/.vite/deps/i18next.js?v=d584b076:207
[  479262ms] [LOG] i18next::translator: missingKey en-US translation panels.spotlight panels.spotlight @ http://localhost:3001/node_modules/.vite/deps/i18next.js?v=d584b076:207
[  479262ms] [LOG] i18next::translator: missingKey en-US translation panels.breakthroughs panels.breakthroughs @ http://localhost:3001/node_modules/.vite/deps/i18next.js?v=d584b076:207
[  479262ms] [LOG] i18next::translator: missingKey en-US translation panels.digest panels.digest @ http://localhost:3001/node_modules/.vite/deps/i18next.js?v=d584b076:207
[  479262ms] [LOG] i18next::translator: missingKey en-US translation panels.species panels.species @ http://localhost:3001/node_modules/.vite/deps/i18next.js?v=d584b076:207
[  479262ms] [LOG] i18next::translator: missingKey en-US translation panels.renewable panels.renewable @ http://localhost:3001/node_modules/.vite/deps/i18next.js?v=d584b076:207
[  479262ms] [LOG] i18next::translator: missingKey en-US translation panels.commodityNews panels.commodityNews @ http://localhost:3001/node_modules/.vite/deps/i18next.js?v=d584b076:207
[  479263ms] [LOG] i18next::translator: missingKey en-US translation panels.liquidityShifts panels.liquidityShifts @ http://localhost:3001/node_modules/.vite/deps/i18next.js?v=d584b076:207
[  479263ms] [LOG] i18next::translator: missingKey en-US translation panels.positioning-247 panels.positioning-247 @ http://localhost:3001/node_modules/.vite/deps/i18next.js?v=d584b076:207
[  479263ms] [LOG] i18next::translator: missingKey en-US translation panels.goldSilver panels.goldSilver @ http://localhost:3001/node_modules/.vite/deps/i18next.js?v=d584b076:207
[  479263ms] [LOG] i18next::translator: missingKey en-US translation panels.miningNews panels.miningNews @ http://localhost:3001/node_modules/.vite/deps/i18next.js?v=d584b076:207
[  479263ms] [LOG] i18next::translator: missingKey en-US translation panels.criticalMinerals panels.criticalMinerals @ http://localhost:3001/node_modules/.vite/deps/i18next.js?v=d584b076:207
[  479263ms] [LOG] i18next::translator: missingKey en-US translation panels.baseMetals panels.baseMetals @ http://localhost:3001/node_modules/.vite/deps/i18next.js?v=d584b076:207
[  479263ms] [LOG] i18next::translator: missingKey en-US translation panels.miningCompanies panels.miningCompanies @ http://localhost:3001/node_modules/.vite/deps/i18next.js?v=d584b076:207
[  479263ms] [LOG] i18next::translator: missingKey en-US translation panels.commodityRegulation panels.commodityRegulation @ http://localhost:3001/node_modules/.vite/deps/i18next.js?v=d584b076:207
[  479263ms] [LOG] i18next::translator: missingKey en-US translation panels.pipelineStatus panels.pipelineStatus @ http://localhost:3001/node_modules/.vite/deps/i18next.js?v=d584b076:207
[  479263ms] [LOG] i18next::translator: missingKey en-US translation panels.sanctionsPressure panels.sanctionsPressure @ http://localhost:3001/node_modules/.vite/deps/i18next.js?v=d584b076:207
[  479269ms] [LOG] i18next::translator: missingKey en-US translation panels.worldClock panels.worldClock @ http://localhost:3001/node_modules/.vite/deps/i18next.js?v=d584b076:207
[  479269ms] [LOG] i18next::translator: missingKey en-US translation panels.latestBrief panels.latestBrief @ http://localhost:3001/node_modules/.vite/deps/i18next.js?v=d584b076:207
[  479269ms] [LOG] i18next::translator: missingKey en-US translation panels.energyRiskOverview panels.energyRiskOverview @ http://localhost:3001/node_modules/.vite/deps/i18next.js?v=d584b076:207
[  479270ms] [LOG] i18next::translator: missingKey en-US translation panels.chokepointStrip panels.chokepointStrip @ http://localhost:3001/node_modules/.vite/deps/i18next.js?v=d584b076:207
[  479270ms] [LOG] i18next::translator: missingKey en-US translation panels.storageFacilityMap panels.storageFacilityMap @ http://localhost:3001/node_modules/.vite/deps/i18next.js?v=d584b076:207
[  479270ms] [LOG] i18next::translator: missingKey en-US translation panels.fuelShortages panels.fuelShortages @ http://localhost:3001/node_modules/.vite/deps/i18next.js?v=d584b076:207
[  479270ms] [LOG] i18next::translator: missingKey en-US translation panels.energyDisruptions panels.energyDisruptions @ http://localhost:3001/node_modules/.vite/deps/i18next.js?v=d584b076:207
[  479270ms] [LOG] i18next::translator: missingKey en-US translation panels.hormuzTracker panels.hormuzTracker @ http://localhost:3001/node_modules/.vite/deps/i18next.js?v=d584b076:207
[  479270ms] [LOG] i18next::translator: missingKey en-US translation panels.aiRegulation panels.aiRegulation @ http://localhost:3001/node_modules/.vite/deps/i18next.js?v=d584b076:207
[  479270ms] [LOG] i18next::translator: missingKey en-US translation panels.stockAnalysis panels.stockAnalysis @ http://localhost:3001/node_modules/.vite/deps/i18next.js?v=d584b076:207
[  479270ms] [LOG] i18next::translator: missingKey en-US translation panels.stockBacktest panels.stockBacktest @ http://localhost:3001/node_modules/.vite/deps/i18next.js?v=d584b076:207
[  479270ms] [LOG] i18next::translator: missingKey en-US translation panels.dailyMarketBrief panels.dailyMarketBrief @ http://localhost:3001/node_modules/.vite/deps/i18next.js?v=d584b076:207
[  479270ms] [LOG] i18next::translator: missingKey en-US translation panels.marketsNews panels.marketsNews @ http://localhost:3001/node_modules/.vite/deps/i18next.js?v=d584b076:207
[  479270ms] [LOG] i18next::translator: missingKey en-US translation panels.forex panels.forex @ http://localhost:3001/node_modules/.vite/deps/i18next.js?v=d584b076:207
[  479271ms] [LOG] i18next::translator: missingKey en-US translation panels.bonds panels.bonds @ http://localhost:3001/node_modules/.vite/deps/i18next.js?v=d584b076:207
[  479271ms] [LOG] i18next::translator: missingKey en-US translation panels.commoditiesNews panels.commoditiesNews @ http://localhost:3001/node_modules/.vite/deps/i18next.js?v=d584b076:207
[  479271ms] [LOG] i18next::translator: missingKey en-US translation panels.cryptoNews panels.cryptoNews @ http://localhost:3001/node_modules/.vite/deps/i18next.js?v=d584b076:207
[  479271ms] [LOG] i18next::translator: missingKey en-US translation panels.cryptoHeatmap panels.cryptoHeatmap @ http://localhost:3001/node_modules/.vite/deps/i18next.js?v=d584b076:207
[  479271ms] [LOG] i18next::translator: missingKey en-US translation panels.defiTokens panels.defiTokens @ http://localhost:3001/node_modules/.vite/deps/i18next.js?v=d584b076:207
[  479271ms] [LOG] i18next::translator: missingKey en-US translation panels.aiTokens panels.aiTokens @ http://localhost:3001/node_modules/.vite/deps/i18next.js?v=d584b076:207
[  479271ms] [LOG] i18next::translator: missingKey en-US translation panels.otherTokens panels.otherTokens @ http://localhost:3001/node_modules/.vite/deps/i18next.js?v=d584b076:207
[  479271ms] [LOG] i18next::translator: missingKey en-US translation panels.centralbanks panels.centralbanks @ http://localhost:3001/node_modules/.vite/deps/i18next.js?v=d584b076:207
[  479271ms] [LOG] i18next::translator: missingKey en-US translation panels.economicNews panels.economicNews @ http://localhost:3001/node_modules/.vite/deps/i18next.js?v=d584b076:207
[  479271ms] [LOG] i18next::translator: missingKey en-US translation panels.macroTiles panels.macroTiles @ http://localhost:3001/node_modules/.vite/deps/i18next.js?v=d584b076:207
[  479271ms] [LOG] i18next::translator: missingKey en-US translation panels.aaiiSentiment panels.aaiiSentiment @ http://localhost:3001/node_modules/.vite/deps/i18next.js?v=d584b076:207
[  479271ms] [LOG] i18next::translator: missingKey en-US translation panels.fsi panels.fsi @ http://localhost:3001/node_modules/.vite/deps/i18next.js?v=d584b076:207
[  479271ms] [LOG] i18next::translator: missingKey en-US translation panels.yieldCurve panels.yieldCurve @ http://localhost:3001/node_modules/.vite/deps/i18next.js?v=d584b076:207
[  479271ms] [LOG] i18next::translator: missingKey en-US translation panels.earningsCalendar panels.earningsCalendar @ http://localhost:3001/node_modules/.vite/deps/i18next.js?v=d584b076:207
[  479271ms] [LOG] i18next::translator: missingKey en-US translation panels.economicCalendar panels.economicCalendar @ http://localhost:3001/node_modules/.vite/deps/i18next.js?v=d584b076:207
[  479271ms] [LOG] i18next::translator: missingKey en-US translation panels.cotPositioning panels.cotPositioning @ http://localhost:3001/node_modules/.vite/deps/i18next.js?v=d584b076:207
[  479271ms] [LOG] i18next::translator: missingKey en-US translation panels.derivatives panels.derivatives @ http://localhost:3001/node_modules/.vite/deps/i18next.js?v=d584b076:207
[  479272ms] [LOG] i18next::translator: missingKey en-US translation panels.fintech panels.fintech @ http://localhost:3001/node_modules/.vite/deps/i18next.js?v=d584b076:207
[  479272ms] [LOG] i18next::translator: missingKey en-US translation panels.institutional panels.institutional @ http://localhost:3001/node_modules/.vite/deps/i18next.js?v=d584b076:207
[  479272ms] [LOG] i18next::translator: missingKey en-US translation panels.analysis panels.analysis @ http://localhost:3001/node_modules/.vite/deps/i18next.js?v=d584b076:207
[  479272ms] [LOG] i18next::translator: missingKey en-US translation panels.gccNews panels.gccNews @ http://localhost:3001/node_modules/.vite/deps/i18next.js?v=d584b076:207
[  479272ms] [LOG] i18next::translator: missingKey en-US translation panels.forecast panels.forecast @ http://localhost:3001/node_modules/.vite/deps/i18next.js?v=d584b076:207
[  479272ms] [LOG] i18next::translator: missingKey en-US translation panels.militaryCorrelation panels.militaryCorrelation @ http://localhost:3001/node_modules/.vite/deps/i18next.js?v=d584b076:207
[  479272ms] [LOG] i18next::translator: missingKey en-US translation panels.escalationCorrelation panels.escalationCorrelation @ http://localhost:3001/node_modules/.vite/deps/i18next.js?v=d584b076:207
[  479272ms] [LOG] i18next::translator: missingKey en-US translation panels.economicCorrelation panels.economicCorrelation @ http://localhost:3001/node_modules/.vite/deps/i18next.js?v=d584b076:207
[  479272ms] [LOG] i18next::translator: missingKey en-US translation panels.disasterCorrelation panels.disasterCorrelation @ http://localhost:3001/node_modules/.vite/deps/i18next.js?v=d584b076:207
[  479272ms] [LOG] i18next::translator: missingKey en-US translation panels.chatAnalyst panels.chatAnalyst @ http://localhost:3001/node_modules/.vite/deps/i18next.js?v=d584b076:207
[  479272ms] [LOG] i18next::translator: missingKey en-US translation panels.diseaseOutbreaks panels.diseaseOutbreaks @ http://localhost:3001/node_modules/.vite/deps/i18next.js?v=d584b076:207
[  479272ms] [LOG] i18next::translator: missingKey en-US translation panels.socialVelocity panels.socialVelocity @ http://localhost:3001/node_modules/.vite/deps/i18next.js?v=d584b076:207
[  479273ms] [LOG] i18next::translator: missingKey en-US translation panels.defensePatents panels.defensePatents @ http://localhost:3001/node_modules/.vite/deps/i18next.js?v=d584b076:207
[  479273ms] [LOG] i18next::translator: missingKey en-US translation panels.radiationWatch panels.radiationWatch @ http://localhost:3001/node_modules/.vite/deps/i18next.js?v=d584b076:207
[  479273ms] [LOG] i18next::translator: missingKey en-US translation panels.thermalEscalation panels.thermalEscalation @ http://localhost:3001/node_modules/.vite/deps/i18next.js?v=d584b076:207
[  479273ms] [LOG] i18next::translator: missingKey en-US translation panels.nationalDebt panels.nationalDebt @ http://localhost:3001/node_modules/.vite/deps/i18next.js?v=d584b076:207
[  479273ms] [LOG] i18next::translator: missingKey en-US translation panels.crossSourceSignals panels.crossSourceSignals @ http://localhost:3001/node_modules/.vite/deps/i18next.js?v=d584b076:207
[  479273ms] [LOG] i18next::translator: missingKey en-US translation panels.regionalIntelligence panels.regionalIntelligence @ http://localhost:3001/node_modules/.vite/deps/i18next.js?v=d584b076:207
[  479293ms] [WARNING] [PWA] Service worker registration failed: SecurityError: Failed to register a ServiceWorker for scope ('http://localhost:3001/') with script ('http://localhost:3001/sw.js'): The script has an unsupported MIME type ('text/html'). @ http://localhost:3001/src/main.ts?t=1777562143053:565
[  479312ms] [LOG] i18next::translator: missingKey en-US translation webcams.expand webcams.expand @ http://localhost:3001/node_modules/.vite/deps/i18next.js?v=d584b076:207
[  479312ms] [LOG] i18next::translator: missingKey en-US translation common.remove common.remove @ http://localhost:3001/node_modules/.vite/deps/i18next.js?v=d584b076:207
[  479312ms] [LOG] i18next::translator: missingKey en-US translation webcams.expand webcams.expand @ http://localhost:3001/node_modules/.vite/deps/i18next.js?v=d584b076:207
[  479312ms] [LOG] i18next::translator: missingKey en-US translation common.remove common.remove @ http://localhost:3001/node_modules/.vite/deps/i18next.js?v=d584b076:207
[  479312ms] [LOG] i18next::translator: missingKey en-US translation webcams.expand webcams.expand @ http://localhost:3001/node_modules/.vite/deps/i18next.js?v=d584b076:207
[  479312ms] [LOG] i18next::translator: missingKey en-US translation common.remove common.remove @ http://localhost:3001/node_modules/.vite/deps/i18next.js?v=d584b076:207
[  479312ms] [LOG] i18next::translator: missingKey en-US translation webcams.expand webcams.expand @ http://localhost:3001/node_modules/.vite/deps/i18next.js?v=d584b076:207
[  479312ms] [LOG] i18next::translator: missingKey en-US translation common.remove common.remove @ http://localhost:3001/node_modules/.vite/deps/i18next.js?v=d584b076:207
[  479972ms] [WARNING] [clerk] getClerkToken: no session (clerkInstance=false, user=false) @ http://localhost:3001/src/services/clerk.ts:127
[  480022ms] [WARNING] Image "circle-11" could not be loaded. Please make sure you have added the image with map.addImage() or a "sprite" property in your style. You can provide missing images by listening for the "styleimagemissing" map event. @ http://localhost:3001/node_modules/.vite/deps/maplibre-gl.js?v=d584b076:312
[  480109ms] [ERROR] Failed to load resource: the server responded with a status of 404 (Not Found) @ http://localhost:3001/api/health/v1/list-disease-outbreaks:0
[  480113ms] [ERROR] [App] Telegram intel fetch failed: SyntaxError: Unexpected token 'i', "import { g"... is not valid JSON @ http://localhost:3001/src/app/data-loader.ts?t=1777562143053:2939
[  480113ms] [ERROR] Failed to load resource: the server responded with a status of 503 (Service Unavailable) @ http://localhost:3001/api/gpsjam:0
[  480116ms] [ERROR] [Polymarket] Failed: Error: No markets returned — upstream may be down @ http://localhost:3001/src/utils/circuit-breaker.ts?t=1777562143053:298
[  480127ms] [ERROR] [Military Flight Tracking] Failed: Error: No flights returned — upstream may be down @ http://localhost:3001/src/utils/circuit-breaker.ts?t=1777562143053:298
[  480129ms] [ERROR] Failed to load resource: the server responded with a status of 404 (Not Found) @ http://localhost:3001/api/radiation/v1/list-radiation-observations?max_items=18:0
[  480129ms] [ERROR] Failed to load resource: the server responded with a status of 404 (Not Found) @ http://localhost:3001/api/thermal/v1/list-thermal-escalations?max_items=12:0
[  480129ms] [ERROR] [Radiation Watch] Failed: ApiError: Request failed with status 404 @ http://localhost:3001/src/utils/circuit-breaker.ts?t=1777562143053:298
[  480129ms] [ERROR] [Thermal Escalation] Failed: ApiError: Request failed with status 404 @ http://localhost:3001/src/utils/circuit-breaker.ts?t=1777562143053:298
[  480158ms] [ERROR] [NWS Weather] Failed: SyntaxError: Unexpected token 'i', "import { g"... is not valid JSON @ http://localhost:3001/src/utils/circuit-breaker.ts?t=1777562143053:298
[  480172ms] [ERROR] Failed to load resource: the server responded with a status of 404 (Not Found) @ http://localhost:3001/api/sanctions/v1/list-sanctions-pressure?max_items=30:0
[  480173ms] [ERROR] Failed to load resource: the server responded with a status of 404 (Not Found) @ http://localhost:3001/api/forecast/v1/get-forecasts:0
[  480173ms] [ERROR] Failed to load resource: the server responded with a status of 404 (Not Found) @ http://localhost:3001/api/forecast/v1/get-simulation-outcome:0
[  480173ms] [ERROR] [App] Telegram intel fetch failed: SyntaxError: Unexpected token 'i', "import { g"... is not valid JSON @ http://localhost:3001/src/app/data-loader.ts?t=1777562143053:2939
[  480174ms] [ERROR] [Sanctions Pressure] Failed: ApiError: Request failed with status 404 @ http://localhost:3001/src/utils/circuit-breaker.ts?t=1777562143053:298
[  480175ms] [LOG] [Intelligence] All signals loaded for CII calculation @ http://localhost:3001/src/app/data-loader.ts?t=1777562143053:1966
[  480518ms] [LOG] i18next::translator: missingKey en-US translation common.remove common.remove @ http://localhost:3001/node_modules/.vite/deps/i18next.js?v=d584b076:207
[  480591ms] [LOG] i18next::translator: missingKey en-US translation common.remove common.remove @ http://localhost:3001/node_modules/.vite/deps/i18next.js?v=d584b076:207
[  480591ms] [LOG] i18next::translator: missingKey en-US translation common.remove common.remove @ http://localhost:3001/node_modules/.vite/deps/i18next.js?v=d584b076:207
[  480945ms] [LOG] i18next::translator: missingKey en-US translation common.remove common.remove @ http://localhost:3001/node_modules/.vite/deps/i18next.js?v=d584b076:207
[  487931ms] [WARNING] [News] Digest fetch failed, using fallback: TimeoutError: signal timed out @ http://localhost:3001/src/app/data-loader.ts?t=1777562143053:304
[  487938ms] [WARNING] [News] Digest missing for "markets", limited per-feed fallback disabled @ http://localhost:3001/src/app/data-loader.ts?t=1777562143053:848
[  487938ms] [WARNING] [News] Digest missing for "disasters", limited per-feed fallback disabled @ http://localhost:3001/src/app/data-loader.ts?t=1777562143053:848
[  489751ms] [LOG] [Search] Indexing 0 news items (allNews total: 0) @ http://localhost:3001/src/app/search-manager.ts?t=1777562143053:690
[  515595ms] [ERROR] Loading the script 'https://abacus.kopassus.monitor/script.js' violates the following Content Security Policy directive: "script-src 'self' 'sha256-LnMFPWZxTgVOr2VYwIh9mhQ3l/l3+a3SfNOLERnuHfY=' 'sha256-4Z2xtr1B9QQugoojE/nbpOViG+8l2B7CZVlKgC78AeQ=' 'sha256-903UI9my1I7mqHoiVeZSc56yd50YoRJTB2269QqL76w=' 'sha256-EytE6o1N8rwzpVFMrF+WvBZr2y5UhFLw79o1/4VqS0s=' 'wasm-unsafe-eval' https://www.youtube.com https://static.cloudflareinsights.com https://vercel.live https://challenges.cloudflare.com https://abacus.worldmonitor.app https://*.clerk.accounts.dev https://*.dodopayments.com https://js.stripe.com". Note that 'script-src-elem' was not explicitly set, so 'script-src' is used as a fallback. The action has been blocked. @ http://localhost:3001/?lat=-1.9341&lon=118.0000&zoom=4.00&view=indonesia&timeRange=7d&layers=conflicts%2Cbases%2Chotspots%2Cnuclear%2Csanctions%2Cweather%2Ceconomic%2Cwaterways%2Coutages%2Cmilitary%2Cnatural:0
[  515596ms] [ERROR] Executing inline script violates the following Content Security Policy directive 'script-src 'self' 'sha256-LnMFPWZxTgVOr2VYwIh9mhQ3l/l3+a3SfNOLERnuHfY=' 'sha256-4Z2xtr1B9QQugoojE/nbpOViG+8l2B7CZVlKgC78AeQ=' 'sha256-903UI9my1I7mqHoiVeZSc56yd50YoRJTB2269QqL76w=' 'sha256-EytE6o1N8rwzpVFMrF+WvBZr2y5UhFLw79o1/4VqS0s=' 'wasm-unsafe-eval' https://www.youtube.com https://static.cloudflareinsights.com https://vercel.live https://challenges.cloudflare.com https://abacus.worldmonitor.app https://*.clerk.accounts.dev https://*.dodopayments.com https://js.stripe.com'. Either the 'unsafe-inline' keyword, a hash ('sha256-BNN4UEEko1REertbvdEqNgt0fL5ykItf9IoM3JmlUwY='), or a nonce ('nonce-...') is required to enable inline execution. The action has been blocked. @ http://localhost:3001/?lat=-1.9341&lon=118.0000&zoom=4.00&view=indonesia&timeRange=7d&layers=conflicts%2Cbases%2Chotspots%2Cnuclear%2Csanctions%2Cweather%2Ceconomic%2Cwaterways%2Coutages%2Cmilitary%2Cnatural:121
[  516180ms] [ERROR] [feeds] DEFAULT_ENABLED name "Breaking Defense" not found in FULL_FEEDS! @ http://localhost:3001/src/config/feeds.ts?t=1777562143053:1171
[  516180ms] [LOG] [feeds] 107 unique default-enabled sources / 204 total @ http://localhost:3001/src/config/feeds.ts?t=1777562143053:1173
[  516285ms] [WARNING] THREE.THREE.Clock: This module has been deprecated. Please use THREE.Timer instead. @ http://localhost:3001/node_modules/.vite/deps/chunk-JENIRZW7.js?v=d584b076:296
[  516288ms] [ERROR] Loading the script 'https://va.vercel-scripts.com/v1/script.debug.js' violates the following Content Security Policy directive: "script-src 'self' 'sha256-LnMFPWZxTgVOr2VYwIh9mhQ3l/l3+a3SfNOLERnuHfY=' 'sha256-4Z2xtr1B9QQugoojE/nbpOViG+8l2B7CZVlKgC78AeQ=' 'sha256-903UI9my1I7mqHoiVeZSc56yd50YoRJTB2269QqL76w=' 'sha256-EytE6o1N8rwzpVFMrF+WvBZr2y5UhFLw79o1/4VqS0s=' 'wasm-unsafe-eval' https://www.youtube.com https://static.cloudflareinsights.com https://vercel.live https://challenges.cloudflare.com https://abacus.worldmonitor.app https://*.clerk.accounts.dev https://*.dodopayments.com https://js.stripe.com". Note that 'script-src-elem' was not explicitly set, so 'script-src' is used as a fallback. The action has been blocked. @ http://localhost:3001/node_modules/.vite/deps/@vercel_analytics.js?v=d584b076:185
[  516289ms] [LOG] [App] Variant check: stored="indonesia", current="indonesia" @ http://localhost:3001/src/App.ts?t=1777562181178:393
[  516290ms] [LOG] [App] Loaded panel settings from storage: [positive-feed, progress, counters, spotlight, breakthroughs, digest, species, renewable, giving, insights, commodity-news, liquidity-shifts, positioning-247, gold-silver, energy, mining-news, critical-minerals, base-metals, mining-companies, supply-chain, commodity-regulation, energy-complex, pipeline-status, oil-inventories, gold-intelligence, heatmap, macro-signals, trade-policy, sanctions-pressure, economic, gulf-economies, gcc-investments, consumer-prices, airline-intel, polymarket, world-clock, monitors, latest-brief, energy-risk-overview, chokepoint-strip, storage-facility-map, fuel-shortages, energy-disruptions, hormuz-tracker, energy-crisis, fuel-prices, climate, live-webcams, windy-webcams, ai, startups, vcblogs, regionalStartups, unicorns, accelerators, security, policy, layoffs, finance, crypto, hardware, cloud, dev, github, ipo, funding, producthunt, events, internet-disruptions, service-status, tech-readiness, etf-flows, stablecoins, tech-hubs, ai-regulation, stock-analysis, stock-backtest, daily-market-brief, markets-news, forex, bonds, commodities-news, crypto-news, crypto-heatmap, defi-tokens, ai-tokens, other-tokens, centralbanks, economic-news, macro-tiles, fear-greed, aaii-sentiment, market-breadth, fsi, yield-curve, earnings-calendar, economic-calendar, cot-positioning, derivatives, fintech] @ http://localhost:3001/src/App.ts?t=1777562181178:500
[  516290ms] [LOG] [App] Migrated panel order to v1.9 layout @ http://localhost:3001/src/App.ts?t=1777562181178:514
[  516291ms] [LOG] [entitlements] No VITE_CONVEX_URL — skipping Convex subscription @ http://localhost:3001/src/services/entitlements.ts?t=1777562143053:11
[  516291ms] [WARNING] [billing] No VITE_CONVEX_URL -- skipping subscription watch @ http://localhost:3001/src/services/billing.ts:19
[  516314ms] [LOG] [Vercel Web Analytics] Failed to load script from https://va.vercel-scripts.com/v1/script.debug.js. Please check if any ad blockers are enabled and try again. @ http://localhost:3001/node_modules/.vite/deps/@vercel_analytics.js?v=d584b076:181
[  516343ms] [INFO] 🌐 i18next is made possible by our own product, Locize — consider powering your project with managed localization (AI, CDN, integrations): https://locize.com 💙 @ http://localhost:3001/node_modules/.vite/deps/i18next.js?v=d584b076:1803
[  516344ms] [LOG] i18next: languageChanged en-US @ http://localhost:3001/node_modules/.vite/deps/i18next.js?v=d584b076:207
[  516344ms] [LOG] i18next: initialized {debug: true, initAsync: true, ns: Array(1), defaultNS: Array(1), fallbackLng: Array(1)} @ http://localhost:3001/node_modules/.vite/deps/i18next.js?v=d584b076:207
[  516381ms] [WARNING] [clerk] VITE_CLERK_PUBLISHABLE_KEY not set, auth disabled @ http://localhost:3001/src/services/clerk.ts:62
[  516393ms] [LOG] [MapContainer] Initializing deck.gl map (desktop mode) @ http://localhost:3001/src/components/MapContainer.ts?t=1777562143053:110
[  516400ms] [ERROR] The script has an unsupported MIME type ('text/html'). @ :0
[  516408ms] [LOG] i18next::translator: missingKey en-US translation components.deckgl.layers.commodityPorts components.deckgl.layers.commodityPorts @ http://localhost:3001/node_modules/.vite/deps/i18next.js?v=d584b076:207
[  516408ms] [LOG] i18next::translator: missingKey en-US translation components.deckgl.layers.webcams components.deckgl.layers.webcams @ http://localhost:3001/node_modules/.vite/deps/i18next.js?v=d584b076:207
[  516408ms] [LOG] i18next::translator: missingKey en-US translation components.deckgl.layers.miningSites components.deckgl.layers.miningSites @ http://localhost:3001/node_modules/.vite/deps/i18next.js?v=d584b076:207
[  516408ms] [LOG] i18next::translator: missingKey en-US translation components.deckgl.layers.processingPlants components.deckgl.layers.processingPlants @ http://localhost:3001/node_modules/.vite/deps/i18next.js?v=d584b076:207
[  516408ms] [LOG] i18next::translator: missingKey en-US translation components.deckgl.layers.resilienceScore components.deckgl.layers.resilienceScore @ http://localhost:3001/node_modules/.vite/deps/i18next.js?v=d584b076:207
[  516409ms] [LOG] i18next::translator: missingKey en-US translation components.deckgl.layers.diseaseOutbreaks components.deckgl.layers.diseaseOutbreaks @ http://localhost:3001/node_modules/.vite/deps/i18next.js?v=d584b076:207
[  516409ms] [LOG] i18next::translator: missingKey en-US translation components.deckgl.layers.sanctions components.deckgl.layers.sanctions @ http://localhost:3001/node_modules/.vite/deps/i18next.js?v=d584b076:207
[  516412ms] [LOG] i18next::translator: missingKey en-US translation panels.cctvIpStream.infoTooltip panels.cctvIpStream.infoTooltip @ http://localhost:3001/node_modules/.vite/deps/i18next.js?v=d584b076:207
[  516459ms] [LOG] i18next::translator: missingKey en-US translation panels.disasters panels.disasters @ http://localhost:3001/node_modules/.vite/deps/i18next.js?v=d584b076:207
[  516459ms] [LOG] i18next::translator: missingKey en-US translation panels.positiveFeed panels.positiveFeed @ http://localhost:3001/node_modules/.vite/deps/i18next.js?v=d584b076:207
[  516459ms] [LOG] i18next::translator: missingKey en-US translation panels.progress panels.progress @ http://localhost:3001/node_modules/.vite/deps/i18next.js?v=d584b076:207
[  516459ms] [LOG] i18next::translator: missingKey en-US translation panels.counters panels.counters @ http://localhost:3001/node_modules/.vite/deps/i18next.js?v=d584b076:207
[  516459ms] [LOG] i18next::translator: missingKey en-US translation panels.spotlight panels.spotlight @ http://localhost:3001/node_modules/.vite/deps/i18next.js?v=d584b076:207
[  516459ms] [LOG] i18next::translator: missingKey en-US translation panels.breakthroughs panels.breakthroughs @ http://localhost:3001/node_modules/.vite/deps/i18next.js?v=d584b076:207
[  516459ms] [LOG] i18next::translator: missingKey en-US translation panels.digest panels.digest @ http://localhost:3001/node_modules/.vite/deps/i18next.js?v=d584b076:207
[  516459ms] [LOG] i18next::translator: missingKey en-US translation panels.species panels.species @ http://localhost:3001/node_modules/.vite/deps/i18next.js?v=d584b076:207
[  516459ms] [LOG] i18next::translator: missingKey en-US translation panels.renewable panels.renewable @ http://localhost:3001/node_modules/.vite/deps/i18next.js?v=d584b076:207
[  516460ms] [LOG] i18next::translator: missingKey en-US translation panels.commodityNews panels.commodityNews @ http://localhost:3001/node_modules/.vite/deps/i18next.js?v=d584b076:207
[  516460ms] [LOG] i18next::translator: missingKey en-US translation panels.liquidityShifts panels.liquidityShifts @ http://localhost:3001/node_modules/.vite/deps/i18next.js?v=d584b076:207
[  516460ms] [LOG] i18next::translator: missingKey en-US translation panels.positioning-247 panels.positioning-247 @ http://localhost:3001/node_modules/.vite/deps/i18next.js?v=d584b076:207
[  516460ms] [LOG] i18next::translator: missingKey en-US translation panels.goldSilver panels.goldSilver @ http://localhost:3001/node_modules/.vite/deps/i18next.js?v=d584b076:207
[  516460ms] [LOG] i18next::translator: missingKey en-US translation panels.miningNews panels.miningNews @ http://localhost:3001/node_modules/.vite/deps/i18next.js?v=d584b076:207
[  516460ms] [LOG] i18next::translator: missingKey en-US translation panels.criticalMinerals panels.criticalMinerals @ http://localhost:3001/node_modules/.vite/deps/i18next.js?v=d584b076:207
[  516460ms] [LOG] i18next::translator: missingKey en-US translation panels.baseMetals panels.baseMetals @ http://localhost:3001/node_modules/.vite/deps/i18next.js?v=d584b076:207
[  516460ms] [LOG] i18next::translator: missingKey en-US translation panels.miningCompanies panels.miningCompanies @ http://localhost:3001/node_modules/.vite/deps/i18next.js?v=d584b076:207
[  516460ms] [LOG] i18next::translator: missingKey en-US translation panels.commodityRegulation panels.commodityRegulation @ http://localhost:3001/node_modules/.vite/deps/i18next.js?v=d584b076:207
[  516460ms] [LOG] i18next::translator: missingKey en-US translation panels.pipelineStatus panels.pipelineStatus @ http://localhost:3001/node_modules/.vite/deps/i18next.js?v=d584b076:207
[  516460ms] [LOG] i18next::translator: missingKey en-US translation panels.sanctionsPressure panels.sanctionsPressure @ http://localhost:3001/node_modules/.vite/deps/i18next.js?v=d584b076:207
[  516460ms] [LOG] i18next::translator: missingKey en-US translation panels.worldClock panels.worldClock @ http://localhost:3001/node_modules/.vite/deps/i18next.js?v=d584b076:207
[  516460ms] [LOG] i18next::translator: missingKey en-US translation panels.latestBrief panels.latestBrief @ http://localhost:3001/node_modules/.vite/deps/i18next.js?v=d584b076:207
[  516461ms] [LOG] i18next::translator: missingKey en-US translation panels.energyRiskOverview panels.energyRiskOverview @ http://localhost:3001/node_modules/.vite/deps/i18next.js?v=d584b076:207
[  516461ms] [LOG] i18next::translator: missingKey en-US translation panels.chokepointStrip panels.chokepointStrip @ http://localhost:3001/node_modules/.vite/deps/i18next.js?v=d584b076:207
[  516461ms] [LOG] i18next::translator: missingKey en-US translation panels.storageFacilityMap panels.storageFacilityMap @ http://localhost:3001/node_modules/.vite/deps/i18next.js?v=d584b076:207
[  516461ms] [LOG] i18next::translator: missingKey en-US translation panels.fuelShortages panels.fuelShortages @ http://localhost:3001/node_modules/.vite/deps/i18next.js?v=d584b076:207
[  516461ms] [LOG] i18next::translator: missingKey en-US translation panels.energyDisruptions panels.energyDisruptions @ http://localhost:3001/node_modules/.vite/deps/i18next.js?v=d584b076:207
[  516461ms] [LOG] i18next::translator: missingKey en-US translation panels.hormuzTracker panels.hormuzTracker @ http://localhost:3001/node_modules/.vite/deps/i18next.js?v=d584b076:207
[  516461ms] [LOG] i18next::translator: missingKey en-US translation panels.aiRegulation panels.aiRegulation @ http://localhost:3001/node_modules/.vite/deps/i18next.js?v=d584b076:207
[  516461ms] [LOG] i18next::translator: missingKey en-US translation panels.stockAnalysis panels.stockAnalysis @ http://localhost:3001/node_modules/.vite/deps/i18next.js?v=d584b076:207
[  516461ms] [LOG] i18next::translator: missingKey en-US translation panels.stockBacktest panels.stockBacktest @ http://localhost:3001/node_modules/.vite/deps/i18next.js?v=d584b076:207
[  516461ms] [LOG] i18next::translator: missingKey en-US translation panels.dailyMarketBrief panels.dailyMarketBrief @ http://localhost:3001/node_modules/.vite/deps/i18next.js?v=d584b076:207
[  516461ms] [LOG] i18next::translator: missingKey en-US translation panels.marketsNews panels.marketsNews @ http://localhost:3001/node_modules/.vite/deps/i18next.js?v=d584b076:207
[  516461ms] [LOG] i18next::translator: missingKey en-US translation panels.forex panels.forex @ http://localhost:3001/node_modules/.vite/deps/i18next.js?v=d584b076:207
[  516462ms] [LOG] i18next::translator: missingKey en-US translation panels.bonds panels.bonds @ http://localhost:3001/node_modules/.vite/deps/i18next.js?v=d584b076:207
[  516462ms] [LOG] i18next::translator: missingKey en-US translation panels.commoditiesNews panels.commoditiesNews @ http://localhost:3001/node_modules/.vite/deps/i18next.js?v=d584b076:207
[  516462ms] [LOG] i18next::translator: missingKey en-US translation panels.cryptoNews panels.cryptoNews @ http://localhost:3001/node_modules/.vite/deps/i18next.js?v=d584b076:207
[  516462ms] [LOG] i18next::translator: missingKey en-US translation panels.cryptoHeatmap panels.cryptoHeatmap @ http://localhost:3001/node_modules/.vite/deps/i18next.js?v=d584b076:207
[  516462ms] [LOG] i18next::translator: missingKey en-US translation panels.defiTokens panels.defiTokens @ http://localhost:3001/node_modules/.vite/deps/i18next.js?v=d584b076:207
[  516462ms] [LOG] i18next::translator: missingKey en-US translation panels.aiTokens panels.aiTokens @ http://localhost:3001/node_modules/.vite/deps/i18next.js?v=d584b076:207
[  516462ms] [LOG] i18next::translator: missingKey en-US translation panels.otherTokens panels.otherTokens @ http://localhost:3001/node_modules/.vite/deps/i18next.js?v=d584b076:207
[  516462ms] [LOG] i18next::translator: missingKey en-US translation panels.centralbanks panels.centralbanks @ http://localhost:3001/node_modules/.vite/deps/i18next.js?v=d584b076:207
[  516462ms] [LOG] i18next::translator: missingKey en-US translation panels.economicNews panels.economicNews @ http://localhost:3001/node_modules/.vite/deps/i18next.js?v=d584b076:207
[  516462ms] [LOG] i18next::translator: missingKey en-US translation panels.macroTiles panels.macroTiles @ http://localhost:3001/node_modules/.vite/deps/i18next.js?v=d584b076:207
[  516462ms] [LOG] i18next::translator: missingKey en-US translation panels.aaiiSentiment panels.aaiiSentiment @ http://localhost:3001/node_modules/.vite/deps/i18next.js?v=d584b076:207
[  516462ms] [LOG] i18next::translator: missingKey en-US translation panels.fsi panels.fsi @ http://localhost:3001/node_modules/.vite/deps/i18next.js?v=d584b076:207
[  516462ms] [LOG] i18next::translator: missingKey en-US translation panels.yieldCurve panels.yieldCurve @ http://localhost:3001/node_modules/.vite/deps/i18next.js?v=d584b076:207
[  516462ms] [LOG] i18next::translator: missingKey en-US translation panels.earningsCalendar panels.earningsCalendar @ http://localhost:3001/node_modules/.vite/deps/i18next.js?v=d584b076:207
[  516462ms] [LOG] i18next::translator: missingKey en-US translation panels.economicCalendar panels.economicCalendar @ http://localhost:3001/node_modules/.vite/deps/i18next.js?v=d584b076:207
[  516463ms] [LOG] i18next::translator: missingKey en-US translation panels.cotPositioning panels.cotPositioning @ http://localhost:3001/node_modules/.vite/deps/i18next.js?v=d584b076:207
[  516463ms] [LOG] i18next::translator: missingKey en-US translation panels.derivatives panels.derivatives @ http://localhost:3001/node_modules/.vite/deps/i18next.js?v=d584b076:207
[  516463ms] [LOG] i18next::translator: missingKey en-US translation panels.fintech panels.fintech @ http://localhost:3001/node_modules/.vite/deps/i18next.js?v=d584b076:207
[  516463ms] [LOG] i18next::translator: missingKey en-US translation panels.institutional panels.institutional @ http://localhost:3001/node_modules/.vite/deps/i18next.js?v=d584b076:207
[  516463ms] [LOG] i18next::translator: missingKey en-US translation panels.analysis panels.analysis @ http://localhost:3001/node_modules/.vite/deps/i18next.js?v=d584b076:207
[  516463ms] [LOG] i18next::translator: missingKey en-US translation panels.gccNews panels.gccNews @ http://localhost:3001/node_modules/.vite/deps/i18next.js?v=d584b076:207
[  516463ms] [LOG] i18next::translator: missingKey en-US translation panels.forecast panels.forecast @ http://localhost:3001/node_modules/.vite/deps/i18next.js?v=d584b076:207
[  516463ms] [LOG] i18next::translator: missingKey en-US translation panels.militaryCorrelation panels.militaryCorrelation @ http://localhost:3001/node_modules/.vite/deps/i18next.js?v=d584b076:207
[  516463ms] [LOG] i18next::translator: missingKey en-US translation panels.escalationCorrelation panels.escalationCorrelation @ http://localhost:3001/node_modules/.vite/deps/i18next.js?v=d584b076:207
[  516463ms] [LOG] i18next::translator: missingKey en-US translation panels.economicCorrelation panels.economicCorrelation @ http://localhost:3001/node_modules/.vite/deps/i18next.js?v=d584b076:207
[  516463ms] [LOG] i18next::translator: missingKey en-US translation panels.disasterCorrelation panels.disasterCorrelation @ http://localhost:3001/node_modules/.vite/deps/i18next.js?v=d584b076:207
[  516463ms] [LOG] i18next::translator: missingKey en-US translation panels.chatAnalyst panels.chatAnalyst @ http://localhost:3001/node_modules/.vite/deps/i18next.js?v=d584b076:207
[  516463ms] [LOG] i18next::translator: missingKey en-US translation panels.diseaseOutbreaks panels.diseaseOutbreaks @ http://localhost:3001/node_modules/.vite/deps/i18next.js?v=d584b076:207
[  516463ms] [LOG] i18next::translator: missingKey en-US translation panels.socialVelocity panels.socialVelocity @ http://localhost:3001/node_modules/.vite/deps/i18next.js?v=d584b076:207
[  516464ms] [LOG] i18next::translator: missingKey en-US translation panels.defensePatents panels.defensePatents @ http://localhost:3001/node_modules/.vite/deps/i18next.js?v=d584b076:207
[  516464ms] [LOG] i18next::translator: missingKey en-US translation panels.radiationWatch panels.radiationWatch @ http://localhost:3001/node_modules/.vite/deps/i18next.js?v=d584b076:207
[  516464ms] [LOG] i18next::translator: missingKey en-US translation panels.thermalEscalation panels.thermalEscalation @ http://localhost:3001/node_modules/.vite/deps/i18next.js?v=d584b076:207
[  516464ms] [LOG] i18next::translator: missingKey en-US translation panels.nationalDebt panels.nationalDebt @ http://localhost:3001/node_modules/.vite/deps/i18next.js?v=d584b076:207
[  516464ms] [LOG] i18next::translator: missingKey en-US translation panels.crossSourceSignals panels.crossSourceSignals @ http://localhost:3001/node_modules/.vite/deps/i18next.js?v=d584b076:207
[  516464ms] [LOG] i18next::translator: missingKey en-US translation panels.regionalIntelligence panels.regionalIntelligence @ http://localhost:3001/node_modules/.vite/deps/i18next.js?v=d584b076:207
[  516487ms] [WARNING] [PWA] Service worker registration failed: SecurityError: Failed to register a ServiceWorker for scope ('http://localhost:3001/') with script ('http://localhost:3001/sw.js'): The script has an unsupported MIME type ('text/html'). @ http://localhost:3001/src/main.ts?t=1777562181178:565
[  516874ms] [LOG] i18next::translator: missingKey en-US translation webcams.expand webcams.expand @ http://localhost:3001/node_modules/.vite/deps/i18next.js?v=d584b076:207
[  516875ms] [LOG] i18next::translator: missingKey en-US translation common.remove common.remove @ http://localhost:3001/node_modules/.vite/deps/i18next.js?v=d584b076:207
[  516875ms] [LOG] i18next::translator: missingKey en-US translation webcams.expand webcams.expand @ http://localhost:3001/node_modules/.vite/deps/i18next.js?v=d584b076:207
[  516875ms] [LOG] i18next::translator: missingKey en-US translation common.remove common.remove @ http://localhost:3001/node_modules/.vite/deps/i18next.js?v=d584b076:207
[  516875ms] [LOG] i18next::translator: missingKey en-US translation webcams.expand webcams.expand @ http://localhost:3001/node_modules/.vite/deps/i18next.js?v=d584b076:207
[  516875ms] [LOG] i18next::translator: missingKey en-US translation common.remove common.remove @ http://localhost:3001/node_modules/.vite/deps/i18next.js?v=d584b076:207
[  516875ms] [LOG] i18next::translator: missingKey en-US translation webcams.expand webcams.expand @ http://localhost:3001/node_modules/.vite/deps/i18next.js?v=d584b076:207
[  516875ms] [LOG] i18next::translator: missingKey en-US translation common.remove common.remove @ http://localhost:3001/node_modules/.vite/deps/i18next.js?v=d584b076:207
[  517469ms] [ERROR] Failed to load resource: the server responded with a status of 404 (Not Found) @ http://localhost:3001/api/health/v1/list-disease-outbreaks:0
[  517469ms] [ERROR] Failed to load resource: the server responded with a status of 503 (Service Unavailable) @ http://localhost:3001/api/gpsjam:0
[  517480ms] [WARNING] Image "circle-11" could not be loaded. Please make sure you have added the image with map.addImage() or a "sprite" property in your style. You can provide missing images by listening for the "styleimagemissing" map event. @ http://localhost:3001/node_modules/.vite/deps/maplibre-gl.js?v=d584b076:312
[  517531ms] [ERROR] Failed to load resource: the server responded with a status of 404 (Not Found) @ http://localhost:3001/api/radiation/v1/list-radiation-observations?max_items=18:0
[  517532ms] [ERROR] Failed to load resource: the server responded with a status of 404 (Not Found) @ http://localhost:3001/api/thermal/v1/list-thermal-escalations?max_items=12:0
[  517546ms] [ERROR] [App] Telegram intel fetch failed: SyntaxError: Unexpected token 'i', "import { g"... is not valid JSON @ http://localhost:3001/src/app/data-loader.ts?t=1777562143053:2939
[  517556ms] [ERROR] [NWS Weather] Failed: SyntaxError: Unexpected token 'i', "import { g"... is not valid JSON @ http://localhost:3001/src/utils/circuit-breaker.ts?t=1777562143053:298
[  517557ms] [ERROR] [App] Telegram intel fetch failed: SyntaxError: Unexpected token 'i', "import { g"... is not valid JSON @ http://localhost:3001/src/app/data-loader.ts?t=1777562143053:2939
[  517580ms] [ERROR] Failed to load resource: the server responded with a status of 404 (Not Found) @ http://localhost:3001/api/forecast/v1/get-forecasts:0
[  517580ms] [ERROR] Failed to load resource: the server responded with a status of 404 (Not Found) @ http://localhost:3001/api/forecast/v1/get-simulation-outcome:0
[  517581ms] [ERROR] [Polymarket] Failed: Error: No markets returned — upstream may be down @ http://localhost:3001/src/utils/circuit-breaker.ts?t=1777562143053:298
[  517583ms] [ERROR] [Military Flight Tracking] Failed: Error: No flights returned — upstream may be down @ http://localhost:3001/src/utils/circuit-breaker.ts?t=1777562143053:298
[  517584ms] [ERROR] [Radiation Watch] Failed: ApiError: Request failed with status 404 @ http://localhost:3001/src/utils/circuit-breaker.ts?t=1777562143053:298
[  517585ms] [ERROR] [Thermal Escalation] Failed: ApiError: Request failed with status 404 @ http://localhost:3001/src/utils/circuit-breaker.ts?t=1777562143053:298
[  517585ms] [LOG] [Intelligence] All signals loaded for CII calculation @ http://localhost:3001/src/app/data-loader.ts?t=1777562143053:1966
[  517615ms] [LOG] i18next::translator: missingKey en-US translation common.remove common.remove @ http://localhost:3001/node_modules/.vite/deps/i18next.js?v=d584b076:207
[  517618ms] [WARNING] [clerk] getClerkToken: no session (clerkInstance=false, user=false) @ http://localhost:3001/src/services/clerk.ts:127
[  517653ms] [ERROR] Failed to load resource: the server responded with a status of 404 (Not Found) @ http://localhost:3001/api/sanctions/v1/list-sanctions-pressure?max_items=30:0
[  517655ms] [ERROR] [Sanctions Pressure] Failed: ApiError: Request failed with status 404 @ http://localhost:3001/src/utils/circuit-breaker.ts?t=1777562143053:298
[  517656ms] [LOG] i18next::translator: missingKey en-US translation common.remove common.remove @ http://localhost:3001/node_modules/.vite/deps/i18next.js?v=d584b076:207
[  518161ms] [WARNING] Failed to execute 'postMessage' on 'DOMWindow': The target origin provided ('https://www.youtube.com') does not match the recipient window's origin ('http://localhost:3001'). @ https://www.youtube.com/s/player/0980151a/www-widgetapi.vflset/www-widgetapi.js:209
[  518402ms] [LOG] i18next::translator: missingKey en-US translation common.remove common.remove @ http://localhost:3001/node_modules/.vite/deps/i18next.js?v=d584b076:207
[  518560ms] [LOG] i18next::translator: missingKey en-US translation common.remove common.remove @ http://localhost:3001/node_modules/.vite/deps/i18next.js?v=d584b076:207
[  522223ms] [WARNING] [News] Digest fetch failed, using fallback: TypeError: Failed to fetch
    at window.fetch (http://localhost:3001/src/services/runtime.ts?t=1777562143053:655:18)
    at async DataLoaderManager.tryFetchDigest (http://localhost:3001/src/app/data-loader.ts?t=1777562143053:292:20)
    at async DataLoaderManager.loadNews (http://localhost:3001/src/app/data-loader.ts?t=1777562143053:916:20)
    at async runGuarded (http://localhost:3001/src/app/data-loader.ts?t=1777562143053:357:9)
    at async Promise.allSettled (index 0)
    at async DataLoaderManager.loadAllData (http://localhost:3001/src/app/data-loader.ts?t=1777562143053:516:23)
    at async Promise.all (index 0)
    at async App.init (http://localhost:3001/src/App.ts?t=1777562181178:931:5) @ http://localhost:3001/src/app/data-loader.ts?t=1777562143053:304
[  522244ms] [ERROR] Loading the script 'https://abacus.kopassus.monitor/script.js' violates the following Content Security Policy directive: "script-src 'self' 'sha256-LnMFPWZxTgVOr2VYwIh9mhQ3l/l3+a3SfNOLERnuHfY=' 'sha256-4Z2xtr1B9QQugoojE/nbpOViG+8l2B7CZVlKgC78AeQ=' 'sha256-903UI9my1I7mqHoiVeZSc56yd50YoRJTB2269QqL76w=' 'sha256-EytE6o1N8rwzpVFMrF+WvBZr2y5UhFLw79o1/4VqS0s=' 'wasm-unsafe-eval' https://www.youtube.com https://static.cloudflareinsights.com https://vercel.live https://challenges.cloudflare.com https://abacus.worldmonitor.app https://*.clerk.accounts.dev https://*.dodopayments.com https://js.stripe.com". Note that 'script-src-elem' was not explicitly set, so 'script-src' is used as a fallback. The action has been blocked. @ http://localhost:3001/?lat=-1.9341&lon=118.0000&zoom=4.00&view=indonesia&timeRange=7d&layers=conflicts%2Cbases%2Chotspots%2Cnuclear%2Csanctions%2Cweather%2Ceconomic%2Cwaterways%2Coutages%2Cmilitary%2Cnatural:0
[  522244ms] [ERROR] Executing inline script violates the following Content Security Policy directive 'script-src 'self' 'sha256-LnMFPWZxTgVOr2VYwIh9mhQ3l/l3+a3SfNOLERnuHfY=' 'sha256-4Z2xtr1B9QQugoojE/nbpOViG+8l2B7CZVlKgC78AeQ=' 'sha256-903UI9my1I7mqHoiVeZSc56yd50YoRJTB2269QqL76w=' 'sha256-EytE6o1N8rwzpVFMrF+WvBZr2y5UhFLw79o1/4VqS0s=' 'wasm-unsafe-eval' https://www.youtube.com https://static.cloudflareinsights.com https://vercel.live https://challenges.cloudflare.com https://abacus.worldmonitor.app https://*.clerk.accounts.dev https://*.dodopayments.com https://js.stripe.com'. Either the 'unsafe-inline' keyword, a hash ('sha256-BNN4UEEko1REertbvdEqNgt0fL5ykItf9IoM3JmlUwY='), or a nonce ('nonce-...') is required to enable inline execution. The action has been blocked. @ http://localhost:3001/?lat=-1.9341&lon=118.0000&zoom=4.00&view=indonesia&timeRange=7d&layers=conflicts%2Cbases%2Chotspots%2Cnuclear%2Csanctions%2Cweather%2Ceconomic%2Cwaterways%2Coutages%2Cmilitary%2Cnatural:121
[  522920ms] [ERROR] [feeds] DEFAULT_ENABLED name "Breaking Defense" not found in FULL_FEEDS! @ http://localhost:3001/src/config/feeds.ts?t=1777562143053:1171
[  522920ms] [LOG] [feeds] 107 unique default-enabled sources / 204 total @ http://localhost:3001/src/config/feeds.ts?t=1777562143053:1173
[  523007ms] [WARNING] THREE.THREE.Clock: This module has been deprecated. Please use THREE.Timer instead. @ http://localhost:3001/node_modules/.vite/deps/chunk-JENIRZW7.js?v=d584b076:296
[  523012ms] [ERROR] Loading the script 'https://va.vercel-scripts.com/v1/script.debug.js' violates the following Content Security Policy directive: "script-src 'self' 'sha256-LnMFPWZxTgVOr2VYwIh9mhQ3l/l3+a3SfNOLERnuHfY=' 'sha256-4Z2xtr1B9QQugoojE/nbpOViG+8l2B7CZVlKgC78AeQ=' 'sha256-903UI9my1I7mqHoiVeZSc56yd50YoRJTB2269QqL76w=' 'sha256-EytE6o1N8rwzpVFMrF+WvBZr2y5UhFLw79o1/4VqS0s=' 'wasm-unsafe-eval' https://www.youtube.com https://static.cloudflareinsights.com https://vercel.live https://challenges.cloudflare.com https://abacus.worldmonitor.app https://*.clerk.accounts.dev https://*.dodopayments.com https://js.stripe.com". Note that 'script-src-elem' was not explicitly set, so 'script-src' is used as a fallback. The action has been blocked. @ http://localhost:3001/node_modules/.vite/deps/@vercel_analytics.js?v=d584b076:185
[  523014ms] [LOG] [App] Variant check: stored="indonesia", current="indonesia" @ http://localhost:3001/src/App.ts?t=1777562187841:393
[  523014ms] [LOG] [App] Loaded panel settings from storage: [positive-feed, progress, counters, spotlight, breakthroughs, digest, species, renewable, giving, insights, commodity-news, liquidity-shifts, positioning-247, gold-silver, energy, mining-news, critical-minerals, base-metals, mining-companies, supply-chain, commodity-regulation, energy-complex, pipeline-status, oil-inventories, gold-intelligence, heatmap, macro-signals, trade-policy, sanctions-pressure, economic, gulf-economies, gcc-investments, consumer-prices, airline-intel, polymarket, world-clock, monitors, latest-brief, energy-risk-overview, chokepoint-strip, storage-facility-map, fuel-shortages, energy-disruptions, hormuz-tracker, energy-crisis, fuel-prices, climate, live-webcams, windy-webcams, ai, startups, vcblogs, regionalStartups, unicorns, accelerators, security, policy, layoffs, finance, crypto, hardware, cloud, dev, github, ipo, funding, producthunt, events, internet-disruptions, service-status, tech-readiness, etf-flows, stablecoins, tech-hubs, ai-regulation, stock-analysis, stock-backtest, daily-market-brief, markets-news, forex, bonds, commodities-news, crypto-news, crypto-heatmap, defi-tokens, ai-tokens, other-tokens, centralbanks, economic-news, macro-tiles, fear-greed, aaii-sentiment, market-breadth, fsi, yield-curve, earnings-calendar, economic-calendar, cot-positioning, derivatives, fintech] @ http://localhost:3001/src/App.ts?t=1777562187841:500
[  523016ms] [LOG] [entitlements] No VITE_CONVEX_URL — skipping Convex subscription @ http://localhost:3001/src/services/entitlements.ts?t=1777562143053:11
[  523016ms] [WARNING] [billing] No VITE_CONVEX_URL -- skipping subscription watch @ http://localhost:3001/src/services/billing.ts:19
[  523053ms] [ERROR] The script has an unsupported MIME type ('text/html'). @ :0
[  523065ms] [LOG] [Vercel Web Analytics] Failed to load script from https://va.vercel-scripts.com/v1/script.debug.js. Please check if any ad blockers are enabled and try again. @ http://localhost:3001/node_modules/.vite/deps/@vercel_analytics.js?v=d584b076:181
[  523074ms] [WARNING] [PWA] Service worker registration failed: SecurityError: Failed to register a ServiceWorker for scope ('http://localhost:3001/') with script ('http://localhost:3001/sw.js'): The script has an unsupported MIME type ('text/html'). @ http://localhost:3001/src/main.ts?t=1777562187841:565
[  523077ms] [INFO] 🌐 i18next is made possible by our own product, Locize — consider powering your project with managed localization (AI, CDN, integrations): https://locize.com 💙 @ http://localhost:3001/node_modules/.vite/deps/i18next.js?v=d584b076:1803
[  523079ms] [LOG] i18next: languageChanged en-US @ http://localhost:3001/node_modules/.vite/deps/i18next.js?v=d584b076:207
[  523079ms] [LOG] i18next: initialized {debug: true, initAsync: true, ns: Array(1), defaultNS: Array(1), fallbackLng: Array(1)} @ http://localhost:3001/node_modules/.vite/deps/i18next.js?v=d584b076:207
[  523103ms] [WARNING] [clerk] VITE_CLERK_PUBLISHABLE_KEY not set, auth disabled @ http://localhost:3001/src/services/clerk.ts:62
[  523122ms] [LOG] [MapContainer] Initializing deck.gl map (desktop mode) @ http://localhost:3001/src/components/MapContainer.ts?t=1777562143053:110
[  523140ms] [LOG] i18next::translator: missingKey en-US translation components.deckgl.layers.commodityPorts components.deckgl.layers.commodityPorts @ http://localhost:3001/node_modules/.vite/deps/i18next.js?v=d584b076:207
[  523140ms] [LOG] i18next::translator: missingKey en-US translation components.deckgl.layers.webcams components.deckgl.layers.webcams @ http://localhost:3001/node_modules/.vite/deps/i18next.js?v=d584b076:207
[  523141ms] [LOG] i18next::translator: missingKey en-US translation components.deckgl.layers.miningSites components.deckgl.layers.miningSites @ http://localhost:3001/node_modules/.vite/deps/i18next.js?v=d584b076:207
[  523141ms] [LOG] i18next::translator: missingKey en-US translation components.deckgl.layers.processingPlants components.deckgl.layers.processingPlants @ http://localhost:3001/node_modules/.vite/deps/i18next.js?v=d584b076:207
[  523141ms] [LOG] i18next::translator: missingKey en-US translation components.deckgl.layers.resilienceScore components.deckgl.layers.resilienceScore @ http://localhost:3001/node_modules/.vite/deps/i18next.js?v=d584b076:207
[  523141ms] [LOG] i18next::translator: missingKey en-US translation components.deckgl.layers.diseaseOutbreaks components.deckgl.layers.diseaseOutbreaks @ http://localhost:3001/node_modules/.vite/deps/i18next.js?v=d584b076:207
[  523141ms] [LOG] i18next::translator: missingKey en-US translation components.deckgl.layers.sanctions components.deckgl.layers.sanctions @ http://localhost:3001/node_modules/.vite/deps/i18next.js?v=d584b076:207
[  523144ms] [LOG] i18next::translator: missingKey en-US translation panels.cctvIpStream.infoTooltip panels.cctvIpStream.infoTooltip @ http://localhost:3001/node_modules/.vite/deps/i18next.js?v=d584b076:207
[  523177ms] [LOG] i18next::translator: missingKey en-US translation panels.disasters panels.disasters @ http://localhost:3001/node_modules/.vite/deps/i18next.js?v=d584b076:207
[  523177ms] [LOG] i18next::translator: missingKey en-US translation panels.positiveFeed panels.positiveFeed @ http://localhost:3001/node_modules/.vite/deps/i18next.js?v=d584b076:207
[  523177ms] [LOG] i18next::translator: missingKey en-US translation panels.progress panels.progress @ http://localhost:3001/node_modules/.vite/deps/i18next.js?v=d584b076:207
[  523177ms] [LOG] i18next::translator: missingKey en-US translation panels.counters panels.counters @ http://localhost:3001/node_modules/.vite/deps/i18next.js?v=d584b076:207
[  523177ms] [LOG] i18next::translator: missingKey en-US translation panels.spotlight panels.spotlight @ http://localhost:3001/node_modules/.vite/deps/i18next.js?v=d584b076:207
[  523177ms] [LOG] i18next::translator: missingKey en-US translation panels.breakthroughs panels.breakthroughs @ http://localhost:3001/node_modules/.vite/deps/i18next.js?v=d584b076:207
[  523177ms] [LOG] i18next::translator: missingKey en-US translation panels.digest panels.digest @ http://localhost:3001/node_modules/.vite/deps/i18next.js?v=d584b076:207
[  523177ms] [LOG] i18next::translator: missingKey en-US translation panels.species panels.species @ http://localhost:3001/node_modules/.vite/deps/i18next.js?v=d584b076:207
[  523178ms] [LOG] i18next::translator: missingKey en-US translation panels.renewable panels.renewable @ http://localhost:3001/node_modules/.vite/deps/i18next.js?v=d584b076:207
[  523178ms] [LOG] i18next::translator: missingKey en-US translation panels.commodityNews panels.commodityNews @ http://localhost:3001/node_modules/.vite/deps/i18next.js?v=d584b076:207
[  523178ms] [LOG] i18next::translator: missingKey en-US translation panels.liquidityShifts panels.liquidityShifts @ http://localhost:3001/node_modules/.vite/deps/i18next.js?v=d584b076:207
[  523178ms] [LOG] i18next::translator: missingKey en-US translation panels.positioning-247 panels.positioning-247 @ http://localhost:3001/node_modules/.vite/deps/i18next.js?v=d584b076:207
[  523178ms] [LOG] i18next::translator: missingKey en-US translation panels.goldSilver panels.goldSilver @ http://localhost:3001/node_modules/.vite/deps/i18next.js?v=d584b076:207
[  523178ms] [LOG] i18next::translator: missingKey en-US translation panels.miningNews panels.miningNews @ http://localhost:3001/node_modules/.vite/deps/i18next.js?v=d584b076:207
[  523178ms] [LOG] i18next::translator: missingKey en-US translation panels.criticalMinerals panels.criticalMinerals @ http://localhost:3001/node_modules/.vite/deps/i18next.js?v=d584b076:207
[  523178ms] [LOG] i18next::translator: missingKey en-US translation panels.baseMetals panels.baseMetals @ http://localhost:3001/node_modules/.vite/deps/i18next.js?v=d584b076:207
[  523178ms] [LOG] i18next::translator: missingKey en-US translation panels.miningCompanies panels.miningCompanies @ http://localhost:3001/node_modules/.vite/deps/i18next.js?v=d584b076:207
[  523178ms] [LOG] i18next::translator: missingKey en-US translation panels.commodityRegulation panels.commodityRegulation @ http://localhost:3001/node_modules/.vite/deps/i18next.js?v=d584b076:207
[  523178ms] [LOG] i18next::translator: missingKey en-US translation panels.pipelineStatus panels.pipelineStatus @ http://localhost:3001/node_modules/.vite/deps/i18next.js?v=d584b076:207
[  523178ms] [LOG] i18next::translator: missingKey en-US translation panels.sanctionsPressure panels.sanctionsPressure @ http://localhost:3001/node_modules/.vite/deps/i18next.js?v=d584b076:207
[  523178ms] [LOG] i18next::translator: missingKey en-US translation panels.worldClock panels.worldClock @ http://localhost:3001/node_modules/.vite/deps/i18next.js?v=d584b076:207
[  523179ms] [LOG] i18next::translator: missingKey en-US translation panels.latestBrief panels.latestBrief @ http://localhost:3001/node_modules/.vite/deps/i18next.js?v=d584b076:207
[  523179ms] [LOG] i18next::translator: missingKey en-US translation panels.energyRiskOverview panels.energyRiskOverview @ http://localhost:3001/node_modules/.vite/deps/i18next.js?v=d584b076:207
[  523179ms] [LOG] i18next::translator: missingKey en-US translation panels.chokepointStrip panels.chokepointStrip @ http://localhost:3001/node_modules/.vite/deps/i18next.js?v=d584b076:207
[  523179ms] [LOG] i18next::translator: missingKey en-US translation panels.storageFacilityMap panels.storageFacilityMap @ http://localhost:3001/node_modules/.vite/deps/i18next.js?v=d584b076:207
[  523179ms] [LOG] i18next::translator: missingKey en-US translation panels.fuelShortages panels.fuelShortages @ http://localhost:3001/node_modules/.vite/deps/i18next.js?v=d584b076:207
[  523179ms] [LOG] i18next::translator: missingKey en-US translation panels.energyDisruptions panels.energyDisruptions @ http://localhost:3001/node_modules/.vite/deps/i18next.js?v=d584b076:207
[  523179ms] [LOG] i18next::translator: missingKey en-US translation panels.hormuzTracker panels.hormuzTracker @ http://localhost:3001/node_modules/.vite/deps/i18next.js?v=d584b076:207
[  523179ms] [LOG] i18next::translator: missingKey en-US translation panels.aiRegulation panels.aiRegulation @ http://localhost:3001/node_modules/.vite/deps/i18next.js?v=d584b076:207
[  523179ms] [LOG] i18next::translator: missingKey en-US translation panels.stockAnalysis panels.stockAnalysis @ http://localhost:3001/node_modules/.vite/deps/i18next.js?v=d584b076:207
[  523179ms] [LOG] i18next::translator: missingKey en-US translation panels.stockBacktest panels.stockBacktest @ http://localhost:3001/node_modules/.vite/deps/i18next.js?v=d584b076:207
[  523179ms] [LOG] i18next::translator: missingKey en-US translation panels.dailyMarketBrief panels.dailyMarketBrief @ http://localhost:3001/node_modules/.vite/deps/i18next.js?v=d584b076:207
[  523179ms] [LOG] i18next::translator: missingKey en-US translation panels.marketsNews panels.marketsNews @ http://localhost:3001/node_modules/.vite/deps/i18next.js?v=d584b076:207
[  523180ms] [LOG] i18next::translator: missingKey en-US translation panels.forex panels.forex @ http://localhost:3001/node_modules/.vite/deps/i18next.js?v=d584b076:207
[  523180ms] [LOG] i18next::translator: missingKey en-US translation panels.bonds panels.bonds @ http://localhost:3001/node_modules/.vite/deps/i18next.js?v=d584b076:207
[  523180ms] [LOG] i18next::translator: missingKey en-US translation panels.commoditiesNews panels.commoditiesNews @ http://localhost:3001/node_modules/.vite/deps/i18next.js?v=d584b076:207
[  523180ms] [LOG] i18next::translator: missingKey en-US translation panels.cryptoNews panels.cryptoNews @ http://localhost:3001/node_modules/.vite/deps/i18next.js?v=d584b076:207
[  523180ms] [LOG] i18next::translator: missingKey en-US translation panels.cryptoHeatmap panels.cryptoHeatmap @ http://localhost:3001/node_modules/.vite/deps/i18next.js?v=d584b076:207
[  523180ms] [LOG] i18next::translator: missingKey en-US translation panels.defiTokens panels.defiTokens @ http://localhost:3001/node_modules/.vite/deps/i18next.js?v=d584b076:207
[  523180ms] [LOG] i18next::translator: missingKey en-US translation panels.aiTokens panels.aiTokens @ http://localhost:3001/node_modules/.vite/deps/i18next.js?v=d584b076:207
[  523180ms] [LOG] i18next::translator: missingKey en-US translation panels.otherTokens panels.otherTokens @ http://localhost:3001/node_modules/.vite/deps/i18next.js?v=d584b076:207
[  523180ms] [LOG] i18next::translator: missingKey en-US translation panels.centralbanks panels.centralbanks @ http://localhost:3001/node_modules/.vite/deps/i18next.js?v=d584b076:207
[  523180ms] [LOG] i18next::translator: missingKey en-US translation panels.economicNews panels.economicNews @ http://localhost:3001/node_modules/.vite/deps/i18next.js?v=d584b076:207
[  523180ms] [LOG] i18next::translator: missingKey en-US translation panels.macroTiles panels.macroTiles @ http://localhost:3001/node_modules/.vite/deps/i18next.js?v=d584b076:207
[  523180ms] [LOG] i18next::translator: missingKey en-US translation panels.aaiiSentiment panels.aaiiSentiment @ http://localhost:3001/node_modules/.vite/deps/i18next.js?v=d584b076:207
[  523180ms] [LOG] i18next::translator: missingKey en-US translation panels.fsi panels.fsi @ http://localhost:3001/node_modules/.vite/deps/i18next.js?v=d584b076:207
[  523180ms] [LOG] i18next::translator: missingKey en-US translation panels.yieldCurve panels.yieldCurve @ http://localhost:3001/node_modules/.vite/deps/i18next.js?v=d584b076:207
[  523180ms] [LOG] i18next::translator: missingKey en-US translation panels.earningsCalendar panels.earningsCalendar @ http://localhost:3001/node_modules/.vite/deps/i18next.js?v=d584b076:207
[  523181ms] [LOG] i18next::translator: missingKey en-US translation panels.economicCalendar panels.economicCalendar @ http://localhost:3001/node_modules/.vite/deps/i18next.js?v=d584b076:207
[  523181ms] [LOG] i18next::translator: missingKey en-US translation panels.cotPositioning panels.cotPositioning @ http://localhost:3001/node_modules/.vite/deps/i18next.js?v=d584b076:207
[  523181ms] [LOG] i18next::translator: missingKey en-US translation panels.derivatives panels.derivatives @ http://localhost:3001/node_modules/.vite/deps/i18next.js?v=d584b076:207
[  523181ms] [LOG] i18next::translator: missingKey en-US translation panels.fintech panels.fintech @ http://localhost:3001/node_modules/.vite/deps/i18next.js?v=d584b076:207
[  523181ms] [LOG] i18next::translator: missingKey en-US translation panels.institutional panels.institutional @ http://localhost:3001/node_modules/.vite/deps/i18next.js?v=d584b076:207
[  523181ms] [LOG] i18next::translator: missingKey en-US translation panels.analysis panels.analysis @ http://localhost:3001/node_modules/.vite/deps/i18next.js?v=d584b076:207
[  523181ms] [LOG] i18next::translator: missingKey en-US translation panels.gccNews panels.gccNews @ http://localhost:3001/node_modules/.vite/deps/i18next.js?v=d584b076:207
[  523181ms] [LOG] i18next::translator: missingKey en-US translation panels.forecast panels.forecast @ http://localhost:3001/node_modules/.vite/deps/i18next.js?v=d584b076:207
[  523181ms] [LOG] i18next::translator: missingKey en-US translation panels.militaryCorrelation panels.militaryCorrelation @ http://localhost:3001/node_modules/.vite/deps/i18next.js?v=d584b076:207
[  523181ms] [LOG] i18next::translator: missingKey en-US translation panels.escalationCorrelation panels.escalationCorrelation @ http://localhost:3001/node_modules/.vite/deps/i18next.js?v=d584b076:207
[  523181ms] [LOG] i18next::translator: missingKey en-US translation panels.economicCorrelation panels.economicCorrelation @ http://localhost:3001/node_modules/.vite/deps/i18next.js?v=d584b076:207
[  523181ms] [LOG] i18next::translator: missingKey en-US translation panels.disasterCorrelation panels.disasterCorrelation @ http://localhost:3001/node_modules/.vite/deps/i18next.js?v=d584b076:207
[  523181ms] [LOG] i18next::translator: missingKey en-US translation panels.chatAnalyst panels.chatAnalyst @ http://localhost:3001/node_modules/.vite/deps/i18next.js?v=d584b076:207
[  523182ms] [LOG] i18next::translator: missingKey en-US translation panels.diseaseOutbreaks panels.diseaseOutbreaks @ http://localhost:3001/node_modules/.vite/deps/i18next.js?v=d584b076:207
[  523182ms] [LOG] i18next::translator: missingKey en-US translation panels.socialVelocity panels.socialVelocity @ http://localhost:3001/node_modules/.vite/deps/i18next.js?v=d584b076:207
[  523182ms] [LOG] i18next::translator: missingKey en-US translation panels.defensePatents panels.defensePatents @ http://localhost:3001/node_modules/.vite/deps/i18next.js?v=d584b076:207
[  523182ms] [LOG] i18next::translator: missingKey en-US translation panels.radiationWatch panels.radiationWatch @ http://localhost:3001/node_modules/.vite/deps/i18next.js?v=d584b076:207
[  523182ms] [LOG] i18next::translator: missingKey en-US translation panels.thermalEscalation panels.thermalEscalation @ http://localhost:3001/node_modules/.vite/deps/i18next.js?v=d584b076:207
[  523182ms] [LOG] i18next::translator: missingKey en-US translation panels.nationalDebt panels.nationalDebt @ http://localhost:3001/node_modules/.vite/deps/i18next.js?v=d584b076:207
[  523182ms] [LOG] i18next::translator: missingKey en-US translation panels.crossSourceSignals panels.crossSourceSignals @ http://localhost:3001/node_modules/.vite/deps/i18next.js?v=d584b076:207
[  523182ms] [LOG] i18next::translator: missingKey en-US translation panels.regionalIntelligence panels.regionalIntelligence @ http://localhost:3001/node_modules/.vite/deps/i18next.js?v=d584b076:207
[  523226ms] [LOG] i18next::translator: missingKey en-US translation webcams.expand webcams.expand @ http://localhost:3001/node_modules/.vite/deps/i18next.js?v=d584b076:207
[  523226ms] [LOG] i18next::translator: missingKey en-US translation common.remove common.remove @ http://localhost:3001/node_modules/.vite/deps/i18next.js?v=d584b076:207
[  523227ms] [LOG] i18next::translator: missingKey en-US translation webcams.expand webcams.expand @ http://localhost:3001/node_modules/.vite/deps/i18next.js?v=d584b076:207
[  523227ms] [LOG] i18next::translator: missingKey en-US translation common.remove common.remove @ http://localhost:3001/node_modules/.vite/deps/i18next.js?v=d584b076:207
[  523227ms] [LOG] i18next::translator: missingKey en-US translation webcams.expand webcams.expand @ http://localhost:3001/node_modules/.vite/deps/i18next.js?v=d584b076:207
[  523227ms] [LOG] i18next::translator: missingKey en-US translation common.remove common.remove @ http://localhost:3001/node_modules/.vite/deps/i18next.js?v=d584b076:207
[  523227ms] [LOG] i18next::translator: missingKey en-US translation webcams.expand webcams.expand @ http://localhost:3001/node_modules/.vite/deps/i18next.js?v=d584b076:207
[  523228ms] [LOG] i18next::translator: missingKey en-US translation common.remove common.remove @ http://localhost:3001/node_modules/.vite/deps/i18next.js?v=d584b076:207
[  523610ms] [LOG] i18next::translator: missingKey en-US translation common.remove common.remove @ http://localhost:3001/node_modules/.vite/deps/i18next.js?v=d584b076:207
[  523611ms] [ERROR] Failed to load resource: the server responded with a status of 404 (Not Found) @ http://localhost:3001/api/health/v1/list-disease-outbreaks:0
[  523611ms] [ERROR] Failed to load resource: the server responded with a status of 503 (Service Unavailable) @ http://localhost:3001/api/gpsjam:0
[  523620ms] [ERROR] [App] Telegram intel fetch failed: SyntaxError: Unexpected token 'i', "import { g"... is not valid JSON @ http://localhost:3001/src/app/data-loader.ts?t=1777562143053:2939
[  523625ms] [ERROR] [App] Telegram intel fetch failed: SyntaxError: Unexpected token 'i', "import { g"... is not valid JSON @ http://localhost:3001/src/app/data-loader.ts?t=1777562143053:2939
[  523781ms] [ERROR] Failed to load resource: the server responded with a status of 404 (Not Found) @ http://localhost:3001/api/forecast/v1/get-simulation-outcome:0
[  523782ms] [ERROR] Failed to load resource: the server responded with a status of 404 (Not Found) @ http://localhost:3001/api/forecast/v1/get-forecasts:0
[  523812ms] [WARNING] Image "circle-11" could not be loaded. Please make sure you have added the image with map.addImage() or a "sprite" property in your style. You can provide missing images by listening for the "styleimagemissing" map event. @ http://localhost:3001/node_modules/.vite/deps/maplibre-gl.js?v=d584b076:312
[  523813ms] [ERROR] Failed to load resource: the server responded with a status of 404 (Not Found) @ http://localhost:3001/api/radiation/v1/list-radiation-observations?max_items=18:0
[  523813ms] [ERROR] Failed to load resource: the server responded with a status of 404 (Not Found) @ http://localhost:3001/api/thermal/v1/list-thermal-escalations?max_items=12:0
[  523845ms] [ERROR] [NWS Weather] Failed: SyntaxError: Unexpected token 'i', "import { g"... is not valid JSON @ http://localhost:3001/src/utils/circuit-breaker.ts?t=1777562143053:298
[  523865ms] [ERROR] [Polymarket] Failed: Error: No markets returned — upstream may be down @ http://localhost:3001/src/utils/circuit-breaker.ts?t=1777562143053:298
[  523872ms] [ERROR] [Military Flight Tracking] Failed: Error: No flights returned — upstream may be down @ http://localhost:3001/src/utils/circuit-breaker.ts?t=1777562143053:298
[  523874ms] [ERROR] [Radiation Watch] Failed: ApiError: Request failed with status 404 @ http://localhost:3001/src/utils/circuit-breaker.ts?t=1777562143053:298
[  523874ms] [ERROR] [Thermal Escalation] Failed: ApiError: Request failed with status 404 @ http://localhost:3001/src/utils/circuit-breaker.ts?t=1777562143053:298
[  523876ms] [LOG] [Intelligence] All signals loaded for CII calculation @ http://localhost:3001/src/app/data-loader.ts?t=1777562143053:1966
[  523949ms] [LOG] i18next::translator: missingKey en-US translation common.remove common.remove @ http://localhost:3001/node_modules/.vite/deps/i18next.js?v=d584b076:207
[  523963ms] [WARNING] [clerk] getClerkToken: no session (clerkInstance=false, user=false) @ http://localhost:3001/src/services/clerk.ts:127
[  523994ms] [ERROR] Failed to load resource: the server responded with a status of 404 (Not Found) @ http://localhost:3001/api/sanctions/v1/list-sanctions-pressure?max_items=30:0
[  523995ms] [ERROR] [Sanctions Pressure] Failed: ApiError: Request failed with status 404 @ http://localhost:3001/src/utils/circuit-breaker.ts?t=1777562143053:298
[  524431ms] [WARNING] Failed to execute 'postMessage' on 'DOMWindow': The target origin provided ('https://www.youtube.com') does not match the recipient window's origin ('http://localhost:3001'). @ https://www.youtube.com/s/player/0980151a/www-widgetapi.vflset/www-widgetapi.js:209
[  524771ms] [LOG] i18next::translator: missingKey en-US translation common.remove common.remove @ http://localhost:3001/node_modules/.vite/deps/i18next.js?v=d584b076:207
[  524780ms] [LOG] i18next::translator: missingKey en-US translation common.remove common.remove @ http://localhost:3001/node_modules/.vite/deps/i18next.js?v=d584b076:207
[  531478ms] [INFO] [News] Digest fetched: 16 categories @ http://localhost:3001/src/app/data-loader.ts?t=1777562143053:298
[  531482ms] [WARNING] [News] Digest missing for "markets", limited per-feed fallback disabled @ http://localhost:3001/src/app/data-loader.ts?t=1777562143053:848
[  531482ms] [WARNING] [News] Digest missing for "disasters", limited per-feed fallback disabled @ http://localhost:3001/src/app/data-loader.ts?t=1777562143053:848
[  533296ms] [LOG] [Search] Indexing 0 news items (allNews total: 0) @ http://localhost:3001/src/app/search-manager.ts?t=1777562143053:690
[  566287ms] [ERROR] Loading the script 'https://abacus.kopassus.monitor/script.js' violates the following Content Security Policy directive: "script-src 'self' 'sha256-LnMFPWZxTgVOr2VYwIh9mhQ3l/l3+a3SfNOLERnuHfY=' 'sha256-4Z2xtr1B9QQugoojE/nbpOViG+8l2B7CZVlKgC78AeQ=' 'sha256-903UI9my1I7mqHoiVeZSc56yd50YoRJTB2269QqL76w=' 'sha256-EytE6o1N8rwzpVFMrF+WvBZr2y5UhFLw79o1/4VqS0s=' 'wasm-unsafe-eval' https://www.youtube.com https://static.cloudflareinsights.com https://vercel.live https://challenges.cloudflare.com https://abacus.worldmonitor.app https://*.clerk.accounts.dev https://*.dodopayments.com https://js.stripe.com". Note that 'script-src-elem' was not explicitly set, so 'script-src' is used as a fallback. The action has been blocked. @ http://localhost:3001/?lat=-1.9341&lon=118.0000&zoom=4.00&view=indonesia&timeRange=7d&layers=conflicts%2Cbases%2Chotspots%2Cnuclear%2Csanctions%2Cweather%2Ceconomic%2Cwaterways%2Coutages%2Cmilitary%2Cnatural:0
[  566287ms] [ERROR] Executing inline script violates the following Content Security Policy directive 'script-src 'self' 'sha256-LnMFPWZxTgVOr2VYwIh9mhQ3l/l3+a3SfNOLERnuHfY=' 'sha256-4Z2xtr1B9QQugoojE/nbpOViG+8l2B7CZVlKgC78AeQ=' 'sha256-903UI9my1I7mqHoiVeZSc56yd50YoRJTB2269QqL76w=' 'sha256-EytE6o1N8rwzpVFMrF+WvBZr2y5UhFLw79o1/4VqS0s=' 'wasm-unsafe-eval' https://www.youtube.com https://static.cloudflareinsights.com https://vercel.live https://challenges.cloudflare.com https://abacus.worldmonitor.app https://*.clerk.accounts.dev https://*.dodopayments.com https://js.stripe.com'. Either the 'unsafe-inline' keyword, a hash ('sha256-BNN4UEEko1REertbvdEqNgt0fL5ykItf9IoM3JmlUwY='), or a nonce ('nonce-...') is required to enable inline execution. The action has been blocked. @ http://localhost:3001/?lat=-1.9341&lon=118.0000&zoom=4.00&view=indonesia&timeRange=7d&layers=conflicts%2Cbases%2Chotspots%2Cnuclear%2Csanctions%2Cweather%2Ceconomic%2Cwaterways%2Coutages%2Cmilitary%2Cnatural:121
[  566901ms] [ERROR] [feeds] DEFAULT_ENABLED name "Breaking Defense" not found in FULL_FEEDS! @ http://localhost:3001/src/config/feeds.ts?t=1777562143053:1171
[  566901ms] [LOG] [feeds] 107 unique default-enabled sources / 204 total @ http://localhost:3001/src/config/feeds.ts?t=1777562143053:1173
[  567000ms] [WARNING] THREE.THREE.Clock: This module has been deprecated. Please use THREE.Timer instead. @ http://localhost:3001/node_modules/.vite/deps/chunk-JENIRZW7.js?v=d584b076:296
[  567005ms] [ERROR] Loading the script 'https://va.vercel-scripts.com/v1/script.debug.js' violates the following Content Security Policy directive: "script-src 'self' 'sha256-LnMFPWZxTgVOr2VYwIh9mhQ3l/l3+a3SfNOLERnuHfY=' 'sha256-4Z2xtr1B9QQugoojE/nbpOViG+8l2B7CZVlKgC78AeQ=' 'sha256-903UI9my1I7mqHoiVeZSc56yd50YoRJTB2269QqL76w=' 'sha256-EytE6o1N8rwzpVFMrF+WvBZr2y5UhFLw79o1/4VqS0s=' 'wasm-unsafe-eval' https://www.youtube.com https://static.cloudflareinsights.com https://vercel.live https://challenges.cloudflare.com https://abacus.worldmonitor.app https://*.clerk.accounts.dev https://*.dodopayments.com https://js.stripe.com". Note that 'script-src-elem' was not explicitly set, so 'script-src' is used as a fallback. The action has been blocked. @ http://localhost:3001/node_modules/.vite/deps/@vercel_analytics.js?v=d584b076:185
[  567006ms] [LOG] [App] Variant check: stored="indonesia", current="indonesia" @ http://localhost:3001/src/App.ts?t=1777562231858:393
[  567007ms] [LOG] [App] Loaded panel settings from storage: [positive-feed, progress, counters, spotlight, breakthroughs, digest, species, renewable, giving, insights, commodity-news, liquidity-shifts, positioning-247, gold-silver, energy, mining-news, critical-minerals, base-metals, mining-companies, supply-chain, commodity-regulation, energy-complex, pipeline-status, oil-inventories, gold-intelligence, heatmap, macro-signals, trade-policy, sanctions-pressure, economic, gulf-economies, gcc-investments, consumer-prices, airline-intel, polymarket, world-clock, monitors, latest-brief, energy-risk-overview, chokepoint-strip, storage-facility-map, fuel-shortages, energy-disruptions, hormuz-tracker, energy-crisis, fuel-prices, climate, live-webcams, windy-webcams, ai, startups, vcblogs, regionalStartups, unicorns, accelerators, security, policy, layoffs, finance, crypto, hardware, cloud, dev, github, ipo, funding, producthunt, events, internet-disruptions, service-status, tech-readiness, etf-flows, stablecoins, tech-hubs, ai-regulation, stock-analysis, stock-backtest, daily-market-brief, markets-news, forex, bonds, commodities-news, crypto-news, crypto-heatmap, defi-tokens, ai-tokens, other-tokens, centralbanks, economic-news, macro-tiles, fear-greed, aaii-sentiment, market-breadth, fsi, yield-curve, earnings-calendar, economic-calendar, cot-positioning, derivatives, fintech] @ http://localhost:3001/src/App.ts?t=1777562231858:500
[  567008ms] [LOG] [entitlements] No VITE_CONVEX_URL — skipping Convex subscription @ http://localhost:3001/src/services/entitlements.ts?t=1777562143053:11
[  567008ms] [WARNING] [billing] No VITE_CONVEX_URL -- skipping subscription watch @ http://localhost:3001/src/services/billing.ts:19
[  567032ms] [LOG] [Vercel Web Analytics] Failed to load script from https://va.vercel-scripts.com/v1/script.debug.js. Please check if any ad blockers are enabled and try again. @ http://localhost:3001/node_modules/.vite/deps/@vercel_analytics.js?v=d584b076:181
[  567039ms] [INFO] 🌐 i18next is made possible by our own product, Locize — consider powering your project with managed localization (AI, CDN, integrations): https://locize.com 💙 @ http://localhost:3001/node_modules/.vite/deps/i18next.js?v=d584b076:1803
[  567040ms] [LOG] i18next: languageChanged en-US @ http://localhost:3001/node_modules/.vite/deps/i18next.js?v=d584b076:207
[  567040ms] [LOG] i18next: initialized {debug: true, initAsync: true, ns: Array(1), defaultNS: Array(1), fallbackLng: Array(1)} @ http://localhost:3001/node_modules/.vite/deps/i18next.js?v=d584b076:207
[  567075ms] [WARNING] [clerk] VITE_CLERK_PUBLISHABLE_KEY not set, auth disabled @ http://localhost:3001/src/services/clerk.ts:62
[  567081ms] [ERROR] The script has an unsupported MIME type ('text/html'). @ :0
[  567086ms] [LOG] [MapContainer] Initializing deck.gl map (desktop mode) @ http://localhost:3001/src/components/MapContainer.ts?t=1777562143053:110
[  567099ms] [LOG] i18next::translator: missingKey en-US translation components.deckgl.layers.commodityPorts components.deckgl.layers.commodityPorts @ http://localhost:3001/node_modules/.vite/deps/i18next.js?v=d584b076:207
[  567100ms] [LOG] i18next::translator: missingKey en-US translation components.deckgl.layers.webcams components.deckgl.layers.webcams @ http://localhost:3001/node_modules/.vite/deps/i18next.js?v=d584b076:207
[  567100ms] [LOG] i18next::translator: missingKey en-US translation components.deckgl.layers.miningSites components.deckgl.layers.miningSites @ http://localhost:3001/node_modules/.vite/deps/i18next.js?v=d584b076:207
[  567100ms] [LOG] i18next::translator: missingKey en-US translation components.deckgl.layers.processingPlants components.deckgl.layers.processingPlants @ http://localhost:3001/node_modules/.vite/deps/i18next.js?v=d584b076:207
[  567100ms] [LOG] i18next::translator: missingKey en-US translation components.deckgl.layers.resilienceScore components.deckgl.layers.resilienceScore @ http://localhost:3001/node_modules/.vite/deps/i18next.js?v=d584b076:207
[  567100ms] [LOG] i18next::translator: missingKey en-US translation components.deckgl.layers.diseaseOutbreaks components.deckgl.layers.diseaseOutbreaks @ http://localhost:3001/node_modules/.vite/deps/i18next.js?v=d584b076:207
[  567100ms] [LOG] i18next::translator: missingKey en-US translation components.deckgl.layers.sanctions components.deckgl.layers.sanctions @ http://localhost:3001/node_modules/.vite/deps/i18next.js?v=d584b076:207
[  567104ms] [LOG] i18next::translator: missingKey en-US translation panels.cctvIpStream.infoTooltip panels.cctvIpStream.infoTooltip @ http://localhost:3001/node_modules/.vite/deps/i18next.js?v=d584b076:207
[  567132ms] [LOG] i18next::translator: missingKey en-US translation panels.disasters panels.disasters @ http://localhost:3001/node_modules/.vite/deps/i18next.js?v=d584b076:207
[  567132ms] [LOG] i18next::translator: missingKey en-US translation panels.positiveFeed panels.positiveFeed @ http://localhost:3001/node_modules/.vite/deps/i18next.js?v=d584b076:207
[  567132ms] [LOG] i18next::translator: missingKey en-US translation panels.progress panels.progress @ http://localhost:3001/node_modules/.vite/deps/i18next.js?v=d584b076:207
[  567132ms] [LOG] i18next::translator: missingKey en-US translation panels.counters panels.counters @ http://localhost:3001/node_modules/.vite/deps/i18next.js?v=d584b076:207
[  567132ms] [LOG] i18next::translator: missingKey en-US translation panels.spotlight panels.spotlight @ http://localhost:3001/node_modules/.vite/deps/i18next.js?v=d584b076:207
[  567132ms] [LOG] i18next::translator: missingKey en-US translation panels.breakthroughs panels.breakthroughs @ http://localhost:3001/node_modules/.vite/deps/i18next.js?v=d584b076:207
[  567132ms] [LOG] i18next::translator: missingKey en-US translation panels.digest panels.digest @ http://localhost:3001/node_modules/.vite/deps/i18next.js?v=d584b076:207
[  567132ms] [LOG] i18next::translator: missingKey en-US translation panels.species panels.species @ http://localhost:3001/node_modules/.vite/deps/i18next.js?v=d584b076:207
[  567133ms] [LOG] i18next::translator: missingKey en-US translation panels.renewable panels.renewable @ http://localhost:3001/node_modules/.vite/deps/i18next.js?v=d584b076:207
[  567133ms] [LOG] i18next::translator: missingKey en-US translation panels.commodityNews panels.commodityNews @ http://localhost:3001/node_modules/.vite/deps/i18next.js?v=d584b076:207
[  567133ms] [LOG] i18next::translator: missingKey en-US translation panels.liquidityShifts panels.liquidityShifts @ http://localhost:3001/node_modules/.vite/deps/i18next.js?v=d584b076:207
[  567133ms] [LOG] i18next::translator: missingKey en-US translation panels.positioning-247 panels.positioning-247 @ http://localhost:3001/node_modules/.vite/deps/i18next.js?v=d584b076:207
[  567133ms] [LOG] i18next::translator: missingKey en-US translation panels.goldSilver panels.goldSilver @ http://localhost:3001/node_modules/.vite/deps/i18next.js?v=d584b076:207
[  567133ms] [LOG] i18next::translator: missingKey en-US translation panels.miningNews panels.miningNews @ http://localhost:3001/node_modules/.vite/deps/i18next.js?v=d584b076:207
[  567133ms] [LOG] i18next::translator: missingKey en-US translation panels.criticalMinerals panels.criticalMinerals @ http://localhost:3001/node_modules/.vite/deps/i18next.js?v=d584b076:207
[  567133ms] [LOG] i18next::translator: missingKey en-US translation panels.baseMetals panels.baseMetals @ http://localhost:3001/node_modules/.vite/deps/i18next.js?v=d584b076:207
[  567133ms] [LOG] i18next::translator: missingKey en-US translation panels.miningCompanies panels.miningCompanies @ http://localhost:3001/node_modules/.vite/deps/i18next.js?v=d584b076:207
[  567133ms] [LOG] i18next::translator: missingKey en-US translation panels.commodityRegulation panels.commodityRegulation @ http://localhost:3001/node_modules/.vite/deps/i18next.js?v=d584b076:207
[  567133ms] [LOG] i18next::translator: missingKey en-US translation panels.pipelineStatus panels.pipelineStatus @ http://localhost:3001/node_modules/.vite/deps/i18next.js?v=d584b076:207
[  567133ms] [LOG] i18next::translator: missingKey en-US translation panels.sanctionsPressure panels.sanctionsPressure @ http://localhost:3001/node_modules/.vite/deps/i18next.js?v=d584b076:207
[  567133ms] [LOG] i18next::translator: missingKey en-US translation panels.worldClock panels.worldClock @ http://localhost:3001/node_modules/.vite/deps/i18next.js?v=d584b076:207
[  567134ms] [LOG] i18next::translator: missingKey en-US translation panels.latestBrief panels.latestBrief @ http://localhost:3001/node_modules/.vite/deps/i18next.js?v=d584b076:207
[  567134ms] [LOG] i18next::translator: missingKey en-US translation panels.energyRiskOverview panels.energyRiskOverview @ http://localhost:3001/node_modules/.vite/deps/i18next.js?v=d584b076:207
[  567134ms] [LOG] i18next::translator: missingKey en-US translation panels.chokepointStrip panels.chokepointStrip @ http://localhost:3001/node_modules/.vite/deps/i18next.js?v=d584b076:207
[  567134ms] [LOG] i18next::translator: missingKey en-US translation panels.storageFacilityMap panels.storageFacilityMap @ http://localhost:3001/node_modules/.vite/deps/i18next.js?v=d584b076:207
[  567134ms] [LOG] i18next::translator: missingKey en-US translation panels.fuelShortages panels.fuelShortages @ http://localhost:3001/node_modules/.vite/deps/i18next.js?v=d584b076:207
[  567134ms] [LOG] i18next::translator: missingKey en-US translation panels.energyDisruptions panels.energyDisruptions @ http://localhost:3001/node_modules/.vite/deps/i18next.js?v=d584b076:207
[  567134ms] [LOG] i18next::translator: missingKey en-US translation panels.hormuzTracker panels.hormuzTracker @ http://localhost:3001/node_modules/.vite/deps/i18next.js?v=d584b076:207
[  567134ms] [LOG] i18next::translator: missingKey en-US translation panels.aiRegulation panels.aiRegulation @ http://localhost:3001/node_modules/.vite/deps/i18next.js?v=d584b076:207
[  567134ms] [LOG] i18next::translator: missingKey en-US translation panels.stockAnalysis panels.stockAnalysis @ http://localhost:3001/node_modules/.vite/deps/i18next.js?v=d584b076:207
[  567135ms] [LOG] i18next::translator: missingKey en-US translation panels.stockBacktest panels.stockBacktest @ http://localhost:3001/node_modules/.vite/deps/i18next.js?v=d584b076:207
[  567135ms] [LOG] i18next::translator: missingKey en-US translation panels.dailyMarketBrief panels.dailyMarketBrief @ http://localhost:3001/node_modules/.vite/deps/i18next.js?v=d584b076:207
[  567135ms] [LOG] i18next::translator: missingKey en-US translation panels.marketsNews panels.marketsNews @ http://localhost:3001/node_modules/.vite/deps/i18next.js?v=d584b076:207
[  567135ms] [LOG] i18next::translator: missingKey en-US translation panels.forex panels.forex @ http://localhost:3001/node_modules/.vite/deps/i18next.js?v=d584b076:207
[  567135ms] [LOG] i18next::translator: missingKey en-US translation panels.bonds panels.bonds @ http://localhost:3001/node_modules/.vite/deps/i18next.js?v=d584b076:207
[  567135ms] [LOG] i18next::translator: missingKey en-US translation panels.commoditiesNews panels.commoditiesNews @ http://localhost:3001/node_modules/.vite/deps/i18next.js?v=d584b076:207
[  567135ms] [LOG] i18next::translator: missingKey en-US translation panels.cryptoNews panels.cryptoNews @ http://localhost:3001/node_modules/.vite/deps/i18next.js?v=d584b076:207
[  567135ms] [LOG] i18next::translator: missingKey en-US translation panels.cryptoHeatmap panels.cryptoHeatmap @ http://localhost:3001/node_modules/.vite/deps/i18next.js?v=d584b076:207
[  567135ms] [LOG] i18next::translator: missingKey en-US translation panels.defiTokens panels.defiTokens @ http://localhost:3001/node_modules/.vite/deps/i18next.js?v=d584b076:207
[  567135ms] [LOG] i18next::translator: missingKey en-US translation panels.aiTokens panels.aiTokens @ http://localhost:3001/node_modules/.vite/deps/i18next.js?v=d584b076:207
[  567135ms] [LOG] i18next::translator: missingKey en-US translation panels.otherTokens panels.otherTokens @ http://localhost:3001/node_modules/.vite/deps/i18next.js?v=d584b076:207
[  567135ms] [LOG] i18next::translator: missingKey en-US translation panels.centralbanks panels.centralbanks @ http://localhost:3001/node_modules/.vite/deps/i18next.js?v=d584b076:207
[  567136ms] [LOG] i18next::translator: missingKey en-US translation panels.economicNews panels.economicNews @ http://localhost:3001/node_modules/.vite/deps/i18next.js?v=d584b076:207
[  567136ms] [LOG] i18next::translator: missingKey en-US translation panels.macroTiles panels.macroTiles @ http://localhost:3001/node_modules/.vite/deps/i18next.js?v=d584b076:207
[  567136ms] [LOG] i18next::translator: missingKey en-US translation panels.aaiiSentiment panels.aaiiSentiment @ http://localhost:3001/node_modules/.vite/deps/i18next.js?v=d584b076:207
[  567136ms] [LOG] i18next::translator: missingKey en-US translation panels.fsi panels.fsi @ http://localhost:3001/node_modules/.vite/deps/i18next.js?v=d584b076:207
[  567136ms] [LOG] i18next::translator: missingKey en-US translation panels.yieldCurve panels.yieldCurve @ http://localhost:3001/node_modules/.vite/deps/i18next.js?v=d584b076:207
[  567136ms] [LOG] i18next::translator: missingKey en-US translation panels.earningsCalendar panels.earningsCalendar @ http://localhost:3001/node_modules/.vite/deps/i18next.js?v=d584b076:207
[  567136ms] [LOG] i18next::translator: missingKey en-US translation panels.economicCalendar panels.economicCalendar @ http://localhost:3001/node_modules/.vite/deps/i18next.js?v=d584b076:207
[  567136ms] [LOG] i18next::translator: missingKey en-US translation panels.cotPositioning panels.cotPositioning @ http://localhost:3001/node_modules/.vite/deps/i18next.js?v=d584b076:207
[  567136ms] [LOG] i18next::translator: missingKey en-US translation panels.derivatives panels.derivatives @ http://localhost:3001/node_modules/.vite/deps/i18next.js?v=d584b076:207
[  567136ms] [LOG] i18next::translator: missingKey en-US translation panels.fintech panels.fintech @ http://localhost:3001/node_modules/.vite/deps/i18next.js?v=d584b076:207
[  567136ms] [LOG] i18next::translator: missingKey en-US translation panels.institutional panels.institutional @ http://localhost:3001/node_modules/.vite/deps/i18next.js?v=d584b076:207
[  567136ms] [LOG] i18next::translator: missingKey en-US translation panels.analysis panels.analysis @ http://localhost:3001/node_modules/.vite/deps/i18next.js?v=d584b076:207
[  567136ms] [LOG] i18next::translator: missingKey en-US translation panels.gccNews panels.gccNews @ http://localhost:3001/node_modules/.vite/deps/i18next.js?v=d584b076:207
[  567136ms] [LOG] i18next::translator: missingKey en-US translation panels.forecast panels.forecast @ http://localhost:3001/node_modules/.vite/deps/i18next.js?v=d584b076:207
[  567136ms] [LOG] i18next::translator: missingKey en-US translation panels.militaryCorrelation panels.militaryCorrelation @ http://localhost:3001/node_modules/.vite/deps/i18next.js?v=d584b076:207
[  567137ms] [LOG] i18next::translator: missingKey en-US translation panels.escalationCorrelation panels.escalationCorrelation @ http://localhost:3001/node_modules/.vite/deps/i18next.js?v=d584b076:207
[  567137ms] [LOG] i18next::translator: missingKey en-US translation panels.economicCorrelation panels.economicCorrelation @ http://localhost:3001/node_modules/.vite/deps/i18next.js?v=d584b076:207
[  567137ms] [LOG] i18next::translator: missingKey en-US translation panels.disasterCorrelation panels.disasterCorrelation @ http://localhost:3001/node_modules/.vite/deps/i18next.js?v=d584b076:207
[  567137ms] [LOG] i18next::translator: missingKey en-US translation panels.chatAnalyst panels.chatAnalyst @ http://localhost:3001/node_modules/.vite/deps/i18next.js?v=d584b076:207
[  567137ms] [LOG] i18next::translator: missingKey en-US translation panels.diseaseOutbreaks panels.diseaseOutbreaks @ http://localhost:3001/node_modules/.vite/deps/i18next.js?v=d584b076:207
[  567137ms] [LOG] i18next::translator: missingKey en-US translation panels.socialVelocity panels.socialVelocity @ http://localhost:3001/node_modules/.vite/deps/i18next.js?v=d584b076:207
[  567137ms] [LOG] i18next::translator: missingKey en-US translation panels.defensePatents panels.defensePatents @ http://localhost:3001/node_modules/.vite/deps/i18next.js?v=d584b076:207
[  567137ms] [LOG] i18next::translator: missingKey en-US translation panels.radiationWatch panels.radiationWatch @ http://localhost:3001/node_modules/.vite/deps/i18next.js?v=d584b076:207
[  567137ms] [LOG] i18next::translator: missingKey en-US translation panels.thermalEscalation panels.thermalEscalation @ http://localhost:3001/node_modules/.vite/deps/i18next.js?v=d584b076:207
[  567137ms] [LOG] i18next::translator: missingKey en-US translation panels.nationalDebt panels.nationalDebt @ http://localhost:3001/node_modules/.vite/deps/i18next.js?v=d584b076:207
[  567137ms] [LOG] i18next::translator: missingKey en-US translation panels.crossSourceSignals panels.crossSourceSignals @ http://localhost:3001/node_modules/.vite/deps/i18next.js?v=d584b076:207
[  567137ms] [LOG] i18next::translator: missingKey en-US translation panels.regionalIntelligence panels.regionalIntelligence @ http://localhost:3001/node_modules/.vite/deps/i18next.js?v=d584b076:207
[  567159ms] [WARNING] [PWA] Service worker registration failed: SecurityError: Failed to register a ServiceWorker for scope ('http://localhost:3001/') with script ('http://localhost:3001/sw.js'): The script has an unsupported MIME type ('text/html'). @ http://localhost:3001/src/main.ts?t=1777562231858:565
[  567196ms] [LOG] i18next::translator: missingKey en-US translation webcams.expand webcams.expand @ http://localhost:3001/node_modules/.vite/deps/i18next.js?v=d584b076:207
[  567196ms] [LOG] i18next::translator: missingKey en-US translation common.remove common.remove @ http://localhost:3001/node_modules/.vite/deps/i18next.js?v=d584b076:207
[  567196ms] [LOG] i18next::translator: missingKey en-US translation webcams.expand webcams.expand @ http://localhost:3001/node_modules/.vite/deps/i18next.js?v=d584b076:207
[  567196ms] [LOG] i18next::translator: missingKey en-US translation common.remove common.remove @ http://localhost:3001/node_modules/.vite/deps/i18next.js?v=d584b076:207
[  567196ms] [LOG] i18next::translator: missingKey en-US translation webcams.expand webcams.expand @ http://localhost:3001/node_modules/.vite/deps/i18next.js?v=d584b076:207
[  567196ms] [LOG] i18next::translator: missingKey en-US translation common.remove common.remove @ http://localhost:3001/node_modules/.vite/deps/i18next.js?v=d584b076:207
[  567197ms] [LOG] i18next::translator: missingKey en-US translation webcams.expand webcams.expand @ http://localhost:3001/node_modules/.vite/deps/i18next.js?v=d584b076:207
[  567197ms] [LOG] i18next::translator: missingKey en-US translation common.remove common.remove @ http://localhost:3001/node_modules/.vite/deps/i18next.js?v=d584b076:207
[  567510ms] [ERROR] Failed to load resource: the server responded with a status of 404 (Not Found) @ http://localhost:3001/api/health/v1/list-disease-outbreaks:0
[  567521ms] [ERROR] [App] Telegram intel fetch failed: SyntaxError: Unexpected token 'i', "import { g"... is not valid JSON @ http://localhost:3001/src/app/data-loader.ts?t=1777562143053:2939
[  567821ms] [WARNING] Image "circle-11" could not be loaded. Please make sure you have added the image with map.addImage() or a "sprite" property in your style. You can provide missing images by listening for the "styleimagemissing" map event. @ http://localhost:3001/node_modules/.vite/deps/maplibre-gl.js?v=d584b076:312
[  567829ms] [ERROR] Failed to load resource: the server responded with a status of 503 (Service Unavailable) @ http://localhost:3001/api/gpsjam:0
[  567863ms] [ERROR] Failed to load resource: the server responded with a status of 404 (Not Found) @ http://localhost:3001/api/radiation/v1/list-radiation-observations?max_items=18:0
[  567863ms] [ERROR] Failed to load resource: the server responded with a status of 404 (Not Found) @ http://localhost:3001/api/thermal/v1/list-thermal-escalations?max_items=12:0
[  567893ms] [ERROR] [App] Telegram intel fetch failed: SyntaxError: Unexpected token 'i', "import { g"... is not valid JSON @ http://localhost:3001/src/app/data-loader.ts?t=1777562143053:2939
[  567897ms] [ERROR] [NWS Weather] Failed: SyntaxError: Unexpected token 'i', "import { g"... is not valid JSON @ http://localhost:3001/src/utils/circuit-breaker.ts?t=1777562143053:298
[  567900ms] [ERROR] Failed to load resource: the server responded with a status of 404 (Not Found) @ http://localhost:3001/api/forecast/v1/get-forecasts:0
[  567900ms] [ERROR] Failed to load resource: the server responded with a status of 404 (Not Found) @ http://localhost:3001/api/forecast/v1/get-simulation-outcome:0
[  567900ms] [LOG] i18next::translator: missingKey en-US translation common.remove common.remove @ http://localhost:3001/node_modules/.vite/deps/i18next.js?v=d584b076:207
[  567904ms] [ERROR] [Polymarket] Failed: Error: No markets returned — upstream may be down @ http://localhost:3001/src/utils/circuit-breaker.ts?t=1777562143053:298
[  567905ms] [ERROR] [Military Flight Tracking] Failed: Error: No flights returned — upstream may be down @ http://localhost:3001/src/utils/circuit-breaker.ts?t=1777562143053:298
[  567906ms] [ERROR] [Radiation Watch] Failed: ApiError: Request failed with status 404 @ http://localhost:3001/src/utils/circuit-breaker.ts?t=1777562143053:298
[  567906ms] [ERROR] [Thermal Escalation] Failed: ApiError: Request failed with status 404 @ http://localhost:3001/src/utils/circuit-breaker.ts?t=1777562143053:298
[  567907ms] [LOG] [Intelligence] All signals loaded for CII calculation @ http://localhost:3001/src/app/data-loader.ts?t=1777562143053:1966
[  567966ms] [LOG] i18next::translator: missingKey en-US translation common.remove common.remove @ http://localhost:3001/node_modules/.vite/deps/i18next.js?v=d584b076:207
[  567971ms] [WARNING] [clerk] getClerkToken: no session (clerkInstance=false, user=false) @ http://localhost:3001/src/services/clerk.ts:127
[  568096ms] [ERROR] Failed to load resource: the server responded with a status of 404 (Not Found) @ http://localhost:3001/api/sanctions/v1/list-sanctions-pressure?max_items=30:0
[  568124ms] [ERROR] [Sanctions Pressure] Failed: ApiError: Request failed with status 404 @ http://localhost:3001/src/utils/circuit-breaker.ts?t=1777562143053:298
[  568490ms] [LOG] i18next::translator: missingKey en-US translation common.remove common.remove @ http://localhost:3001/node_modules/.vite/deps/i18next.js?v=d584b076:207
[  569076ms] [LOG] i18next::translator: missingKey en-US translation common.remove common.remove @ http://localhost:3001/node_modules/.vite/deps/i18next.js?v=d584b076:207
[  573029ms] [WARNING] [News] Digest fetch failed, using fallback: TypeError: Failed to fetch
    at window.fetch (http://localhost:3001/src/services/runtime.ts?t=1777562143053:655:18)
    at async DataLoaderManager.tryFetchDigest (http://localhost:3001/src/app/data-loader.ts?t=1777562143053:292:20)
    at async DataLoaderManager.loadNews (http://localhost:3001/src/app/data-loader.ts?t=1777562143053:916:20)
    at async runGuarded (http://localhost:3001/src/app/data-loader.ts?t=1777562143053:357:9)
    at async Promise.allSettled (index 0)
    at async DataLoaderManager.loadAllData (http://localhost:3001/src/app/data-loader.ts?t=1777562143053:516:23)
    at async Promise.all (index 0)
    at async App.init (http://localhost:3001/src/App.ts?t=1777562231858:931:5) @ http://localhost:3001/src/app/data-loader.ts?t=1777562143053:304
[  573062ms] [ERROR] Loading the script 'https://abacus.kopassus.monitor/script.js' violates the following Content Security Policy directive: "script-src 'self' 'sha256-LnMFPWZxTgVOr2VYwIh9mhQ3l/l3+a3SfNOLERnuHfY=' 'sha256-4Z2xtr1B9QQugoojE/nbpOViG+8l2B7CZVlKgC78AeQ=' 'sha256-903UI9my1I7mqHoiVeZSc56yd50YoRJTB2269QqL76w=' 'sha256-EytE6o1N8rwzpVFMrF+WvBZr2y5UhFLw79o1/4VqS0s=' 'wasm-unsafe-eval' https://www.youtube.com https://static.cloudflareinsights.com https://vercel.live https://challenges.cloudflare.com https://abacus.worldmonitor.app https://*.clerk.accounts.dev https://*.dodopayments.com https://js.stripe.com". Note that 'script-src-elem' was not explicitly set, so 'script-src' is used as a fallback. The action has been blocked. @ http://localhost:3001/?lat=-1.9341&lon=118.0000&zoom=4.00&view=indonesia&timeRange=7d&layers=conflicts%2Cbases%2Chotspots%2Cnuclear%2Csanctions%2Cweather%2Ceconomic%2Cwaterways%2Coutages%2Cmilitary%2Cnatural:0
[  573062ms] [ERROR] Executing inline script violates the following Content Security Policy directive 'script-src 'self' 'sha256-LnMFPWZxTgVOr2VYwIh9mhQ3l/l3+a3SfNOLERnuHfY=' 'sha256-4Z2xtr1B9QQugoojE/nbpOViG+8l2B7CZVlKgC78AeQ=' 'sha256-903UI9my1I7mqHoiVeZSc56yd50YoRJTB2269QqL76w=' 'sha256-EytE6o1N8rwzpVFMrF+WvBZr2y5UhFLw79o1/4VqS0s=' 'wasm-unsafe-eval' https://www.youtube.com https://static.cloudflareinsights.com https://vercel.live https://challenges.cloudflare.com https://abacus.worldmonitor.app https://*.clerk.accounts.dev https://*.dodopayments.com https://js.stripe.com'. Either the 'unsafe-inline' keyword, a hash ('sha256-BNN4UEEko1REertbvdEqNgt0fL5ykItf9IoM3JmlUwY='), or a nonce ('nonce-...') is required to enable inline execution. The action has been blocked. @ http://localhost:3001/?lat=-1.9341&lon=118.0000&zoom=4.00&view=indonesia&timeRange=7d&layers=conflicts%2Cbases%2Chotspots%2Cnuclear%2Csanctions%2Cweather%2Ceconomic%2Cwaterways%2Coutages%2Cmilitary%2Cnatural:121
[  573778ms] [ERROR] [feeds] DEFAULT_ENABLED name "Breaking Defense" not found in FULL_FEEDS! @ http://localhost:3001/src/config/feeds.ts?t=1777562143053:1171
[  573778ms] [LOG] [feeds] 107 unique default-enabled sources / 204 total @ http://localhost:3001/src/config/feeds.ts?t=1777562143053:1173
[  573836ms] [WARNING] THREE.THREE.Clock: This module has been deprecated. Please use THREE.Timer instead. @ http://localhost:3001/node_modules/.vite/deps/chunk-JENIRZW7.js?v=d584b076:296
[  573839ms] [ERROR] Loading the script 'https://va.vercel-scripts.com/v1/script.debug.js' violates the following Content Security Policy directive: "script-src 'self' 'sha256-LnMFPWZxTgVOr2VYwIh9mhQ3l/l3+a3SfNOLERnuHfY=' 'sha256-4Z2xtr1B9QQugoojE/nbpOViG+8l2B7CZVlKgC78AeQ=' 'sha256-903UI9my1I7mqHoiVeZSc56yd50YoRJTB2269QqL76w=' 'sha256-EytE6o1N8rwzpVFMrF+WvBZr2y5UhFLw79o1/4VqS0s=' 'wasm-unsafe-eval' https://www.youtube.com https://static.cloudflareinsights.com https://vercel.live https://challenges.cloudflare.com https://abacus.worldmonitor.app https://*.clerk.accounts.dev https://*.dodopayments.com https://js.stripe.com". Note that 'script-src-elem' was not explicitly set, so 'script-src' is used as a fallback. The action has been blocked. @ http://localhost:3001/node_modules/.vite/deps/@vercel_analytics.js?v=d584b076:185
[  573840ms] [LOG] [App] Variant check: stored="indonesia", current="indonesia" @ http://localhost:3001/src/App.ts?t=1777562238632:393
[  573841ms] [LOG] [App] Loaded panel settings from storage: [positive-feed, progress, counters, spotlight, breakthroughs, digest, species, renewable, giving, insights, commodity-news, liquidity-shifts, positioning-247, gold-silver, energy, mining-news, critical-minerals, base-metals, mining-companies, supply-chain, commodity-regulation, energy-complex, pipeline-status, oil-inventories, gold-intelligence, heatmap, macro-signals, trade-policy, sanctions-pressure, economic, gulf-economies, gcc-investments, consumer-prices, airline-intel, polymarket, world-clock, monitors, latest-brief, energy-risk-overview, chokepoint-strip, storage-facility-map, fuel-shortages, energy-disruptions, hormuz-tracker, energy-crisis, fuel-prices, climate, live-webcams, windy-webcams, ai, startups, vcblogs, regionalStartups, unicorns, accelerators, security, policy, layoffs, finance, crypto, hardware, cloud, dev, github, ipo, funding, producthunt, events, internet-disruptions, service-status, tech-readiness, etf-flows, stablecoins, tech-hubs, ai-regulation, stock-analysis, stock-backtest, daily-market-brief, markets-news, forex, bonds, commodities-news, crypto-news, crypto-heatmap, defi-tokens, ai-tokens, other-tokens, centralbanks, economic-news, macro-tiles, fear-greed, aaii-sentiment, market-breadth, fsi, yield-curve, earnings-calendar, economic-calendar, cot-positioning, derivatives, fintech] @ http://localhost:3001/src/App.ts?t=1777562238632:500
[  573842ms] [LOG] [entitlements] No VITE_CONVEX_URL — skipping Convex subscription @ http://localhost:3001/src/services/entitlements.ts?t=1777562143053:11
[  573842ms] [WARNING] [billing] No VITE_CONVEX_URL -- skipping subscription watch @ http://localhost:3001/src/services/billing.ts:19
[  573862ms] [LOG] [Vercel Web Analytics] Failed to load script from https://va.vercel-scripts.com/v1/script.debug.js. Please check if any ad blockers are enabled and try again. @ http://localhost:3001/node_modules/.vite/deps/@vercel_analytics.js?v=d584b076:181
[  573871ms] [INFO] 🌐 i18next is made possible by our own product, Locize — consider powering your project with managed localization (AI, CDN, integrations): https://locize.com 💙 @ http://localhost:3001/node_modules/.vite/deps/i18next.js?v=d584b076:1803
[  573872ms] [LOG] i18next: languageChanged en-US @ http://localhost:3001/node_modules/.vite/deps/i18next.js?v=d584b076:207
[  573872ms] [LOG] i18next: initialized {debug: true, initAsync: true, ns: Array(1), defaultNS: Array(1), fallbackLng: Array(1)} @ http://localhost:3001/node_modules/.vite/deps/i18next.js?v=d584b076:207
[  573892ms] [WARNING] [clerk] VITE_CLERK_PUBLISHABLE_KEY not set, auth disabled @ http://localhost:3001/src/services/clerk.ts:62
[  573906ms] [LOG] [MapContainer] Initializing deck.gl map (desktop mode) @ http://localhost:3001/src/components/MapContainer.ts?t=1777562143053:110
[  573922ms] [LOG] i18next::translator: missingKey en-US translation components.deckgl.layers.commodityPorts components.deckgl.layers.commodityPorts @ http://localhost:3001/node_modules/.vite/deps/i18next.js?v=d584b076:207
[  573922ms] [LOG] i18next::translator: missingKey en-US translation components.deckgl.layers.webcams components.deckgl.layers.webcams @ http://localhost:3001/node_modules/.vite/deps/i18next.js?v=d584b076:207
[  573922ms] [LOG] i18next::translator: missingKey en-US translation components.deckgl.layers.miningSites components.deckgl.layers.miningSites @ http://localhost:3001/node_modules/.vite/deps/i18next.js?v=d584b076:207
[  573923ms] [LOG] i18next::translator: missingKey en-US translation components.deckgl.layers.processingPlants components.deckgl.layers.processingPlants @ http://localhost:3001/node_modules/.vite/deps/i18next.js?v=d584b076:207
[  573923ms] [LOG] i18next::translator: missingKey en-US translation components.deckgl.layers.resilienceScore components.deckgl.layers.resilienceScore @ http://localhost:3001/node_modules/.vite/deps/i18next.js?v=d584b076:207
[  573923ms] [LOG] i18next::translator: missingKey en-US translation components.deckgl.layers.diseaseOutbreaks components.deckgl.layers.diseaseOutbreaks @ http://localhost:3001/node_modules/.vite/deps/i18next.js?v=d584b076:207
[  573923ms] [LOG] i18next::translator: missingKey en-US translation components.deckgl.layers.sanctions components.deckgl.layers.sanctions @ http://localhost:3001/node_modules/.vite/deps/i18next.js?v=d584b076:207
[  573926ms] [LOG] i18next::translator: missingKey en-US translation panels.cctvIpStream.infoTooltip panels.cctvIpStream.infoTooltip @ http://localhost:3001/node_modules/.vite/deps/i18next.js?v=d584b076:207
[  573959ms] [LOG] i18next::translator: missingKey en-US translation panels.disasters panels.disasters @ http://localhost:3001/node_modules/.vite/deps/i18next.js?v=d584b076:207
[  573959ms] [LOG] i18next::translator: missingKey en-US translation panels.positiveFeed panels.positiveFeed @ http://localhost:3001/node_modules/.vite/deps/i18next.js?v=d584b076:207
[  573959ms] [LOG] i18next::translator: missingKey en-US translation panels.progress panels.progress @ http://localhost:3001/node_modules/.vite/deps/i18next.js?v=d584b076:207
[  573959ms] [LOG] i18next::translator: missingKey en-US translation panels.counters panels.counters @ http://localhost:3001/node_modules/.vite/deps/i18next.js?v=d584b076:207
[  573959ms] [LOG] i18next::translator: missingKey en-US translation panels.spotlight panels.spotlight @ http://localhost:3001/node_modules/.vite/deps/i18next.js?v=d584b076:207
[  573960ms] [LOG] i18next::translator: missingKey en-US translation panels.breakthroughs panels.breakthroughs @ http://localhost:3001/node_modules/.vite/deps/i18next.js?v=d584b076:207
[  573960ms] [LOG] i18next::translator: missingKey en-US translation panels.digest panels.digest @ http://localhost:3001/node_modules/.vite/deps/i18next.js?v=d584b076:207
[  573960ms] [LOG] i18next::translator: missingKey en-US translation panels.species panels.species @ http://localhost:3001/node_modules/.vite/deps/i18next.js?v=d584b076:207
[  573960ms] [LOG] i18next::translator: missingKey en-US translation panels.renewable panels.renewable @ http://localhost:3001/node_modules/.vite/deps/i18next.js?v=d584b076:207
[  573960ms] [LOG] i18next::translator: missingKey en-US translation panels.commodityNews panels.commodityNews @ http://localhost:3001/node_modules/.vite/deps/i18next.js?v=d584b076:207
[  573960ms] [LOG] i18next::translator: missingKey en-US translation panels.liquidityShifts panels.liquidityShifts @ http://localhost:3001/node_modules/.vite/deps/i18next.js?v=d584b076:207
[  573960ms] [LOG] i18next::translator: missingKey en-US translation panels.positioning-247 panels.positioning-247 @ http://localhost:3001/node_modules/.vite/deps/i18next.js?v=d584b076:207
[  573960ms] [LOG] i18next::translator: missingKey en-US translation panels.goldSilver panels.goldSilver @ http://localhost:3001/node_modules/.vite/deps/i18next.js?v=d584b076:207
[  573960ms] [LOG] i18next::translator: missingKey en-US translation panels.miningNews panels.miningNews @ http://localhost:3001/node_modules/.vite/deps/i18next.js?v=d584b076:207
[  573960ms] [LOG] i18next::translator: missingKey en-US translation panels.criticalMinerals panels.criticalMinerals @ http://localhost:3001/node_modules/.vite/deps/i18next.js?v=d584b076:207
[  573960ms] [LOG] i18next::translator: missingKey en-US translation panels.baseMetals panels.baseMetals @ http://localhost:3001/node_modules/.vite/deps/i18next.js?v=d584b076:207
[  573960ms] [LOG] i18next::translator: missingKey en-US translation panels.miningCompanies panels.miningCompanies @ http://localhost:3001/node_modules/.vite/deps/i18next.js?v=d584b076:207
[  573960ms] [LOG] i18next::translator: missingKey en-US translation panels.commodityRegulation panels.commodityRegulation @ http://localhost:3001/node_modules/.vite/deps/i18next.js?v=d584b076:207
[  573960ms] [LOG] i18next::translator: missingKey en-US translation panels.pipelineStatus panels.pipelineStatus @ http://localhost:3001/node_modules/.vite/deps/i18next.js?v=d584b076:207
[  573961ms] [LOG] i18next::translator: missingKey en-US translation panels.sanctionsPressure panels.sanctionsPressure @ http://localhost:3001/node_modules/.vite/deps/i18next.js?v=d584b076:207
[  573961ms] [LOG] i18next::translator: missingKey en-US translation panels.worldClock panels.worldClock @ http://localhost:3001/node_modules/.vite/deps/i18next.js?v=d584b076:207
[  573961ms] [LOG] i18next::translator: missingKey en-US translation panels.latestBrief panels.latestBrief @ http://localhost:3001/node_modules/.vite/deps/i18next.js?v=d584b076:207
[  573961ms] [LOG] i18next::translator: missingKey en-US translation panels.energyRiskOverview panels.energyRiskOverview @ http://localhost:3001/node_modules/.vite/deps/i18next.js?v=d584b076:207
[  573961ms] [LOG] i18next::translator: missingKey en-US translation panels.chokepointStrip panels.chokepointStrip @ http://localhost:3001/node_modules/.vite/deps/i18next.js?v=d584b076:207
[  573961ms] [LOG] i18next::translator: missingKey en-US translation panels.storageFacilityMap panels.storageFacilityMap @ http://localhost:3001/node_modules/.vite/deps/i18next.js?v=d584b076:207
[  573961ms] [LOG] i18next::translator: missingKey en-US translation panels.fuelShortages panels.fuelShortages @ http://localhost:3001/node_modules/.vite/deps/i18next.js?v=d584b076:207
[  573961ms] [LOG] i18next::translator: missingKey en-US translation panels.energyDisruptions panels.energyDisruptions @ http://localhost:3001/node_modules/.vite/deps/i18next.js?v=d584b076:207
[  573961ms] [LOG] i18next::translator: missingKey en-US translation panels.hormuzTracker panels.hormuzTracker @ http://localhost:3001/node_modules/.vite/deps/i18next.js?v=d584b076:207
[  573961ms] [LOG] i18next::translator: missingKey en-US translation panels.aiRegulation panels.aiRegulation @ http://localhost:3001/node_modules/.vite/deps/i18next.js?v=d584b076:207
[  573961ms] [LOG] i18next::translator: missingKey en-US translation panels.stockAnalysis panels.stockAnalysis @ http://localhost:3001/node_modules/.vite/deps/i18next.js?v=d584b076:207
[  573961ms] [LOG] i18next::translator: missingKey en-US translation panels.stockBacktest panels.stockBacktest @ http://localhost:3001/node_modules/.vite/deps/i18next.js?v=d584b076:207
[  573962ms] [LOG] i18next::translator: missingKey en-US translation panels.dailyMarketBrief panels.dailyMarketBrief @ http://localhost:3001/node_modules/.vite/deps/i18next.js?v=d584b076:207
[  573962ms] [LOG] i18next::translator: missingKey en-US translation panels.marketsNews panels.marketsNews @ http://localhost:3001/node_modules/.vite/deps/i18next.js?v=d584b076:207
[  573962ms] [LOG] i18next::translator: missingKey en-US translation panels.forex panels.forex @ http://localhost:3001/node_modules/.vite/deps/i18next.js?v=d584b076:207
[  573962ms] [LOG] i18next::translator: missingKey en-US translation panels.bonds panels.bonds @ http://localhost:3001/node_modules/.vite/deps/i18next.js?v=d584b076:207
[  573962ms] [LOG] i18next::translator: missingKey en-US translation panels.commoditiesNews panels.commoditiesNews @ http://localhost:3001/node_modules/.vite/deps/i18next.js?v=d584b076:207
[  573962ms] [LOG] i18next::translator: missingKey en-US translation panels.cryptoNews panels.cryptoNews @ http://localhost:3001/node_modules/.vite/deps/i18next.js?v=d584b076:207
[  573962ms] [LOG] i18next::translator: missingKey en-US translation panels.cryptoHeatmap panels.cryptoHeatmap @ http://localhost:3001/node_modules/.vite/deps/i18next.js?v=d584b076:207
[  573962ms] [LOG] i18next::translator: missingKey en-US translation panels.defiTokens panels.defiTokens @ http://localhost:3001/node_modules/.vite/deps/i18next.js?v=d584b076:207
[  573962ms] [LOG] i18next::translator: missingKey en-US translation panels.aiTokens panels.aiTokens @ http://localhost:3001/node_modules/.vite/deps/i18next.js?v=d584b076:207
[  573962ms] [LOG] i18next::translator: missingKey en-US translation panels.otherTokens panels.otherTokens @ http://localhost:3001/node_modules/.vite/deps/i18next.js?v=d584b076:207
[  573962ms] [LOG] i18next::translator: missingKey en-US translation panels.centralbanks panels.centralbanks @ http://localhost:3001/node_modules/.vite/deps/i18next.js?v=d584b076:207
[  573962ms] [LOG] i18next::translator: missingKey en-US translation panels.economicNews panels.economicNews @ http://localhost:3001/node_modules/.vite/deps/i18next.js?v=d584b076:207
[  573962ms] [LOG] i18next::translator: missingKey en-US translation panels.macroTiles panels.macroTiles @ http://localhost:3001/node_modules/.vite/deps/i18next.js?v=d584b076:207
[  573962ms] [LOG] i18next::translator: missingKey en-US translation panels.aaiiSentiment panels.aaiiSentiment @ http://localhost:3001/node_modules/.vite/deps/i18next.js?v=d584b076:207
[  573962ms] [LOG] i18next::translator: missingKey en-US translation panels.fsi panels.fsi @ http://localhost:3001/node_modules/.vite/deps/i18next.js?v=d584b076:207
[  573963ms] [LOG] i18next::translator: missingKey en-US translation panels.yieldCurve panels.yieldCurve @ http://localhost:3001/node_modules/.vite/deps/i18next.js?v=d584b076:207
[  573963ms] [LOG] i18next::translator: missingKey en-US translation panels.earningsCalendar panels.earningsCalendar @ http://localhost:3001/node_modules/.vite/deps/i18next.js?v=d584b076:207
[  573963ms] [LOG] i18next::translator: missingKey en-US translation panels.economicCalendar panels.economicCalendar @ http://localhost:3001/node_modules/.vite/deps/i18next.js?v=d584b076:207
[  573963ms] [LOG] i18next::translator: missingKey en-US translation panels.cotPositioning panels.cotPositioning @ http://localhost:3001/node_modules/.vite/deps/i18next.js?v=d584b076:207
[  573963ms] [LOG] i18next::translator: missingKey en-US translation panels.derivatives panels.derivatives @ http://localhost:3001/node_modules/.vite/deps/i18next.js?v=d584b076:207
[  573963ms] [LOG] i18next::translator: missingKey en-US translation panels.fintech panels.fintech @ http://localhost:3001/node_modules/.vite/deps/i18next.js?v=d584b076:207
[  573963ms] [LOG] i18next::translator: missingKey en-US translation panels.institutional panels.institutional @ http://localhost:3001/node_modules/.vite/deps/i18next.js?v=d584b076:207
[  573963ms] [LOG] i18next::translator: missingKey en-US translation panels.analysis panels.analysis @ http://localhost:3001/node_modules/.vite/deps/i18next.js?v=d584b076:207
[  573963ms] [LOG] i18next::translator: missingKey en-US translation panels.gccNews panels.gccNews @ http://localhost:3001/node_modules/.vite/deps/i18next.js?v=d584b076:207
[  573963ms] [LOG] i18next::translator: missingKey en-US translation panels.forecast panels.forecast @ http://localhost:3001/node_modules/.vite/deps/i18next.js?v=d584b076:207
[  573963ms] [LOG] i18next::translator: missingKey en-US translation panels.militaryCorrelation panels.militaryCorrelation @ http://localhost:3001/node_modules/.vite/deps/i18next.js?v=d584b076:207
[  573963ms] [LOG] i18next::translator: missingKey en-US translation panels.escalationCorrelation panels.escalationCorrelation @ http://localhost:3001/node_modules/.vite/deps/i18next.js?v=d584b076:207
[  573963ms] [LOG] i18next::translator: missingKey en-US translation panels.economicCorrelation panels.economicCorrelation @ http://localhost:3001/node_modules/.vite/deps/i18next.js?v=d584b076:207
[  573963ms] [LOG] i18next::translator: missingKey en-US translation panels.disasterCorrelation panels.disasterCorrelation @ http://localhost:3001/node_modules/.vite/deps/i18next.js?v=d584b076:207
[  573964ms] [LOG] i18next::translator: missingKey en-US translation panels.chatAnalyst panels.chatAnalyst @ http://localhost:3001/node_modules/.vite/deps/i18next.js?v=d584b076:207
[  573964ms] [LOG] i18next::translator: missingKey en-US translation panels.diseaseOutbreaks panels.diseaseOutbreaks @ http://localhost:3001/node_modules/.vite/deps/i18next.js?v=d584b076:207
[  573964ms] [LOG] i18next::translator: missingKey en-US translation panels.socialVelocity panels.socialVelocity @ http://localhost:3001/node_modules/.vite/deps/i18next.js?v=d584b076:207
[  573964ms] [LOG] i18next::translator: missingKey en-US translation panels.defensePatents panels.defensePatents @ http://localhost:3001/node_modules/.vite/deps/i18next.js?v=d584b076:207
[  573964ms] [LOG] i18next::translator: missingKey en-US translation panels.radiationWatch panels.radiationWatch @ http://localhost:3001/node_modules/.vite/deps/i18next.js?v=d584b076:207
[  573964ms] [LOG] i18next::translator: missingKey en-US translation panels.thermalEscalation panels.thermalEscalation @ http://localhost:3001/node_modules/.vite/deps/i18next.js?v=d584b076:207
[  573964ms] [LOG] i18next::translator: missingKey en-US translation panels.nationalDebt panels.nationalDebt @ http://localhost:3001/node_modules/.vite/deps/i18next.js?v=d584b076:207
[  573964ms] [LOG] i18next::translator: missingKey en-US translation panels.crossSourceSignals panels.crossSourceSignals @ http://localhost:3001/node_modules/.vite/deps/i18next.js?v=d584b076:207
[  573964ms] [LOG] i18next::translator: missingKey en-US translation panels.regionalIntelligence panels.regionalIntelligence @ http://localhost:3001/node_modules/.vite/deps/i18next.js?v=d584b076:207
[  573975ms] [ERROR] The script has an unsupported MIME type ('text/html'). @ :0
[  573993ms] [WARNING] [PWA] Service worker registration failed: SecurityError: Failed to register a ServiceWorker for scope ('http://localhost:3001/') with script ('http://localhost:3001/sw.js'): The script has an unsupported MIME type ('text/html'). @ http://localhost:3001/src/main.ts?t=1777562238632:565
[  574025ms] [LOG] i18next::translator: missingKey en-US translation webcams.expand webcams.expand @ http://localhost:3001/node_modules/.vite/deps/i18next.js?v=d584b076:207
[  574025ms] [LOG] i18next::translator: missingKey en-US translation common.remove common.remove @ http://localhost:3001/node_modules/.vite/deps/i18next.js?v=d584b076:207
[  574025ms] [LOG] i18next::translator: missingKey en-US translation webcams.expand webcams.expand @ http://localhost:3001/node_modules/.vite/deps/i18next.js?v=d584b076:207
[  574025ms] [LOG] i18next::translator: missingKey en-US translation common.remove common.remove @ http://localhost:3001/node_modules/.vite/deps/i18next.js?v=d584b076:207
[  574026ms] [LOG] i18next::translator: missingKey en-US translation webcams.expand webcams.expand @ http://localhost:3001/node_modules/.vite/deps/i18next.js?v=d584b076:207
[  574026ms] [LOG] i18next::translator: missingKey en-US translation common.remove common.remove @ http://localhost:3001/node_modules/.vite/deps/i18next.js?v=d584b076:207
[  574026ms] [LOG] i18next::translator: missingKey en-US translation webcams.expand webcams.expand @ http://localhost:3001/node_modules/.vite/deps/i18next.js?v=d584b076:207
[  574026ms] [LOG] i18next::translator: missingKey en-US translation common.remove common.remove @ http://localhost:3001/node_modules/.vite/deps/i18next.js?v=d584b076:207
[  574387ms] [ERROR] Failed to load resource: the server responded with a status of 404 (Not Found) @ http://localhost:3001/api/health/v1/list-disease-outbreaks:0
[  574387ms] [ERROR] Failed to load resource: the server responded with a status of 503 (Service Unavailable) @ http://localhost:3001/api/gpsjam:0
[  574428ms] [WARNING] Image "circle-11" could not be loaded. Please make sure you have added the image with map.addImage() or a "sprite" property in your style. You can provide missing images by listening for the "styleimagemissing" map event. @ http://localhost:3001/node_modules/.vite/deps/maplibre-gl.js?v=d584b076:312
[  574680ms] [ERROR] [App] Telegram intel fetch failed: SyntaxError: Unexpected token 'i', "import { g"... is not valid JSON @ http://localhost:3001/src/app/data-loader.ts?t=1777562143053:2939
[  574689ms] [ERROR] [App] Telegram intel fetch failed: SyntaxError: Unexpected token 'i', "import { g"... is not valid JSON @ http://localhost:3001/src/app/data-loader.ts?t=1777562143053:2939
[  574752ms] [ERROR] Failed to load resource: the server responded with a status of 404 (Not Found) @ http://localhost:3001/api/radiation/v1/list-radiation-observations?max_items=18:0
[  574752ms] [ERROR] Failed to load resource: the server responded with a status of 404 (Not Found) @ http://localhost:3001/api/thermal/v1/list-thermal-escalations?max_items=12:0
[  574754ms] [LOG] i18next::translator: missingKey en-US translation common.remove common.remove @ http://localhost:3001/node_modules/.vite/deps/i18next.js?v=d584b076:207
[  574790ms] [ERROR] [NWS Weather] Failed: SyntaxError: Unexpected token 'i', "import { g"... is not valid JSON @ http://localhost:3001/src/utils/circuit-breaker.ts?t=1777562143053:298
[  574795ms] [ERROR] [Polymarket] Failed: Error: No markets returned — upstream may be down @ http://localhost:3001/src/utils/circuit-breaker.ts?t=1777562143053:298
[  574803ms] [ERROR] [Military Flight Tracking] Failed: Error: No flights returned — upstream may be down @ http://localhost:3001/src/utils/circuit-breaker.ts?t=1777562143053:298
[  574806ms] [LOG] [Intelligence] All signals loaded for CII calculation @ http://localhost:3001/src/app/data-loader.ts?t=1777562143053:1966
[  574809ms] [ERROR] [Radiation Watch] Failed: ApiError: Request failed with status 404 @ http://localhost:3001/src/utils/circuit-breaker.ts?t=1777562143053:298
[  574810ms] [ERROR] [Thermal Escalation] Failed: ApiError: Request failed with status 404 @ http://localhost:3001/src/utils/circuit-breaker.ts?t=1777562143053:298
[  574810ms] [ERROR] Failed to load resource: the server responded with a status of 404 (Not Found) @ http://localhost:3001/api/forecast/v1/get-forecasts:0
[  574810ms] [ERROR] Failed to load resource: the server responded with a status of 404 (Not Found) @ http://localhost:3001/api/forecast/v1/get-simulation-outcome:0
[  574858ms] [WARNING] [clerk] getClerkToken: no session (clerkInstance=false, user=false) @ http://localhost:3001/src/services/clerk.ts:127
[  574987ms] [ERROR] Failed to load resource: the server responded with a status of 404 (Not Found) @ http://localhost:3001/api/sanctions/v1/list-sanctions-pressure?max_items=30:0
[  574992ms] [ERROR] [Sanctions Pressure] Failed: ApiError: Request failed with status 404 @ http://localhost:3001/src/utils/circuit-breaker.ts?t=1777562143053:298
[  575547ms] [LOG] i18next::translator: missingKey en-US translation common.remove common.remove @ http://localhost:3001/node_modules/.vite/deps/i18next.js?v=d584b076:207
[  575622ms] [INFO] [News] Digest fetched: 16 categories @ http://localhost:3001/src/app/data-loader.ts?t=1777562143053:298
[  575624ms] [WARNING] [News] Digest missing for "markets", limited per-feed fallback disabled @ http://localhost:3001/src/app/data-loader.ts?t=1777562143053:848
[  575625ms] [WARNING] [News] Digest missing for "disasters", limited per-feed fallback disabled @ http://localhost:3001/src/app/data-loader.ts?t=1777562143053:848
[  576006ms] [LOG] i18next::translator: missingKey en-US translation common.remove common.remove @ http://localhost:3001/node_modules/.vite/deps/i18next.js?v=d584b076:207
[  576052ms] [LOG] i18next::translator: missingKey en-US translation common.remove common.remove @ http://localhost:3001/node_modules/.vite/deps/i18next.js?v=d584b076:207
[  577451ms] [LOG] [Search] Indexing 0 news items (allNews total: 0) @ http://localhost:3001/src/app/search-manager.ts?t=1777562231858:690
[  581333ms] [ERROR] Loading the script 'https://abacus.kopassus.monitor/script.js' violates the following Content Security Policy directive: "script-src 'self' 'sha256-LnMFPWZxTgVOr2VYwIh9mhQ3l/l3+a3SfNOLERnuHfY=' 'sha256-4Z2xtr1B9QQugoojE/nbpOViG+8l2B7CZVlKgC78AeQ=' 'sha256-903UI9my1I7mqHoiVeZSc56yd50YoRJTB2269QqL76w=' 'sha256-EytE6o1N8rwzpVFMrF+WvBZr2y5UhFLw79o1/4VqS0s=' 'wasm-unsafe-eval' https://www.youtube.com https://static.cloudflareinsights.com https://vercel.live https://challenges.cloudflare.com https://abacus.worldmonitor.app https://*.clerk.accounts.dev https://*.dodopayments.com https://js.stripe.com". Note that 'script-src-elem' was not explicitly set, so 'script-src' is used as a fallback. The action has been blocked. @ http://localhost:3001/?lat=-1.9341&lon=118.0000&zoom=4.00&view=indonesia&timeRange=7d&layers=conflicts%2Cbases%2Chotspots%2Cnuclear%2Csanctions%2Cweather%2Ceconomic%2Cwaterways%2Coutages%2Cmilitary%2Cnatural:0
[  581333ms] [ERROR] Executing inline script violates the following Content Security Policy directive 'script-src 'self' 'sha256-LnMFPWZxTgVOr2VYwIh9mhQ3l/l3+a3SfNOLERnuHfY=' 'sha256-4Z2xtr1B9QQugoojE/nbpOViG+8l2B7CZVlKgC78AeQ=' 'sha256-903UI9my1I7mqHoiVeZSc56yd50YoRJTB2269QqL76w=' 'sha256-EytE6o1N8rwzpVFMrF+WvBZr2y5UhFLw79o1/4VqS0s=' 'wasm-unsafe-eval' https://www.youtube.com https://static.cloudflareinsights.com https://vercel.live https://challenges.cloudflare.com https://abacus.worldmonitor.app https://*.clerk.accounts.dev https://*.dodopayments.com https://js.stripe.com'. Either the 'unsafe-inline' keyword, a hash ('sha256-BNN4UEEko1REertbvdEqNgt0fL5ykItf9IoM3JmlUwY='), or a nonce ('nonce-...') is required to enable inline execution. The action has been blocked. @ http://localhost:3001/?lat=-1.9341&lon=118.0000&zoom=4.00&view=indonesia&timeRange=7d&layers=conflicts%2Cbases%2Chotspots%2Cnuclear%2Csanctions%2Cweather%2Ceconomic%2Cwaterways%2Coutages%2Cmilitary%2Cnatural:121
[  581952ms] [ERROR] [feeds] DEFAULT_ENABLED name "Breaking Defense" not found in FULL_FEEDS! @ http://localhost:3001/src/config/feeds.ts?t=1777562143053:1171
[  581952ms] [LOG] [feeds] 107 unique default-enabled sources / 204 total @ http://localhost:3001/src/config/feeds.ts?t=1777562143053:1173
[  582041ms] [WARNING] THREE.THREE.Clock: This module has been deprecated. Please use THREE.Timer instead. @ http://localhost:3001/node_modules/.vite/deps/chunk-JENIRZW7.js?v=d584b076:296
[  582045ms] [ERROR] Loading the script 'https://va.vercel-scripts.com/v1/script.debug.js' violates the following Content Security Policy directive: "script-src 'self' 'sha256-LnMFPWZxTgVOr2VYwIh9mhQ3l/l3+a3SfNOLERnuHfY=' 'sha256-4Z2xtr1B9QQugoojE/nbpOViG+8l2B7CZVlKgC78AeQ=' 'sha256-903UI9my1I7mqHoiVeZSc56yd50YoRJTB2269QqL76w=' 'sha256-EytE6o1N8rwzpVFMrF+WvBZr2y5UhFLw79o1/4VqS0s=' 'wasm-unsafe-eval' https://www.youtube.com https://static.cloudflareinsights.com https://vercel.live https://challenges.cloudflare.com https://abacus.worldmonitor.app https://*.clerk.accounts.dev https://*.dodopayments.com https://js.stripe.com". Note that 'script-src-elem' was not explicitly set, so 'script-src' is used as a fallback. The action has been blocked. @ http://localhost:3001/node_modules/.vite/deps/@vercel_analytics.js?v=d584b076:185
[  582046ms] [LOG] [App] Variant check: stored="indonesia", current="indonesia" @ http://localhost:3001/src/App.ts?t=1777562246896:393
[  582047ms] [LOG] [App] Loaded panel settings from storage: [positive-feed, progress, counters, spotlight, breakthroughs, digest, species, renewable, giving, insights, commodity-news, liquidity-shifts, positioning-247, gold-silver, energy, mining-news, critical-minerals, base-metals, mining-companies, supply-chain, commodity-regulation, energy-complex, pipeline-status, oil-inventories, gold-intelligence, heatmap, macro-signals, trade-policy, sanctions-pressure, economic, gulf-economies, gcc-investments, consumer-prices, airline-intel, polymarket, world-clock, monitors, latest-brief, energy-risk-overview, chokepoint-strip, storage-facility-map, fuel-shortages, energy-disruptions, hormuz-tracker, energy-crisis, fuel-prices, climate, live-webcams, windy-webcams, ai, startups, vcblogs, regionalStartups, unicorns, accelerators, security, policy, layoffs, finance, crypto, hardware, cloud, dev, github, ipo, funding, producthunt, events, internet-disruptions, service-status, tech-readiness, etf-flows, stablecoins, tech-hubs, ai-regulation, stock-analysis, stock-backtest, daily-market-brief, markets-news, forex, bonds, commodities-news, crypto-news, crypto-heatmap, defi-tokens, ai-tokens, other-tokens, centralbanks, economic-news, macro-tiles, fear-greed, aaii-sentiment, market-breadth, fsi, yield-curve, earnings-calendar, economic-calendar, cot-positioning, derivatives, fintech] @ http://localhost:3001/src/App.ts?t=1777562246896:500
[  582049ms] [LOG] [entitlements] No VITE_CONVEX_URL — skipping Convex subscription @ http://localhost:3001/src/services/entitlements.ts?t=1777562143053:11
[  582049ms] [WARNING] [billing] No VITE_CONVEX_URL -- skipping subscription watch @ http://localhost:3001/src/services/billing.ts:19
[  582079ms] [LOG] [Vercel Web Analytics] Failed to load script from https://va.vercel-scripts.com/v1/script.debug.js. Please check if any ad blockers are enabled and try again. @ http://localhost:3001/node_modules/.vite/deps/@vercel_analytics.js?v=d584b076:181
[  582101ms] [INFO] 🌐 i18next is made possible by our own product, Locize — consider powering your project with managed localization (AI, CDN, integrations): https://locize.com 💙 @ http://localhost:3001/node_modules/.vite/deps/i18next.js?v=d584b076:1803
[  582102ms] [LOG] i18next: languageChanged en-US @ http://localhost:3001/node_modules/.vite/deps/i18next.js?v=d584b076:207
[  582102ms] [LOG] i18next: initialized {debug: true, initAsync: true, ns: Array(1), defaultNS: Array(1), fallbackLng: Array(1)} @ http://localhost:3001/node_modules/.vite/deps/i18next.js?v=d584b076:207
[  582138ms] [ERROR] The script has an unsupported MIME type ('text/html'). @ :0
[  582139ms] [WARNING] [clerk] VITE_CLERK_PUBLISHABLE_KEY not set, auth disabled @ http://localhost:3001/src/services/clerk.ts:62
[  582141ms] [WARNING] [PWA] Service worker registration failed: SecurityError: Failed to register a ServiceWorker for scope ('http://localhost:3001/') with script ('http://localhost:3001/sw.js'): The script has an unsupported MIME type ('text/html'). @ http://localhost:3001/src/main.ts?t=1777562246896:565
[  582155ms] [LOG] [MapContainer] Initializing deck.gl map (desktop mode) @ http://localhost:3001/src/components/MapContainer.ts?t=1777562143053:110
[  582171ms] [LOG] i18next::translator: missingKey en-US translation components.deckgl.layers.commodityPorts components.deckgl.layers.commodityPorts @ http://localhost:3001/node_modules/.vite/deps/i18next.js?v=d584b076:207
[  582171ms] [LOG] i18next::translator: missingKey en-US translation components.deckgl.layers.webcams components.deckgl.layers.webcams @ http://localhost:3001/node_modules/.vite/deps/i18next.js?v=d584b076:207
[  582171ms] [LOG] i18next::translator: missingKey en-US translation components.deckgl.layers.miningSites components.deckgl.layers.miningSites @ http://localhost:3001/node_modules/.vite/deps/i18next.js?v=d584b076:207
[  582171ms] [LOG] i18next::translator: missingKey en-US translation components.deckgl.layers.processingPlants components.deckgl.layers.processingPlants @ http://localhost:3001/node_modules/.vite/deps/i18next.js?v=d584b076:207
[  582172ms] [LOG] i18next::translator: missingKey en-US translation components.deckgl.layers.resilienceScore components.deckgl.layers.resilienceScore @ http://localhost:3001/node_modules/.vite/deps/i18next.js?v=d584b076:207
[  582173ms] [LOG] i18next::translator: missingKey en-US translation components.deckgl.layers.diseaseOutbreaks components.deckgl.layers.diseaseOutbreaks @ http://localhost:3001/node_modules/.vite/deps/i18next.js?v=d584b076:207
[  582173ms] [LOG] i18next::translator: missingKey en-US translation components.deckgl.layers.sanctions components.deckgl.layers.sanctions @ http://localhost:3001/node_modules/.vite/deps/i18next.js?v=d584b076:207
[  582177ms] [LOG] i18next::translator: missingKey en-US translation panels.cctvIpStream.infoTooltip panels.cctvIpStream.infoTooltip @ http://localhost:3001/node_modules/.vite/deps/i18next.js?v=d584b076:207
[  582212ms] [LOG] i18next::translator: missingKey en-US translation panels.disasters panels.disasters @ http://localhost:3001/node_modules/.vite/deps/i18next.js?v=d584b076:207
[  582213ms] [LOG] i18next::translator: missingKey en-US translation panels.positiveFeed panels.positiveFeed @ http://localhost:3001/node_modules/.vite/deps/i18next.js?v=d584b076:207
[  582213ms] [LOG] i18next::translator: missingKey en-US translation panels.progress panels.progress @ http://localhost:3001/node_modules/.vite/deps/i18next.js?v=d584b076:207
[  582213ms] [LOG] i18next::translator: missingKey en-US translation panels.counters panels.counters @ http://localhost:3001/node_modules/.vite/deps/i18next.js?v=d584b076:207
[  582213ms] [LOG] i18next::translator: missingKey en-US translation panels.spotlight panels.spotlight @ http://localhost:3001/node_modules/.vite/deps/i18next.js?v=d584b076:207
[  582213ms] [LOG] i18next::translator: missingKey en-US translation panels.breakthroughs panels.breakthroughs @ http://localhost:3001/node_modules/.vite/deps/i18next.js?v=d584b076:207
[  582213ms] [LOG] i18next::translator: missingKey en-US translation panels.digest panels.digest @ http://localhost:3001/node_modules/.vite/deps/i18next.js?v=d584b076:207
[  582213ms] [LOG] i18next::translator: missingKey en-US translation panels.species panels.species @ http://localhost:3001/node_modules/.vite/deps/i18next.js?v=d584b076:207
[  582213ms] [LOG] i18next::translator: missingKey en-US translation panels.renewable panels.renewable @ http://localhost:3001/node_modules/.vite/deps/i18next.js?v=d584b076:207
[  582213ms] [LOG] i18next::translator: missingKey en-US translation panels.commodityNews panels.commodityNews @ http://localhost:3001/node_modules/.vite/deps/i18next.js?v=d584b076:207
[  582213ms] [LOG] i18next::translator: missingKey en-US translation panels.liquidityShifts panels.liquidityShifts @ http://localhost:3001/node_modules/.vite/deps/i18next.js?v=d584b076:207
[  582213ms] [LOG] i18next::translator: missingKey en-US translation panels.positioning-247 panels.positioning-247 @ http://localhost:3001/node_modules/.vite/deps/i18next.js?v=d584b076:207
[  582213ms] [LOG] i18next::translator: missingKey en-US translation panels.goldSilver panels.goldSilver @ http://localhost:3001/node_modules/.vite/deps/i18next.js?v=d584b076:207
[  582215ms] [LOG] i18next::translator: missingKey en-US translation panels.miningNews panels.miningNews @ http://localhost:3001/node_modules/.vite/deps/i18next.js?v=d584b076:207
[  582215ms] [LOG] i18next::translator: missingKey en-US translation panels.criticalMinerals panels.criticalMinerals @ http://localhost:3001/node_modules/.vite/deps/i18next.js?v=d584b076:207
[  582215ms] [LOG] i18next::translator: missingKey en-US translation panels.baseMetals panels.baseMetals @ http://localhost:3001/node_modules/.vite/deps/i18next.js?v=d584b076:207
[  582215ms] [LOG] i18next::translator: missingKey en-US translation panels.miningCompanies panels.miningCompanies @ http://localhost:3001/node_modules/.vite/deps/i18next.js?v=d584b076:207
[  582215ms] [LOG] i18next::translator: missingKey en-US translation panels.commodityRegulation panels.commodityRegulation @ http://localhost:3001/node_modules/.vite/deps/i18next.js?v=d584b076:207
[  582215ms] [LOG] i18next::translator: missingKey en-US translation panels.pipelineStatus panels.pipelineStatus @ http://localhost:3001/node_modules/.vite/deps/i18next.js?v=d584b076:207
[  582215ms] [LOG] i18next::translator: missingKey en-US translation panels.sanctionsPressure panels.sanctionsPressure @ http://localhost:3001/node_modules/.vite/deps/i18next.js?v=d584b076:207
[  582216ms] [LOG] i18next::translator: missingKey en-US translation panels.worldClock panels.worldClock @ http://localhost:3001/node_modules/.vite/deps/i18next.js?v=d584b076:207
[  582216ms] [LOG] i18next::translator: missingKey en-US translation panels.latestBrief panels.latestBrief @ http://localhost:3001/node_modules/.vite/deps/i18next.js?v=d584b076:207
[  582216ms] [LOG] i18next::translator: missingKey en-US translation panels.energyRiskOverview panels.energyRiskOverview @ http://localhost:3001/node_modules/.vite/deps/i18next.js?v=d584b076:207
[  582216ms] [LOG] i18next::translator: missingKey en-US translation panels.chokepointStrip panels.chokepointStrip @ http://localhost:3001/node_modules/.vite/deps/i18next.js?v=d584b076:207
[  582216ms] [LOG] i18next::translator: missingKey en-US translation panels.storageFacilityMap panels.storageFacilityMap @ http://localhost:3001/node_modules/.vite/deps/i18next.js?v=d584b076:207
[  582216ms] [LOG] i18next::translator: missingKey en-US translation panels.fuelShortages panels.fuelShortages @ http://localhost:3001/node_modules/.vite/deps/i18next.js?v=d584b076:207
[  582216ms] [LOG] i18next::translator: missingKey en-US translation panels.energyDisruptions panels.energyDisruptions @ http://localhost:3001/node_modules/.vite/deps/i18next.js?v=d584b076:207
[  582216ms] [LOG] i18next::translator: missingKey en-US translation panels.hormuzTracker panels.hormuzTracker @ http://localhost:3001/node_modules/.vite/deps/i18next.js?v=d584b076:207
[  582219ms] [LOG] i18next::translator: missingKey en-US translation panels.aiRegulation panels.aiRegulation @ http://localhost:3001/node_modules/.vite/deps/i18next.js?v=d584b076:207
[  582219ms] [LOG] i18next::translator: missingKey en-US translation panels.stockAnalysis panels.stockAnalysis @ http://localhost:3001/node_modules/.vite/deps/i18next.js?v=d584b076:207
[  582219ms] [LOG] i18next::translator: missingKey en-US translation panels.stockBacktest panels.stockBacktest @ http://localhost:3001/node_modules/.vite/deps/i18next.js?v=d584b076:207
[  582219ms] [LOG] i18next::translator: missingKey en-US translation panels.dailyMarketBrief panels.dailyMarketBrief @ http://localhost:3001/node_modules/.vite/deps/i18next.js?v=d584b076:207
[  582219ms] [LOG] i18next::translator: missingKey en-US translation panels.marketsNews panels.marketsNews @ http://localhost:3001/node_modules/.vite/deps/i18next.js?v=d584b076:207
[  582219ms] [LOG] i18next::translator: missingKey en-US translation panels.forex panels.forex @ http://localhost:3001/node_modules/.vite/deps/i18next.js?v=d584b076:207
[  582219ms] [LOG] i18next::translator: missingKey en-US translation panels.bonds panels.bonds @ http://localhost:3001/node_modules/.vite/deps/i18next.js?v=d584b076:207
[  582225ms] [LOG] i18next::translator: missingKey en-US translation panels.commoditiesNews panels.commoditiesNews @ http://localhost:3001/node_modules/.vite/deps/i18next.js?v=d584b076:207
[  582225ms] [LOG] i18next::translator: missingKey en-US translation panels.cryptoNews panels.cryptoNews @ http://localhost:3001/node_modules/.vite/deps/i18next.js?v=d584b076:207
[  582225ms] [LOG] i18next::translator: missingKey en-US translation panels.cryptoHeatmap panels.cryptoHeatmap @ http://localhost:3001/node_modules/.vite/deps/i18next.js?v=d584b076:207
[  582225ms] [LOG] i18next::translator: missingKey en-US translation panels.defiTokens panels.defiTokens @ http://localhost:3001/node_modules/.vite/deps/i18next.js?v=d584b076:207
[  582225ms] [LOG] i18next::translator: missingKey en-US translation panels.aiTokens panels.aiTokens @ http://localhost:3001/node_modules/.vite/deps/i18next.js?v=d584b076:207
[  582225ms] [LOG] i18next::translator: missingKey en-US translation panels.otherTokens panels.otherTokens @ http://localhost:3001/node_modules/.vite/deps/i18next.js?v=d584b076:207
[  582225ms] [LOG] i18next::translator: missingKey en-US translation panels.centralbanks panels.centralbanks @ http://localhost:3001/node_modules/.vite/deps/i18next.js?v=d584b076:207
[  582225ms] [LOG] i18next::translator: missingKey en-US translation panels.economicNews panels.economicNews @ http://localhost:3001/node_modules/.vite/deps/i18next.js?v=d584b076:207
[  582225ms] [LOG] i18next::translator: missingKey en-US translation panels.macroTiles panels.macroTiles @ http://localhost:3001/node_modules/.vite/deps/i18next.js?v=d584b076:207
[  582226ms] [LOG] i18next::translator: missingKey en-US translation panels.aaiiSentiment panels.aaiiSentiment @ http://localhost:3001/node_modules/.vite/deps/i18next.js?v=d584b076:207
[  582226ms] [LOG] i18next::translator: missingKey en-US translation panels.fsi panels.fsi @ http://localhost:3001/node_modules/.vite/deps/i18next.js?v=d584b076:207
[  582226ms] [LOG] i18next::translator: missingKey en-US translation panels.yieldCurve panels.yieldCurve @ http://localhost:3001/node_modules/.vite/deps/i18next.js?v=d584b076:207
[  582226ms] [LOG] i18next::translator: missingKey en-US translation panels.earningsCalendar panels.earningsCalendar @ http://localhost:3001/node_modules/.vite/deps/i18next.js?v=d584b076:207
[  582226ms] [LOG] i18next::translator: missingKey en-US translation panels.economicCalendar panels.economicCalendar @ http://localhost:3001/node_modules/.vite/deps/i18next.js?v=d584b076:207
[  582226ms] [LOG] i18next::translator: missingKey en-US translation panels.cotPositioning panels.cotPositioning @ http://localhost:3001/node_modules/.vite/deps/i18next.js?v=d584b076:207
[  582226ms] [LOG] i18next::translator: missingKey en-US translation panels.derivatives panels.derivatives @ http://localhost:3001/node_modules/.vite/deps/i18next.js?v=d584b076:207
[  582227ms] [LOG] i18next::translator: missingKey en-US translation panels.fintech panels.fintech @ http://localhost:3001/node_modules/.vite/deps/i18next.js?v=d584b076:207
[  582227ms] [LOG] i18next::translator: missingKey en-US translation panels.institutional panels.institutional @ http://localhost:3001/node_modules/.vite/deps/i18next.js?v=d584b076:207
[  582227ms] [LOG] i18next::translator: missingKey en-US translation panels.analysis panels.analysis @ http://localhost:3001/node_modules/.vite/deps/i18next.js?v=d584b076:207
[  582227ms] [LOG] i18next::translator: missingKey en-US translation panels.gccNews panels.gccNews @ http://localhost:3001/node_modules/.vite/deps/i18next.js?v=d584b076:207
[  582227ms] [LOG] i18next::translator: missingKey en-US translation panels.forecast panels.forecast @ http://localhost:3001/node_modules/.vite/deps/i18next.js?v=d584b076:207
[  582227ms] [LOG] i18next::translator: missingKey en-US translation panels.militaryCorrelation panels.militaryCorrelation @ http://localhost:3001/node_modules/.vite/deps/i18next.js?v=d584b076:207
[  582227ms] [LOG] i18next::translator: missingKey en-US translation panels.escalationCorrelation panels.escalationCorrelation @ http://localhost:3001/node_modules/.vite/deps/i18next.js?v=d584b076:207
[  582227ms] [LOG] i18next::translator: missingKey en-US translation panels.economicCorrelation panels.economicCorrelation @ http://localhost:3001/node_modules/.vite/deps/i18next.js?v=d584b076:207
[  582227ms] [LOG] i18next::translator: missingKey en-US translation panels.disasterCorrelation panels.disasterCorrelation @ http://localhost:3001/node_modules/.vite/deps/i18next.js?v=d584b076:207
[  582227ms] [LOG] i18next::translator: missingKey en-US translation panels.chatAnalyst panels.chatAnalyst @ http://localhost:3001/node_modules/.vite/deps/i18next.js?v=d584b076:207
[  582228ms] [LOG] i18next::translator: missingKey en-US translation panels.diseaseOutbreaks panels.diseaseOutbreaks @ http://localhost:3001/node_modules/.vite/deps/i18next.js?v=d584b076:207
[  582228ms] [LOG] i18next::translator: missingKey en-US translation panels.socialVelocity panels.socialVelocity @ http://localhost:3001/node_modules/.vite/deps/i18next.js?v=d584b076:207
[  582228ms] [LOG] i18next::translator: missingKey en-US translation panels.defensePatents panels.defensePatents @ http://localhost:3001/node_modules/.vite/deps/i18next.js?v=d584b076:207
[  582228ms] [LOG] i18next::translator: missingKey en-US translation panels.radiationWatch panels.radiationWatch @ http://localhost:3001/node_modules/.vite/deps/i18next.js?v=d584b076:207
[  582228ms] [LOG] i18next::translator: missingKey en-US translation panels.thermalEscalation panels.thermalEscalation @ http://localhost:3001/node_modules/.vite/deps/i18next.js?v=d584b076:207
[  582228ms] [LOG] i18next::translator: missingKey en-US translation panels.nationalDebt panels.nationalDebt @ http://localhost:3001/node_modules/.vite/deps/i18next.js?v=d584b076:207
[  582228ms] [LOG] i18next::translator: missingKey en-US translation panels.crossSourceSignals panels.crossSourceSignals @ http://localhost:3001/node_modules/.vite/deps/i18next.js?v=d584b076:207
[  582228ms] [LOG] i18next::translator: missingKey en-US translation panels.regionalIntelligence panels.regionalIntelligence @ http://localhost:3001/node_modules/.vite/deps/i18next.js?v=d584b076:207
[  582286ms] [LOG] i18next::translator: missingKey en-US translation webcams.expand webcams.expand @ http://localhost:3001/node_modules/.vite/deps/i18next.js?v=d584b076:207
[  582286ms] [LOG] i18next::translator: missingKey en-US translation common.remove common.remove @ http://localhost:3001/node_modules/.vite/deps/i18next.js?v=d584b076:207
[  582287ms] [LOG] i18next::translator: missingKey en-US translation webcams.expand webcams.expand @ http://localhost:3001/node_modules/.vite/deps/i18next.js?v=d584b076:207
[  582287ms] [LOG] i18next::translator: missingKey en-US translation common.remove common.remove @ http://localhost:3001/node_modules/.vite/deps/i18next.js?v=d584b076:207
[  582287ms] [LOG] i18next::translator: missingKey en-US translation webcams.expand webcams.expand @ http://localhost:3001/node_modules/.vite/deps/i18next.js?v=d584b076:207
[  582287ms] [LOG] i18next::translator: missingKey en-US translation common.remove common.remove @ http://localhost:3001/node_modules/.vite/deps/i18next.js?v=d584b076:207
[  582287ms] [LOG] i18next::translator: missingKey en-US translation webcams.expand webcams.expand @ http://localhost:3001/node_modules/.vite/deps/i18next.js?v=d584b076:207
[  582287ms] [LOG] i18next::translator: missingKey en-US translation common.remove common.remove @ http://localhost:3001/node_modules/.vite/deps/i18next.js?v=d584b076:207
[  582739ms] [ERROR] Failed to load resource: the server responded with a status of 404 (Not Found) @ http://localhost:3001/api/health/v1/list-disease-outbreaks:0
[  582739ms] [ERROR] Failed to load resource: the server responded with a status of 503 (Service Unavailable) @ http://localhost:3001/api/gpsjam:0
[  582779ms] [WARNING] Image "circle-11" could not be loaded. Please make sure you have added the image with map.addImage() or a "sprite" property in your style. You can provide missing images by listening for the "styleimagemissing" map event. @ http://localhost:3001/node_modules/.vite/deps/maplibre-gl.js?v=d584b076:312
[  582785ms] [ERROR] [App] Telegram intel fetch failed: SyntaxError: Unexpected token 'i', "import { g"... is not valid JSON @ http://localhost:3001/src/app/data-loader.ts?t=1777562143053:2939
[  582787ms] [ERROR] [App] Telegram intel fetch failed: SyntaxError: Unexpected token 'i', "import { g"... is not valid JSON @ http://localhost:3001/src/app/data-loader.ts?t=1777562143053:2939
[  583011ms] [ERROR] Failed to load resource: the server responded with a status of 404 (Not Found) @ http://localhost:3001/api/radiation/v1/list-radiation-observations?max_items=18:0
[  583011ms] [ERROR] Failed to load resource: the server responded with a status of 404 (Not Found) @ http://localhost:3001/api/thermal/v1/list-thermal-escalations?max_items=12:0
[  583023ms] [ERROR] [NWS Weather] Failed: SyntaxError: Unexpected token 'i', "import { g"... is not valid JSON @ http://localhost:3001/src/utils/circuit-breaker.ts?t=1777562143053:298
[  583024ms] [ERROR] Failed to load resource: the server responded with a status of 404 (Not Found) @ http://localhost:3001/api/forecast/v1/get-simulation-outcome:0
[  583024ms] [ERROR] Failed to load resource: the server responded with a status of 404 (Not Found) @ http://localhost:3001/api/forecast/v1/get-forecasts:0
[  583044ms] [ERROR] [Polymarket] Failed: Error: No markets returned — upstream may be down @ http://localhost:3001/src/utils/circuit-breaker.ts?t=1777562143053:298
[  583046ms] [ERROR] [Military Flight Tracking] Failed: Error: No flights returned — upstream may be down @ http://localhost:3001/src/utils/circuit-breaker.ts?t=1777562143053:298
[  583048ms] [LOG] [Intelligence] All signals loaded for CII calculation @ http://localhost:3001/src/app/data-loader.ts?t=1777562143053:1966
[  583049ms] [ERROR] [Radiation Watch] Failed: ApiError: Request failed with status 404 @ http://localhost:3001/src/utils/circuit-breaker.ts?t=1777562143053:298
[  583050ms] [ERROR] [Thermal Escalation] Failed: ApiError: Request failed with status 404 @ http://localhost:3001/src/utils/circuit-breaker.ts?t=1777562143053:298
[  583050ms] [LOG] i18next::translator: missingKey en-US translation common.remove common.remove @ http://localhost:3001/node_modules/.vite/deps/i18next.js?v=d584b076:207
[  583065ms] [LOG] i18next::translator: missingKey en-US translation common.remove common.remove @ http://localhost:3001/node_modules/.vite/deps/i18next.js?v=d584b076:207
[  583069ms] [WARNING] [clerk] getClerkToken: no session (clerkInstance=false, user=false) @ http://localhost:3001/src/services/clerk.ts:127
[  583128ms] [ERROR] Failed to load resource: the server responded with a status of 404 (Not Found) @ http://localhost:3001/api/sanctions/v1/list-sanctions-pressure?max_items=30:0
[  583150ms] [ERROR] [Sanctions Pressure] Failed: ApiError: Request failed with status 404 @ http://localhost:3001/src/utils/circuit-breaker.ts?t=1777562143053:298
[  583618ms] [LOG] i18next::translator: missingKey en-US translation common.remove common.remove @ http://localhost:3001/node_modules/.vite/deps/i18next.js?v=d584b076:207
[  584163ms] [LOG] i18next::translator: missingKey en-US translation common.remove common.remove @ http://localhost:3001/node_modules/.vite/deps/i18next.js?v=d584b076:207
[  589256ms] [INFO] [News] Digest fetched: 16 categories @ http://localhost:3001/src/app/data-loader.ts?t=1777562143053:298
[  589264ms] [WARNING] [News] Digest missing for "markets", limited per-feed fallback disabled @ http://localhost:3001/src/app/data-loader.ts?t=1777562143053:848
[  589265ms] [WARNING] [News] Digest missing for "disasters", limited per-feed fallback disabled @ http://localhost:3001/src/app/data-loader.ts?t=1777562143053:848
[  591098ms] [LOG] [Search] Indexing 0 news items (allNews total: 0) @ http://localhost:3001/src/app/search-manager.ts?t=1777562246896:690
[  777276ms] [LOG] [vite] server connection lost. Polling for restart... @ http://localhost:3001/@vite/client:963
[  777419ms] [ERROR] Loading the script 'https://abacus.kopassus.monitor/script.js' violates the following Content Security Policy directive: "script-src 'self' 'sha256-LnMFPWZxTgVOr2VYwIh9mhQ3l/l3+a3SfNOLERnuHfY=' 'sha256-4Z2xtr1B9QQugoojE/nbpOViG+8l2B7CZVlKgC78AeQ=' 'sha256-903UI9my1I7mqHoiVeZSc56yd50YoRJTB2269QqL76w=' 'sha256-EytE6o1N8rwzpVFMrF+WvBZr2y5UhFLw79o1/4VqS0s=' 'wasm-unsafe-eval' https://www.youtube.com https://static.cloudflareinsights.com https://vercel.live https://challenges.cloudflare.com https://abacus.worldmonitor.app https://*.clerk.accounts.dev https://*.dodopayments.com https://js.stripe.com". Note that 'script-src-elem' was not explicitly set, so 'script-src' is used as a fallback. The action has been blocked. @ http://localhost:3001/?lat=-1.9341&lon=118.0000&zoom=4.00&view=indonesia&timeRange=7d&layers=conflicts%2Cbases%2Chotspots%2Cnuclear%2Csanctions%2Cweather%2Ceconomic%2Cwaterways%2Coutages%2Cmilitary%2Cnatural:0
[  777419ms] [ERROR] Executing inline script violates the following Content Security Policy directive 'script-src 'self' 'sha256-LnMFPWZxTgVOr2VYwIh9mhQ3l/l3+a3SfNOLERnuHfY=' 'sha256-4Z2xtr1B9QQugoojE/nbpOViG+8l2B7CZVlKgC78AeQ=' 'sha256-903UI9my1I7mqHoiVeZSc56yd50YoRJTB2269QqL76w=' 'sha256-EytE6o1N8rwzpVFMrF+WvBZr2y5UhFLw79o1/4VqS0s=' 'wasm-unsafe-eval' https://www.youtube.com https://static.cloudflareinsights.com https://vercel.live https://challenges.cloudflare.com https://abacus.worldmonitor.app https://*.clerk.accounts.dev https://*.dodopayments.com https://js.stripe.com'. Either the 'unsafe-inline' keyword, a hash ('sha256-BNN4UEEko1REertbvdEqNgt0fL5ykItf9IoM3JmlUwY='), or a nonce ('nonce-...') is required to enable inline execution. The action has been blocked. @ http://localhost:3001/?lat=-1.9341&lon=118.0000&zoom=4.00&view=indonesia&timeRange=7d&layers=conflicts%2Cbases%2Chotspots%2Cnuclear%2Csanctions%2Cweather%2Ceconomic%2Cwaterways%2Coutages%2Cmilitary%2Cnatural:121
[  778770ms] [ERROR] [feeds] DEFAULT_ENABLED name "Breaking Defense" not found in FULL_FEEDS! @ http://localhost:3001/src/config/feeds.ts:1171
[  778770ms] [LOG] [feeds] 107 unique default-enabled sources / 204 total @ http://localhost:3001/src/config/feeds.ts:1173
[  778870ms] [WARNING] THREE.THREE.Clock: This module has been deprecated. Please use THREE.Timer instead. @ http://localhost:3001/node_modules/.vite/deps/chunk-JENIRZW7.js?v=d584b076:296
[  778873ms] [ERROR] Loading the script 'https://va.vercel-scripts.com/v1/script.debug.js' violates the following Content Security Policy directive: "script-src 'self' 'sha256-LnMFPWZxTgVOr2VYwIh9mhQ3l/l3+a3SfNOLERnuHfY=' 'sha256-4Z2xtr1B9QQugoojE/nbpOViG+8l2B7CZVlKgC78AeQ=' 'sha256-903UI9my1I7mqHoiVeZSc56yd50YoRJTB2269QqL76w=' 'sha256-EytE6o1N8rwzpVFMrF+WvBZr2y5UhFLw79o1/4VqS0s=' 'wasm-unsafe-eval' https://www.youtube.com https://static.cloudflareinsights.com https://vercel.live https://challenges.cloudflare.com https://abacus.worldmonitor.app https://*.clerk.accounts.dev https://*.dodopayments.com https://js.stripe.com". Note that 'script-src-elem' was not explicitly set, so 'script-src' is used as a fallback. The action has been blocked. @ http://localhost:3001/node_modules/.vite/deps/@vercel_analytics.js?v=d584b076:185
[  778874ms] [LOG] [App] Variant check: stored="indonesia", current="indonesia" @ http://localhost:3001/src/App.ts:393
[  778875ms] [LOG] [App] Loaded panel settings from storage: [positive-feed, progress, counters, spotlight, breakthroughs, digest, species, renewable, giving, insights, commodity-news, liquidity-shifts, positioning-247, gold-silver, energy, mining-news, critical-minerals, base-metals, mining-companies, supply-chain, commodity-regulation, energy-complex, pipeline-status, oil-inventories, gold-intelligence, heatmap, macro-signals, trade-policy, sanctions-pressure, economic, gulf-economies, gcc-investments, consumer-prices, airline-intel, polymarket, world-clock, monitors, latest-brief, energy-risk-overview, chokepoint-strip, storage-facility-map, fuel-shortages, energy-disruptions, hormuz-tracker, energy-crisis, fuel-prices, climate, live-webcams, windy-webcams, ai, startups, vcblogs, regionalStartups, unicorns, accelerators, security, policy, layoffs, finance, crypto, hardware, cloud, dev, github, ipo, funding, producthunt, events, internet-disruptions, service-status, tech-readiness, etf-flows, stablecoins, tech-hubs, ai-regulation, stock-analysis, stock-backtest, daily-market-brief, markets-news, forex, bonds, commodities-news, crypto-news, crypto-heatmap, defi-tokens, ai-tokens, other-tokens, centralbanks, economic-news, macro-tiles, fear-greed, aaii-sentiment, market-breadth, fsi, yield-curve, earnings-calendar, economic-calendar, cot-positioning, derivatives, fintech] @ http://localhost:3001/src/App.ts:500
[  778876ms] [LOG] [entitlements] No VITE_CONVEX_URL — skipping Convex subscription @ http://localhost:3001/src/services/entitlements.ts:11
[  778876ms] [WARNING] [billing] No VITE_CONVEX_URL -- skipping subscription watch @ http://localhost:3001/src/services/billing.ts:19
[  778901ms] [LOG] [Vercel Web Analytics] Failed to load script from https://va.vercel-scripts.com/v1/script.debug.js. Please check if any ad blockers are enabled and try again. @ http://localhost:3001/node_modules/.vite/deps/@vercel_analytics.js?v=d584b076:181
[  778907ms] [INFO] 🌐 i18next is made possible by our own product, Locize — consider powering your project with managed localization (AI, CDN, integrations): https://locize.com 💙 @ http://localhost:3001/node_modules/.vite/deps/i18next.js?v=d584b076:1803
[  778908ms] [LOG] i18next: languageChanged en-US @ http://localhost:3001/node_modules/.vite/deps/i18next.js?v=d584b076:207
[  778909ms] [LOG] i18next: initialized {debug: true, initAsync: true, ns: Array(1), defaultNS: Array(1), fallbackLng: Array(1)} @ http://localhost:3001/node_modules/.vite/deps/i18next.js?v=d584b076:207
[  778930ms] [ERROR] The script has an unsupported MIME type ('text/html'). @ :0
[  778934ms] [WARNING] [PWA] Service worker registration failed: SecurityError: Failed to register a ServiceWorker for scope ('http://localhost:3001/') with script ('http://localhost:3001/sw.js'): The script has an unsupported MIME type ('text/html'). @ http://localhost:3001/src/main.ts:565
[  778952ms] [WARNING] [clerk] VITE_CLERK_PUBLISHABLE_KEY not set, auth disabled @ http://localhost:3001/src/services/clerk.ts:62
[  778969ms] [LOG] [MapContainer] Initializing deck.gl map (desktop mode) @ http://localhost:3001/src/components/MapContainer.ts:110
[  778982ms] [LOG] i18next::translator: missingKey en-US translation components.deckgl.layers.commodityPorts components.deckgl.layers.commodityPorts @ http://localhost:3001/node_modules/.vite/deps/i18next.js?v=d584b076:207
[  778982ms] [LOG] i18next::translator: missingKey en-US translation components.deckgl.layers.webcams components.deckgl.layers.webcams @ http://localhost:3001/node_modules/.vite/deps/i18next.js?v=d584b076:207
[  778982ms] [LOG] i18next::translator: missingKey en-US translation components.deckgl.layers.miningSites components.deckgl.layers.miningSites @ http://localhost:3001/node_modules/.vite/deps/i18next.js?v=d584b076:207
[  778982ms] [LOG] i18next::translator: missingKey en-US translation components.deckgl.layers.processingPlants components.deckgl.layers.processingPlants @ http://localhost:3001/node_modules/.vite/deps/i18next.js?v=d584b076:207
[  778983ms] [LOG] i18next::translator: missingKey en-US translation components.deckgl.layers.resilienceScore components.deckgl.layers.resilienceScore @ http://localhost:3001/node_modules/.vite/deps/i18next.js?v=d584b076:207
[  778983ms] [LOG] i18next::translator: missingKey en-US translation components.deckgl.layers.diseaseOutbreaks components.deckgl.layers.diseaseOutbreaks @ http://localhost:3001/node_modules/.vite/deps/i18next.js?v=d584b076:207
[  778983ms] [LOG] i18next::translator: missingKey en-US translation components.deckgl.layers.sanctions components.deckgl.layers.sanctions @ http://localhost:3001/node_modules/.vite/deps/i18next.js?v=d584b076:207
[  778986ms] [LOG] i18next::translator: missingKey en-US translation panels.cctvIpStream.infoTooltip panels.cctvIpStream.infoTooltip @ http://localhost:3001/node_modules/.vite/deps/i18next.js?v=d584b076:207
[  779016ms] [LOG] i18next::translator: missingKey en-US translation panels.disasters panels.disasters @ http://localhost:3001/node_modules/.vite/deps/i18next.js?v=d584b076:207
[  779016ms] [LOG] i18next::translator: missingKey en-US translation panels.positiveFeed panels.positiveFeed @ http://localhost:3001/node_modules/.vite/deps/i18next.js?v=d584b076:207
[  779016ms] [LOG] i18next::translator: missingKey en-US translation panels.progress panels.progress @ http://localhost:3001/node_modules/.vite/deps/i18next.js?v=d584b076:207
[  779017ms] [LOG] i18next::translator: missingKey en-US translation panels.counters panels.counters @ http://localhost:3001/node_modules/.vite/deps/i18next.js?v=d584b076:207
[  779017ms] [LOG] i18next::translator: missingKey en-US translation panels.spotlight panels.spotlight @ http://localhost:3001/node_modules/.vite/deps/i18next.js?v=d584b076:207
[  779017ms] [LOG] i18next::translator: missingKey en-US translation panels.breakthroughs panels.breakthroughs @ http://localhost:3001/node_modules/.vite/deps/i18next.js?v=d584b076:207
[  779017ms] [LOG] i18next::translator: missingKey en-US translation panels.digest panels.digest @ http://localhost:3001/node_modules/.vite/deps/i18next.js?v=d584b076:207
[  779017ms] [LOG] i18next::translator: missingKey en-US translation panels.species panels.species @ http://localhost:3001/node_modules/.vite/deps/i18next.js?v=d584b076:207
[  779017ms] [LOG] i18next::translator: missingKey en-US translation panels.renewable panels.renewable @ http://localhost:3001/node_modules/.vite/deps/i18next.js?v=d584b076:207
[  779017ms] [LOG] i18next::translator: missingKey en-US translation panels.commodityNews panels.commodityNews @ http://localhost:3001/node_modules/.vite/deps/i18next.js?v=d584b076:207
[  779017ms] [LOG] i18next::translator: missingKey en-US translation panels.liquidityShifts panels.liquidityShifts @ http://localhost:3001/node_modules/.vite/deps/i18next.js?v=d584b076:207
[  779017ms] [LOG] i18next::translator: missingKey en-US translation panels.positioning-247 panels.positioning-247 @ http://localhost:3001/node_modules/.vite/deps/i18next.js?v=d584b076:207
[  779017ms] [LOG] i18next::translator: missingKey en-US translation panels.goldSilver panels.goldSilver @ http://localhost:3001/node_modules/.vite/deps/i18next.js?v=d584b076:207
[  779017ms] [LOG] i18next::translator: missingKey en-US translation panels.miningNews panels.miningNews @ http://localhost:3001/node_modules/.vite/deps/i18next.js?v=d584b076:207
[  779017ms] [LOG] i18next::translator: missingKey en-US translation panels.criticalMinerals panels.criticalMinerals @ http://localhost:3001/node_modules/.vite/deps/i18next.js?v=d584b076:207
[  779017ms] [LOG] i18next::translator: missingKey en-US translation panels.baseMetals panels.baseMetals @ http://localhost:3001/node_modules/.vite/deps/i18next.js?v=d584b076:207
[  779017ms] [LOG] i18next::translator: missingKey en-US translation panels.miningCompanies panels.miningCompanies @ http://localhost:3001/node_modules/.vite/deps/i18next.js?v=d584b076:207
[  779017ms] [LOG] i18next::translator: missingKey en-US translation panels.commodityRegulation panels.commodityRegulation @ http://localhost:3001/node_modules/.vite/deps/i18next.js?v=d584b076:207
[  779018ms] [LOG] i18next::translator: missingKey en-US translation panels.pipelineStatus panels.pipelineStatus @ http://localhost:3001/node_modules/.vite/deps/i18next.js?v=d584b076:207
[  779018ms] [LOG] i18next::translator: missingKey en-US translation panels.sanctionsPressure panels.sanctionsPressure @ http://localhost:3001/node_modules/.vite/deps/i18next.js?v=d584b076:207
[  779018ms] [LOG] i18next::translator: missingKey en-US translation panels.worldClock panels.worldClock @ http://localhost:3001/node_modules/.vite/deps/i18next.js?v=d584b076:207
[  779018ms] [LOG] i18next::translator: missingKey en-US translation panels.latestBrief panels.latestBrief @ http://localhost:3001/node_modules/.vite/deps/i18next.js?v=d584b076:207
[  779018ms] [LOG] i18next::translator: missingKey en-US translation panels.energyRiskOverview panels.energyRiskOverview @ http://localhost:3001/node_modules/.vite/deps/i18next.js?v=d584b076:207
[  779018ms] [LOG] i18next::translator: missingKey en-US translation panels.chokepointStrip panels.chokepointStrip @ http://localhost:3001/node_modules/.vite/deps/i18next.js?v=d584b076:207
[  779018ms] [LOG] i18next::translator: missingKey en-US translation panels.storageFacilityMap panels.storageFacilityMap @ http://localhost:3001/node_modules/.vite/deps/i18next.js?v=d584b076:207
[  779018ms] [LOG] i18next::translator: missingKey en-US translation panels.fuelShortages panels.fuelShortages @ http://localhost:3001/node_modules/.vite/deps/i18next.js?v=d584b076:207
[  779018ms] [LOG] i18next::translator: missingKey en-US translation panels.energyDisruptions panels.energyDisruptions @ http://localhost:3001/node_modules/.vite/deps/i18next.js?v=d584b076:207
[  779018ms] [LOG] i18next::translator: missingKey en-US translation panels.hormuzTracker panels.hormuzTracker @ http://localhost:3001/node_modules/.vite/deps/i18next.js?v=d584b076:207
[  779018ms] [LOG] i18next::translator: missingKey en-US translation panels.aiRegulation panels.aiRegulation @ http://localhost:3001/node_modules/.vite/deps/i18next.js?v=d584b076:207
[  779018ms] [LOG] i18next::translator: missingKey en-US translation panels.stockAnalysis panels.stockAnalysis @ http://localhost:3001/node_modules/.vite/deps/i18next.js?v=d584b076:207
[  779019ms] [LOG] i18next::translator: missingKey en-US translation panels.stockBacktest panels.stockBacktest @ http://localhost:3001/node_modules/.vite/deps/i18next.js?v=d584b076:207
[  779019ms] [LOG] i18next::translator: missingKey en-US translation panels.dailyMarketBrief panels.dailyMarketBrief @ http://localhost:3001/node_modules/.vite/deps/i18next.js?v=d584b076:207
[  779019ms] [LOG] i18next::translator: missingKey en-US translation panels.marketsNews panels.marketsNews @ http://localhost:3001/node_modules/.vite/deps/i18next.js?v=d584b076:207
[  779019ms] [LOG] i18next::translator: missingKey en-US translation panels.forex panels.forex @ http://localhost:3001/node_modules/.vite/deps/i18next.js?v=d584b076:207
[  779019ms] [LOG] i18next::translator: missingKey en-US translation panels.bonds panels.bonds @ http://localhost:3001/node_modules/.vite/deps/i18next.js?v=d584b076:207
[  779019ms] [LOG] i18next::translator: missingKey en-US translation panels.commoditiesNews panels.commoditiesNews @ http://localhost:3001/node_modules/.vite/deps/i18next.js?v=d584b076:207
[  779019ms] [LOG] i18next::translator: missingKey en-US translation panels.cryptoNews panels.cryptoNews @ http://localhost:3001/node_modules/.vite/deps/i18next.js?v=d584b076:207
[  779019ms] [LOG] i18next::translator: missingKey en-US translation panels.cryptoHeatmap panels.cryptoHeatmap @ http://localhost:3001/node_modules/.vite/deps/i18next.js?v=d584b076:207
[  779019ms] [LOG] i18next::translator: missingKey en-US translation panels.defiTokens panels.defiTokens @ http://localhost:3001/node_modules/.vite/deps/i18next.js?v=d584b076:207
[  779019ms] [LOG] i18next::translator: missingKey en-US translation panels.aiTokens panels.aiTokens @ http://localhost:3001/node_modules/.vite/deps/i18next.js?v=d584b076:207
[  779019ms] [LOG] i18next::translator: missingKey en-US translation panels.otherTokens panels.otherTokens @ http://localhost:3001/node_modules/.vite/deps/i18next.js?v=d584b076:207
[  779019ms] [LOG] i18next::translator: missingKey en-US translation panels.centralbanks panels.centralbanks @ http://localhost:3001/node_modules/.vite/deps/i18next.js?v=d584b076:207
[  779019ms] [LOG] i18next::translator: missingKey en-US translation panels.economicNews panels.economicNews @ http://localhost:3001/node_modules/.vite/deps/i18next.js?v=d584b076:207
[  779019ms] [LOG] i18next::translator: missingKey en-US translation panels.macroTiles panels.macroTiles @ http://localhost:3001/node_modules/.vite/deps/i18next.js?v=d584b076:207
[  779019ms] [LOG] i18next::translator: missingKey en-US translation panels.aaiiSentiment panels.aaiiSentiment @ http://localhost:3001/node_modules/.vite/deps/i18next.js?v=d584b076:207
[  779020ms] [LOG] i18next::translator: missingKey en-US translation panels.fsi panels.fsi @ http://localhost:3001/node_modules/.vite/deps/i18next.js?v=d584b076:207
[  779020ms] [LOG] i18next::translator: missingKey en-US translation panels.yieldCurve panels.yieldCurve @ http://localhost:3001/node_modules/.vite/deps/i18next.js?v=d584b076:207
[  779020ms] [LOG] i18next::translator: missingKey en-US translation panels.earningsCalendar panels.earningsCalendar @ http://localhost:3001/node_modules/.vite/deps/i18next.js?v=d584b076:207
[  779020ms] [LOG] i18next::translator: missingKey en-US translation panels.economicCalendar panels.economicCalendar @ http://localhost:3001/node_modules/.vite/deps/i18next.js?v=d584b076:207
[  779020ms] [LOG] i18next::translator: missingKey en-US translation panels.cotPositioning panels.cotPositioning @ http://localhost:3001/node_modules/.vite/deps/i18next.js?v=d584b076:207
[  779020ms] [LOG] i18next::translator: missingKey en-US translation panels.derivatives panels.derivatives @ http://localhost:3001/node_modules/.vite/deps/i18next.js?v=d584b076:207
[  779020ms] [LOG] i18next::translator: missingKey en-US translation panels.fintech panels.fintech @ http://localhost:3001/node_modules/.vite/deps/i18next.js?v=d584b076:207
[  779020ms] [LOG] i18next::translator: missingKey en-US translation panels.institutional panels.institutional @ http://localhost:3001/node_modules/.vite/deps/i18next.js?v=d584b076:207
[  779020ms] [LOG] i18next::translator: missingKey en-US translation panels.analysis panels.analysis @ http://localhost:3001/node_modules/.vite/deps/i18next.js?v=d584b076:207
[  779020ms] [LOG] i18next::translator: missingKey en-US translation panels.gccNews panels.gccNews @ http://localhost:3001/node_modules/.vite/deps/i18next.js?v=d584b076:207
[  779020ms] [LOG] i18next::translator: missingKey en-US translation panels.forecast panels.forecast @ http://localhost:3001/node_modules/.vite/deps/i18next.js?v=d584b076:207
[  779020ms] [LOG] i18next::translator: missingKey en-US translation panels.militaryCorrelation panels.militaryCorrelation @ http://localhost:3001/node_modules/.vite/deps/i18next.js?v=d584b076:207
[  779020ms] [LOG] i18next::translator: missingKey en-US translation panels.escalationCorrelation panels.escalationCorrelation @ http://localhost:3001/node_modules/.vite/deps/i18next.js?v=d584b076:207
[  779020ms] [LOG] i18next::translator: missingKey en-US translation panels.economicCorrelation panels.economicCorrelation @ http://localhost:3001/node_modules/.vite/deps/i18next.js?v=d584b076:207
[  779020ms] [LOG] i18next::translator: missingKey en-US translation panels.disasterCorrelation panels.disasterCorrelation @ http://localhost:3001/node_modules/.vite/deps/i18next.js?v=d584b076:207
[  779021ms] [LOG] i18next::translator: missingKey en-US translation panels.chatAnalyst panels.chatAnalyst @ http://localhost:3001/node_modules/.vite/deps/i18next.js?v=d584b076:207
[  779021ms] [LOG] i18next::translator: missingKey en-US translation panels.diseaseOutbreaks panels.diseaseOutbreaks @ http://localhost:3001/node_modules/.vite/deps/i18next.js?v=d584b076:207
[  779021ms] [LOG] i18next::translator: missingKey en-US translation panels.socialVelocity panels.socialVelocity @ http://localhost:3001/node_modules/.vite/deps/i18next.js?v=d584b076:207
[  779021ms] [LOG] i18next::translator: missingKey en-US translation panels.defensePatents panels.defensePatents @ http://localhost:3001/node_modules/.vite/deps/i18next.js?v=d584b076:207
[  779021ms] [LOG] i18next::translator: missingKey en-US translation panels.radiationWatch panels.radiationWatch @ http://localhost:3001/node_modules/.vite/deps/i18next.js?v=d584b076:207
[  779021ms] [LOG] i18next::translator: missingKey en-US translation panels.thermalEscalation panels.thermalEscalation @ http://localhost:3001/node_modules/.vite/deps/i18next.js?v=d584b076:207
[  779021ms] [LOG] i18next::translator: missingKey en-US translation panels.nationalDebt panels.nationalDebt @ http://localhost:3001/node_modules/.vite/deps/i18next.js?v=d584b076:207
[  779021ms] [LOG] i18next::translator: missingKey en-US translation panels.crossSourceSignals panels.crossSourceSignals @ http://localhost:3001/node_modules/.vite/deps/i18next.js?v=d584b076:207
[  779021ms] [LOG] i18next::translator: missingKey en-US translation panels.regionalIntelligence panels.regionalIntelligence @ http://localhost:3001/node_modules/.vite/deps/i18next.js?v=d584b076:207
[  779078ms] [LOG] i18next::translator: missingKey en-US translation webcams.expand webcams.expand @ http://localhost:3001/node_modules/.vite/deps/i18next.js?v=d584b076:207
[  779078ms] [LOG] i18next::translator: missingKey en-US translation common.remove common.remove @ http://localhost:3001/node_modules/.vite/deps/i18next.js?v=d584b076:207
[  779078ms] [LOG] i18next::translator: missingKey en-US translation webcams.expand webcams.expand @ http://localhost:3001/node_modules/.vite/deps/i18next.js?v=d584b076:207
[  779078ms] [LOG] i18next::translator: missingKey en-US translation common.remove common.remove @ http://localhost:3001/node_modules/.vite/deps/i18next.js?v=d584b076:207
[  779078ms] [LOG] i18next::translator: missingKey en-US translation webcams.expand webcams.expand @ http://localhost:3001/node_modules/.vite/deps/i18next.js?v=d584b076:207
[  779079ms] [LOG] i18next::translator: missingKey en-US translation common.remove common.remove @ http://localhost:3001/node_modules/.vite/deps/i18next.js?v=d584b076:207
[  779079ms] [LOG] i18next::translator: missingKey en-US translation webcams.expand webcams.expand @ http://localhost:3001/node_modules/.vite/deps/i18next.js?v=d584b076:207
[  779079ms] [LOG] i18next::translator: missingKey en-US translation common.remove common.remove @ http://localhost:3001/node_modules/.vite/deps/i18next.js?v=d584b076:207
[  779368ms] [LOG] i18next::translator: missingKey en-US translation common.remove common.remove @ http://localhost:3001/node_modules/.vite/deps/i18next.js?v=d584b076:207
[  779532ms] [WARNING] Image "circle-11" could not be loaded. Please make sure you have added the image with map.addImage() or a "sprite" property in your style. You can provide missing images by listening for the "styleimagemissing" map event. @ http://localhost:3001/node_modules/.vite/deps/maplibre-gl.js?v=d584b076:312
[  779532ms] [ERROR] Failed to load resource: the server responded with a status of 404 (Not Found) @ http://localhost:3001/api/health/v1/list-disease-outbreaks:0
[  779533ms] [ERROR] Failed to load resource: the server responded with a status of 503 (Service Unavailable) @ http://localhost:3001/api/gpsjam:0
[  779584ms] [ERROR] [App] Telegram intel fetch failed: SyntaxError: Unexpected token 'i', "import { g"... is not valid JSON @ http://localhost:3001/src/app/data-loader.ts:2939
[  779589ms] [ERROR] [App] Telegram intel fetch failed: SyntaxError: Unexpected token 'i', "import { g"... is not valid JSON @ http://localhost:3001/src/app/data-loader.ts:2939
[  779662ms] [ERROR] Failed to load resource: the server responded with a status of 404 (Not Found) @ http://localhost:3001/api/radiation/v1/list-radiation-observations?max_items=18:0
[  779662ms] [ERROR] Failed to load resource: the server responded with a status of 404 (Not Found) @ http://localhost:3001/api/thermal/v1/list-thermal-escalations?max_items=12:0
[  779679ms] [ERROR] Failed to load resource: the server responded with a status of 404 (Not Found) @ http://localhost:3001/api/forecast/v1/get-simulation-outcome:0
[  779679ms] [ERROR] Failed to load resource: the server responded with a status of 404 (Not Found) @ http://localhost:3001/api/forecast/v1/get-forecasts:0
[  779686ms] [ERROR] [NWS Weather] Failed: SyntaxError: Unexpected token 'i', "import { g"... is not valid JSON @ http://localhost:3001/src/utils/circuit-breaker.ts:298
[  779689ms] [ERROR] [Polymarket] Failed: Error: No markets returned — upstream may be down @ http://localhost:3001/src/utils/circuit-breaker.ts:298
[  779690ms] [ERROR] [Military Flight Tracking] Failed: Error: No flights returned — upstream may be down @ http://localhost:3001/src/utils/circuit-breaker.ts:298
[  779692ms] [ERROR] [Radiation Watch] Failed: ApiError: Request failed with status 404 @ http://localhost:3001/src/utils/circuit-breaker.ts:298
[  779694ms] [ERROR] [Thermal Escalation] Failed: ApiError: Request failed with status 404 @ http://localhost:3001/src/utils/circuit-breaker.ts:298
[  779694ms] [LOG] [Intelligence] All signals loaded for CII calculation @ http://localhost:3001/src/app/data-loader.ts:1966
[  779734ms] [WARNING] [clerk] getClerkToken: no session (clerkInstance=false, user=false) @ http://localhost:3001/src/services/clerk.ts:127
[  779739ms] [LOG] i18next::translator: missingKey en-US translation common.remove common.remove @ http://localhost:3001/node_modules/.vite/deps/i18next.js?v=d584b076:207
[  779778ms] [ERROR] Failed to load resource: the server responded with a status of 404 (Not Found) @ http://localhost:3001/api/sanctions/v1/list-sanctions-pressure?max_items=30:0
[  779778ms] [ERROR] [Sanctions Pressure] Failed: ApiError: Request failed with status 404 @ http://localhost:3001/src/utils/circuit-breaker.ts:298
[  780253ms] [LOG] i18next::translator: missingKey en-US translation common.remove common.remove @ http://localhost:3001/node_modules/.vite/deps/i18next.js?v=d584b076:207
[  780619ms] [WARNING] [LiveNews] Failed to fetch live info for @tvOneNews: TypeError: Failed to fetch
    at window.fetch (http://localhost:3001/src/services/runtime.ts:655:18)
    at async fetchLiveVideoInfo (http://localhost:3001/src/services/live-news.ts:10:17)
    at async LiveNewsPanel.resolveChannelVideo (http://localhost:3001/src/components/LiveNewsPanel.ts:1472:18)
    at async LiveNewsPanel.initializePlayer (http://localhost:3001/src/components/LiveNewsPanel.ts:1774:5) @ http://localhost:3001/src/services/live-news.ts:17
[  780619ms] [WARNING] [News] Digest fetch failed, using fallback: TypeError: Failed to fetch
    at window.fetch (http://localhost:3001/src/services/runtime.ts:655:18)
    at async DataLoaderManager.tryFetchDigest (http://localhost:3001/src/app/data-loader.ts:292:20)
    at async DataLoaderManager.loadNews (http://localhost:3001/src/app/data-loader.ts:916:20)
    at async runGuarded (http://localhost:3001/src/app/data-loader.ts:357:9)
    at async Promise.allSettled (index 0)
    at async DataLoaderManager.loadAllData (http://localhost:3001/src/app/data-loader.ts:516:23)
    at async Promise.all (index 0)
    at async App.init (http://localhost:3001/src/App.ts:931:5) @ http://localhost:3001/src/app/data-loader.ts:304
[  780621ms] [WARNING] [DeckGLMap] map error: AJAXError: Failed to fetch (0): https://tilecache.rainviewer.com/v2/radar/48ca19951270/256/5/27/15/6/1_1.png @ http://localhost:3001/src/components/DeckGLMap.ts:757
[  780621ms] [WARNING] [DeckGLMap] map error: AJAXError: Failed to fetch (0): https://tilecache.rainviewer.com/v2/radar/48ca19951270/256/5/25/17/6/1_1.png @ http://localhost:3001/src/components/DeckGLMap.ts:757
[  780621ms] [WARNING] [DeckGLMap] map error: AJAXError: Failed to fetch (0): https://tilecache.rainviewer.com/v2/radar/48ca19951270/256/5/24/16/6/1_1.png @ http://localhost:3001/src/components/DeckGLMap.ts:757
[  780622ms] [WARNING] [DeckGLMap] map error: AJAXError: Failed to fetch (0): https://tilecache.rainviewer.com/v2/radar/48ca19951270/256/5/26/15/6/1_1.png @ http://localhost:3001/src/components/DeckGLMap.ts:757
[  780622ms] [WARNING] [DeckGLMap] map error: AJAXError: Failed to fetch (0): https://tilecache.rainviewer.com/v2/radar/48ca19951270/256/5/27/16/6/1_1.png @ http://localhost:3001/src/components/DeckGLMap.ts:757
[  780622ms] [WARNING] [DeckGLMap] map error: AJAXError: Failed to fetch (0): https://tilecache.rainviewer.com/v2/radar/48ca19951270/256/5/26/16/6/1_1.png @ http://localhost:3001/src/components/DeckGLMap.ts:757
[  780622ms] [WARNING] [DeckGLMap] map error: AJAXError: Failed to fetch (0): https://tilecache.rainviewer.com/v2/radar/48ca19951270/256/5/27/17/6/1_1.png @ http://localhost:3001/src/components/DeckGLMap.ts:757
[  780622ms] [WARNING] [DeckGLMap] map error: AJAXError: Failed to fetch (0): https://tilecache.rainviewer.com/v2/radar/48ca19951270/256/5/25/16/6/1_1.png @ http://localhost:3001/src/components/DeckGLMap.ts:757
[  780622ms] [WARNING] [DeckGLMap] map error: AJAXError: Failed to fetch (0): https://tilecache.rainviewer.com/v2/radar/48ca19951270/256/5/28/15/6/1_1.png @ http://localhost:3001/src/components/DeckGLMap.ts:757
[  780622ms] [WARNING] [UNHCR Displacement] Background refresh failed: TypeError: Failed to fetch
    at window.fetch (http://localhost:3001/src/services/runtime.ts:655:18)
    at async DisplacementServiceClient.getDisplacementSummary (http://localhost:3001/src/generated/client/worldmonitor/displacement/v1/service_client.ts:40:18)
    at async breaker.execute.shouldCache (http://localhost:3001/src/services/displacement/index.ts:66:22) @ http://localhost:3001/src/utils/circuit-breaker.ts:279
[  780622ms] [WARNING] [DeckGLMap] map error: AJAXError: Failed to fetch (0): https://tilecache.rainviewer.com/v2/radar/48ca19951270/256/5/24/15/6/1_1.png @ http://localhost:3001/src/components/DeckGLMap.ts:757
[  780622ms] [WARNING] [DeckGLMap] map error: AJAXError: Failed to fetch (0): https://tilecache.rainviewer.com/v2/radar/48ca19951270/256/5/24/17/6/1_1.png @ http://localhost:3001/src/components/DeckGLMap.ts:757
[  780622ms] [WARNING] [DeckGLMap] map error: AJAXError: Failed to fetch (0): https://tilecache.rainviewer.com/v2/radar/48ca19951270/256/5/26/17/6/1_1.png @ http://localhost:3001/src/components/DeckGLMap.ts:757
[  780622ms] [WARNING] [DeckGLMap] map error: AJAXError: Failed to fetch (0): https://tilecache.rainviewer.com/v2/radar/48ca19951270/256/5/28/17/6/1_1.png @ http://localhost:3001/src/components/DeckGLMap.ts:757
[  780622ms] [WARNING] [DeckGLMap] map error: AJAXError: Failed to fetch (0): https://tilecache.rainviewer.com/v2/radar/48ca19951270/256/5/25/15/6/1_1.png @ http://localhost:3001/src/components/DeckGLMap.ts:757
[  780622ms] [WARNING] [DeckGLMap] map error: AJAXError: Failed to fetch (0): https://tilecache.rainviewer.com/v2/radar/48ca19951270/256/5/28/16/6/1_1.png @ http://localhost:3001/src/components/DeckGLMap.ts:757
[  780623ms] [WARNING] [HDX HAPI Batch] Background refresh failed: TypeError: Failed to fetch
    at window.fetch (http://localhost:3001/src/services/runtime.ts:655:18)
    at async ConflictServiceClient.getHumanitarianSummaryBatch (http://localhost:3001/src/generated/client/worldmonitor/conflict/v1/service_client.ts:122:18)
    at async hapiBatchBreaker.execute.shouldCache (http://localhost:3001/src/services/conflict/index.ts:194:14) @ http://localhost:3001/src/utils/circuit-breaker.ts:279
[  780664ms] [ERROR] Loading the script 'https://abacus.kopassus.monitor/script.js' violates the following Content Security Policy directive: "script-src 'self' 'sha256-LnMFPWZxTgVOr2VYwIh9mhQ3l/l3+a3SfNOLERnuHfY=' 'sha256-4Z2xtr1B9QQugoojE/nbpOViG+8l2B7CZVlKgC78AeQ=' 'sha256-903UI9my1I7mqHoiVeZSc56yd50YoRJTB2269QqL76w=' 'sha256-EytE6o1N8rwzpVFMrF+WvBZr2y5UhFLw79o1/4VqS0s=' 'wasm-unsafe-eval' https://www.youtube.com https://static.cloudflareinsights.com https://vercel.live https://challenges.cloudflare.com https://abacus.worldmonitor.app https://*.clerk.accounts.dev https://*.dodopayments.com https://js.stripe.com". Note that 'script-src-elem' was not explicitly set, so 'script-src' is used as a fallback. The action has been blocked. @ http://localhost:3001/?lat=-1.9341&lon=118.0000&zoom=4.00&view=indonesia&timeRange=7d&layers=conflicts%2Cbases%2Chotspots%2Cnuclear%2Csanctions%2Cweather%2Ceconomic%2Cwaterways%2Coutages%2Cmilitary%2Cnatural:0
[  780664ms] [ERROR] Executing inline script violates the following Content Security Policy directive 'script-src 'self' 'sha256-LnMFPWZxTgVOr2VYwIh9mhQ3l/l3+a3SfNOLERnuHfY=' 'sha256-4Z2xtr1B9QQugoojE/nbpOViG+8l2B7CZVlKgC78AeQ=' 'sha256-903UI9my1I7mqHoiVeZSc56yd50YoRJTB2269QqL76w=' 'sha256-EytE6o1N8rwzpVFMrF+WvBZr2y5UhFLw79o1/4VqS0s=' 'wasm-unsafe-eval' https://www.youtube.com https://static.cloudflareinsights.com https://vercel.live https://challenges.cloudflare.com https://abacus.worldmonitor.app https://*.clerk.accounts.dev https://*.dodopayments.com https://js.stripe.com'. Either the 'unsafe-inline' keyword, a hash ('sha256-BNN4UEEko1REertbvdEqNgt0fL5ykItf9IoM3JmlUwY='), or a nonce ('nonce-...') is required to enable inline execution. The action has been blocked. @ http://localhost:3001/?lat=-1.9341&lon=118.0000&zoom=4.00&view=indonesia&timeRange=7d&layers=conflicts%2Cbases%2Chotspots%2Cnuclear%2Csanctions%2Cweather%2Ceconomic%2Cwaterways%2Coutages%2Cmilitary%2Cnatural:121
[  780999ms] [ERROR] WebSocket connection to 'ws://localhost:3001/?token=uJSTBwKWhIOg' failed: Error during WebSocket handshake: Unexpected response code: 400 @ http://localhost:3001/@vite/client:801
[  781058ms] [ERROR] WebSocket connection to 'ws://localhost:3000/?token=uJSTBwKWhIOg' failed: Connection closed before receiving a handshake response @ http://localhost:3001/@vite/client:814
[  781058ms] [ERROR] [vite] failed to connect to websocket.
your current setup:
  (browser) localhost:3001/ <--[HTTP]--> localhost:3000/ (server)
  (browser) localhost:3001/ <--[WebSocket (failing)]--> localhost:3000/ (server)
Check out your Vite / network configuration and https://vite.dev/config/server-options.html#server-hmr . @ http://localhost:3001/@vite/client:829
[  781511ms] [ERROR] [feeds] DEFAULT_ENABLED name "Breaking Defense" not found in FULL_FEEDS! @ http://localhost:3001/src/config/feeds.ts:1171
[  781511ms] [LOG] [feeds] 107 unique default-enabled sources / 204 total @ http://localhost:3001/src/config/feeds.ts:1173
[  781589ms] [WARNING] THREE.THREE.Clock: This module has been deprecated. Please use THREE.Timer instead. @ http://localhost:3001/node_modules/.vite/deps/chunk-JENIRZW7.js?v=d584b076:296
[  781592ms] [ERROR] Loading the script 'https://va.vercel-scripts.com/v1/script.debug.js' violates the following Content Security Policy directive: "script-src 'self' 'sha256-LnMFPWZxTgVOr2VYwIh9mhQ3l/l3+a3SfNOLERnuHfY=' 'sha256-4Z2xtr1B9QQugoojE/nbpOViG+8l2B7CZVlKgC78AeQ=' 'sha256-903UI9my1I7mqHoiVeZSc56yd50YoRJTB2269QqL76w=' 'sha256-EytE6o1N8rwzpVFMrF+WvBZr2y5UhFLw79o1/4VqS0s=' 'wasm-unsafe-eval' https://www.youtube.com https://static.cloudflareinsights.com https://vercel.live https://challenges.cloudflare.com https://abacus.worldmonitor.app https://*.clerk.accounts.dev https://*.dodopayments.com https://js.stripe.com". Note that 'script-src-elem' was not explicitly set, so 'script-src' is used as a fallback. The action has been blocked. @ http://localhost:3001/node_modules/.vite/deps/@vercel_analytics.js?v=d584b076:185
[  781593ms] [LOG] [App] Variant check: stored="indonesia", current="indonesia" @ http://localhost:3001/src/App.ts:393
[  781594ms] [LOG] [App] Loaded panel settings from storage: [positive-feed, progress, counters, spotlight, breakthroughs, digest, species, renewable, giving, insights, commodity-news, liquidity-shifts, positioning-247, gold-silver, energy, mining-news, critical-minerals, base-metals, mining-companies, supply-chain, commodity-regulation, energy-complex, pipeline-status, oil-inventories, gold-intelligence, heatmap, macro-signals, trade-policy, sanctions-pressure, economic, gulf-economies, gcc-investments, consumer-prices, airline-intel, polymarket, world-clock, monitors, latest-brief, energy-risk-overview, chokepoint-strip, storage-facility-map, fuel-shortages, energy-disruptions, hormuz-tracker, energy-crisis, fuel-prices, climate, live-webcams, windy-webcams, ai, startups, vcblogs, regionalStartups, unicorns, accelerators, security, policy, layoffs, finance, crypto, hardware, cloud, dev, github, ipo, funding, producthunt, events, internet-disruptions, service-status, tech-readiness, etf-flows, stablecoins, tech-hubs, ai-regulation, stock-analysis, stock-backtest, daily-market-brief, markets-news, forex, bonds, commodities-news, crypto-news, crypto-heatmap, defi-tokens, ai-tokens, other-tokens, centralbanks, economic-news, macro-tiles, fear-greed, aaii-sentiment, market-breadth, fsi, yield-curve, earnings-calendar, economic-calendar, cot-positioning, derivatives, fintech] @ http://localhost:3001/src/App.ts:500
[  781595ms] [LOG] [entitlements] No VITE_CONVEX_URL — skipping Convex subscription @ http://localhost:3001/src/services/entitlements.ts:11
[  781595ms] [WARNING] [billing] No VITE_CONVEX_URL -- skipping subscription watch @ http://localhost:3001/src/services/billing.ts:19
[  781617ms] [LOG] [Vercel Web Analytics] Failed to load script from https://va.vercel-scripts.com/v1/script.debug.js. Please check if any ad blockers are enabled and try again. @ http://localhost:3001/node_modules/.vite/deps/@vercel_analytics.js?v=d584b076:181
[  781618ms] [INFO] 🌐 i18next is made possible by our own product, Locize — consider powering your project with managed localization (AI, CDN, integrations): https://locize.com 💙 @ http://localhost:3001/node_modules/.vite/deps/i18next.js?v=d584b076:1803
[  781619ms] [LOG] i18next: languageChanged en-US @ http://localhost:3001/node_modules/.vite/deps/i18next.js?v=d584b076:207
[  781619ms] [LOG] i18next: initialized {debug: true, initAsync: true, ns: Array(1), defaultNS: Array(1), fallbackLng: Array(1)} @ http://localhost:3001/node_modules/.vite/deps/i18next.js?v=d584b076:207
[  781644ms] [WARNING] [clerk] VITE_CLERK_PUBLISHABLE_KEY not set, auth disabled @ http://localhost:3001/src/services/clerk.ts:62
[  781649ms] [ERROR] The script has an unsupported MIME type ('text/html'). @ :0
[  781652ms] [LOG] [MapContainer] Initializing deck.gl map (desktop mode) @ http://localhost:3001/src/components/MapContainer.ts:110
[  781665ms] [LOG] i18next::translator: missingKey en-US translation components.deckgl.layers.commodityPorts components.deckgl.layers.commodityPorts @ http://localhost:3001/node_modules/.vite/deps/i18next.js?v=d584b076:207
[  781665ms] [LOG] i18next::translator: missingKey en-US translation components.deckgl.layers.webcams components.deckgl.layers.webcams @ http://localhost:3001/node_modules/.vite/deps/i18next.js?v=d584b076:207
[  781666ms] [LOG] i18next::translator: missingKey en-US translation components.deckgl.layers.miningSites components.deckgl.layers.miningSites @ http://localhost:3001/node_modules/.vite/deps/i18next.js?v=d584b076:207
[  781666ms] [LOG] i18next::translator: missingKey en-US translation components.deckgl.layers.processingPlants components.deckgl.layers.processingPlants @ http://localhost:3001/node_modules/.vite/deps/i18next.js?v=d584b076:207
[  781666ms] [LOG] i18next::translator: missingKey en-US translation components.deckgl.layers.resilienceScore components.deckgl.layers.resilienceScore @ http://localhost:3001/node_modules/.vite/deps/i18next.js?v=d584b076:207
[  781666ms] [LOG] i18next::translator: missingKey en-US translation components.deckgl.layers.diseaseOutbreaks components.deckgl.layers.diseaseOutbreaks @ http://localhost:3001/node_modules/.vite/deps/i18next.js?v=d584b076:207
[  781666ms] [LOG] i18next::translator: missingKey en-US translation components.deckgl.layers.sanctions components.deckgl.layers.sanctions @ http://localhost:3001/node_modules/.vite/deps/i18next.js?v=d584b076:207
[  781670ms] [LOG] i18next::translator: missingKey en-US translation panels.cctvIpStream.infoTooltip panels.cctvIpStream.infoTooltip @ http://localhost:3001/node_modules/.vite/deps/i18next.js?v=d584b076:207
[  781698ms] [LOG] i18next::translator: missingKey en-US translation panels.disasters panels.disasters @ http://localhost:3001/node_modules/.vite/deps/i18next.js?v=d584b076:207
[  781698ms] [LOG] i18next::translator: missingKey en-US translation panels.positiveFeed panels.positiveFeed @ http://localhost:3001/node_modules/.vite/deps/i18next.js?v=d584b076:207
[  781698ms] [LOG] i18next::translator: missingKey en-US translation panels.progress panels.progress @ http://localhost:3001/node_modules/.vite/deps/i18next.js?v=d584b076:207
[  781698ms] [LOG] i18next::translator: missingKey en-US translation panels.counters panels.counters @ http://localhost:3001/node_modules/.vite/deps/i18next.js?v=d584b076:207
[  781698ms] [LOG] i18next::translator: missingKey en-US translation panels.spotlight panels.spotlight @ http://localhost:3001/node_modules/.vite/deps/i18next.js?v=d584b076:207
[  781698ms] [LOG] i18next::translator: missingKey en-US translation panels.breakthroughs panels.breakthroughs @ http://localhost:3001/node_modules/.vite/deps/i18next.js?v=d584b076:207
[  781698ms] [LOG] i18next::translator: missingKey en-US translation panels.digest panels.digest @ http://localhost:3001/node_modules/.vite/deps/i18next.js?v=d584b076:207
[  781698ms] [LOG] i18next::translator: missingKey en-US translation panels.species panels.species @ http://localhost:3001/node_modules/.vite/deps/i18next.js?v=d584b076:207
[  781698ms] [LOG] i18next::translator: missingKey en-US translation panels.renewable panels.renewable @ http://localhost:3001/node_modules/.vite/deps/i18next.js?v=d584b076:207
[  781699ms] [LOG] i18next::translator: missingKey en-US translation panels.commodityNews panels.commodityNews @ http://localhost:3001/node_modules/.vite/deps/i18next.js?v=d584b076:207
[  781699ms] [LOG] i18next::translator: missingKey en-US translation panels.liquidityShifts panels.liquidityShifts @ http://localhost:3001/node_modules/.vite/deps/i18next.js?v=d584b076:207
[  781699ms] [LOG] i18next::translator: missingKey en-US translation panels.positioning-247 panels.positioning-247 @ http://localhost:3001/node_modules/.vite/deps/i18next.js?v=d584b076:207
[  781699ms] [LOG] i18next::translator: missingKey en-US translation panels.goldSilver panels.goldSilver @ http://localhost:3001/node_modules/.vite/deps/i18next.js?v=d584b076:207
[  781699ms] [LOG] i18next::translator: missingKey en-US translation panels.miningNews panels.miningNews @ http://localhost:3001/node_modules/.vite/deps/i18next.js?v=d584b076:207
[  781699ms] [LOG] i18next::translator: missingKey en-US translation panels.criticalMinerals panels.criticalMinerals @ http://localhost:3001/node_modules/.vite/deps/i18next.js?v=d584b076:207
[  781699ms] [LOG] i18next::translator: missingKey en-US translation panels.baseMetals panels.baseMetals @ http://localhost:3001/node_modules/.vite/deps/i18next.js?v=d584b076:207
[  781699ms] [LOG] i18next::translator: missingKey en-US translation panels.miningCompanies panels.miningCompanies @ http://localhost:3001/node_modules/.vite/deps/i18next.js?v=d584b076:207
[  781699ms] [LOG] i18next::translator: missingKey en-US translation panels.commodityRegulation panels.commodityRegulation @ http://localhost:3001/node_modules/.vite/deps/i18next.js?v=d584b076:207
[  781699ms] [LOG] i18next::translator: missingKey en-US translation panels.pipelineStatus panels.pipelineStatus @ http://localhost:3001/node_modules/.vite/deps/i18next.js?v=d584b076:207
[  781699ms] [LOG] i18next::translator: missingKey en-US translation panels.sanctionsPressure panels.sanctionsPressure @ http://localhost:3001/node_modules/.vite/deps/i18next.js?v=d584b076:207
[  781700ms] [LOG] i18next::translator: missingKey en-US translation panels.worldClock panels.worldClock @ http://localhost:3001/node_modules/.vite/deps/i18next.js?v=d584b076:207
[  781700ms] [LOG] i18next::translator: missingKey en-US translation panels.latestBrief panels.latestBrief @ http://localhost:3001/node_modules/.vite/deps/i18next.js?v=d584b076:207
[  781700ms] [LOG] i18next::translator: missingKey en-US translation panels.energyRiskOverview panels.energyRiskOverview @ http://localhost:3001/node_modules/.vite/deps/i18next.js?v=d584b076:207
[  781700ms] [LOG] i18next::translator: missingKey en-US translation panels.chokepointStrip panels.chokepointStrip @ http://localhost:3001/node_modules/.vite/deps/i18next.js?v=d584b076:207
[  781700ms] [LOG] i18next::translator: missingKey en-US translation panels.storageFacilityMap panels.storageFacilityMap @ http://localhost:3001/node_modules/.vite/deps/i18next.js?v=d584b076:207
[  781700ms] [LOG] i18next::translator: missingKey en-US translation panels.fuelShortages panels.fuelShortages @ http://localhost:3001/node_modules/.vite/deps/i18next.js?v=d584b076:207
[  781700ms] [LOG] i18next::translator: missingKey en-US translation panels.energyDisruptions panels.energyDisruptions @ http://localhost:3001/node_modules/.vite/deps/i18next.js?v=d584b076:207
[  781700ms] [LOG] i18next::translator: missingKey en-US translation panels.hormuzTracker panels.hormuzTracker @ http://localhost:3001/node_modules/.vite/deps/i18next.js?v=d584b076:207
[  781701ms] [LOG] i18next::translator: missingKey en-US translation panels.aiRegulation panels.aiRegulation @ http://localhost:3001/node_modules/.vite/deps/i18next.js?v=d584b076:207
[  781701ms] [LOG] i18next::translator: missingKey en-US translation panels.stockAnalysis panels.stockAnalysis @ http://localhost:3001/node_modules/.vite/deps/i18next.js?v=d584b076:207
[  781701ms] [LOG] i18next::translator: missingKey en-US translation panels.stockBacktest panels.stockBacktest @ http://localhost:3001/node_modules/.vite/deps/i18next.js?v=d584b076:207
[  781701ms] [LOG] i18next::translator: missingKey en-US translation panels.dailyMarketBrief panels.dailyMarketBrief @ http://localhost:3001/node_modules/.vite/deps/i18next.js?v=d584b076:207
[  781702ms] [LOG] i18next::translator: missingKey en-US translation panels.marketsNews panels.marketsNews @ http://localhost:3001/node_modules/.vite/deps/i18next.js?v=d584b076:207
[  781702ms] [LOG] i18next::translator: missingKey en-US translation panels.forex panels.forex @ http://localhost:3001/node_modules/.vite/deps/i18next.js?v=d584b076:207
[  781702ms] [LOG] i18next::translator: missingKey en-US translation panels.bonds panels.bonds @ http://localhost:3001/node_modules/.vite/deps/i18next.js?v=d584b076:207
[  781702ms] [LOG] i18next::translator: missingKey en-US translation panels.commoditiesNews panels.commoditiesNews @ http://localhost:3001/node_modules/.vite/deps/i18next.js?v=d584b076:207
[  781702ms] [LOG] i18next::translator: missingKey en-US translation panels.cryptoNews panels.cryptoNews @ http://localhost:3001/node_modules/.vite/deps/i18next.js?v=d584b076:207
[  781702ms] [LOG] i18next::translator: missingKey en-US translation panels.cryptoHeatmap panels.cryptoHeatmap @ http://localhost:3001/node_modules/.vite/deps/i18next.js?v=d584b076:207
[  781702ms] [LOG] i18next::translator: missingKey en-US translation panels.defiTokens panels.defiTokens @ http://localhost:3001/node_modules/.vite/deps/i18next.js?v=d584b076:207
[  781702ms] [LOG] i18next::translator: missingKey en-US translation panels.aiTokens panels.aiTokens @ http://localhost:3001/node_modules/.vite/deps/i18next.js?v=d584b076:207
[  781702ms] [LOG] i18next::translator: missingKey en-US translation panels.otherTokens panels.otherTokens @ http://localhost:3001/node_modules/.vite/deps/i18next.js?v=d584b076:207
[  781703ms] [LOG] i18next::translator: missingKey en-US translation panels.centralbanks panels.centralbanks @ http://localhost:3001/node_modules/.vite/deps/i18next.js?v=d584b076:207
[  781703ms] [LOG] i18next::translator: missingKey en-US translation panels.economicNews panels.economicNews @ http://localhost:3001/node_modules/.vite/deps/i18next.js?v=d584b076:207
[  781703ms] [LOG] i18next::translator: missingKey en-US translation panels.macroTiles panels.macroTiles @ http://localhost:3001/node_modules/.vite/deps/i18next.js?v=d584b076:207
[  781703ms] [LOG] i18next::translator: missingKey en-US translation panels.aaiiSentiment panels.aaiiSentiment @ http://localhost:3001/node_modules/.vite/deps/i18next.js?v=d584b076:207
[  781703ms] [LOG] i18next::translator: missingKey en-US translation panels.fsi panels.fsi @ http://localhost:3001/node_modules/.vite/deps/i18next.js?v=d584b076:207
[  781703ms] [LOG] i18next::translator: missingKey en-US translation panels.yieldCurve panels.yieldCurve @ http://localhost:3001/node_modules/.vite/deps/i18next.js?v=d584b076:207
[  781703ms] [LOG] i18next::translator: missingKey en-US translation panels.earningsCalendar panels.earningsCalendar @ http://localhost:3001/node_modules/.vite/deps/i18next.js?v=d584b076:207
[  781703ms] [LOG] i18next::translator: missingKey en-US translation panels.economicCalendar panels.economicCalendar @ http://localhost:3001/node_modules/.vite/deps/i18next.js?v=d584b076:207
[  781703ms] [LOG] i18next::translator: missingKey en-US translation panels.cotPositioning panels.cotPositioning @ http://localhost:3001/node_modules/.vite/deps/i18next.js?v=d584b076:207
[  781703ms] [LOG] i18next::translator: missingKey en-US translation panels.derivatives panels.derivatives @ http://localhost:3001/node_modules/.vite/deps/i18next.js?v=d584b076:207
[  781703ms] [LOG] i18next::translator: missingKey en-US translation panels.fintech panels.fintech @ http://localhost:3001/node_modules/.vite/deps/i18next.js?v=d584b076:207
[  781703ms] [LOG] i18next::translator: missingKey en-US translation panels.institutional panels.institutional @ http://localhost:3001/node_modules/.vite/deps/i18next.js?v=d584b076:207
[  781704ms] [LOG] i18next::translator: missingKey en-US translation panels.analysis panels.analysis @ http://localhost:3001/node_modules/.vite/deps/i18next.js?v=d584b076:207
[  781704ms] [LOG] i18next::translator: missingKey en-US translation panels.gccNews panels.gccNews @ http://localhost:3001/node_modules/.vite/deps/i18next.js?v=d584b076:207
[  781704ms] [LOG] i18next::translator: missingKey en-US translation panels.forecast panels.forecast @ http://localhost:3001/node_modules/.vite/deps/i18next.js?v=d584b076:207
[  781704ms] [LOG] i18next::translator: missingKey en-US translation panels.militaryCorrelation panels.militaryCorrelation @ http://localhost:3001/node_modules/.vite/deps/i18next.js?v=d584b076:207
[  781704ms] [LOG] i18next::translator: missingKey en-US translation panels.escalationCorrelation panels.escalationCorrelation @ http://localhost:3001/node_modules/.vite/deps/i18next.js?v=d584b076:207
[  781704ms] [LOG] i18next::translator: missingKey en-US translation panels.economicCorrelation panels.economicCorrelation @ http://localhost:3001/node_modules/.vite/deps/i18next.js?v=d584b076:207
[  781704ms] [LOG] i18next::translator: missingKey en-US translation panels.disasterCorrelation panels.disasterCorrelation @ http://localhost:3001/node_modules/.vite/deps/i18next.js?v=d584b076:207
[  781704ms] [LOG] i18next::translator: missingKey en-US translation panels.chatAnalyst panels.chatAnalyst @ http://localhost:3001/node_modules/.vite/deps/i18next.js?v=d584b076:207
[  781704ms] [LOG] i18next::translator: missingKey en-US translation panels.diseaseOutbreaks panels.diseaseOutbreaks @ http://localhost:3001/node_modules/.vite/deps/i18next.js?v=d584b076:207
[  781704ms] [LOG] i18next::translator: missingKey en-US translation panels.socialVelocity panels.socialVelocity @ http://localhost:3001/node_modules/.vite/deps/i18next.js?v=d584b076:207
[  781704ms] [LOG] i18next::translator: missingKey en-US translation panels.defensePatents panels.defensePatents @ http://localhost:3001/node_modules/.vite/deps/i18next.js?v=d584b076:207
[  781705ms] [LOG] i18next::translator: missingKey en-US translation panels.radiationWatch panels.radiationWatch @ http://localhost:3001/node_modules/.vite/deps/i18next.js?v=d584b076:207
[  781705ms] [LOG] i18next::translator: missingKey en-US translation panels.thermalEscalation panels.thermalEscalation @ http://localhost:3001/node_modules/.vite/deps/i18next.js?v=d584b076:207
[  781705ms] [LOG] i18next::translator: missingKey en-US translation panels.nationalDebt panels.nationalDebt @ http://localhost:3001/node_modules/.vite/deps/i18next.js?v=d584b076:207
[  781705ms] [LOG] i18next::translator: missingKey en-US translation panels.crossSourceSignals panels.crossSourceSignals @ http://localhost:3001/node_modules/.vite/deps/i18next.js?v=d584b076:207
[  781705ms] [LOG] i18next::translator: missingKey en-US translation panels.regionalIntelligence panels.regionalIntelligence @ http://localhost:3001/node_modules/.vite/deps/i18next.js?v=d584b076:207
[  781723ms] [WARNING] [PWA] Service worker registration failed: SecurityError: Failed to register a ServiceWorker for scope ('http://localhost:3001/') with script ('http://localhost:3001/sw.js'): The script has an unsupported MIME type ('text/html'). @ http://localhost:3001/src/main.ts:565
[  781744ms] [LOG] i18next::translator: missingKey en-US translation webcams.expand webcams.expand @ http://localhost:3001/node_modules/.vite/deps/i18next.js?v=d584b076:207
[  781745ms] [LOG] i18next::translator: missingKey en-US translation common.remove common.remove @ http://localhost:3001/node_modules/.vite/deps/i18next.js?v=d584b076:207
[  781745ms] [LOG] i18next::translator: missingKey en-US translation webcams.expand webcams.expand @ http://localhost:3001/node_modules/.vite/deps/i18next.js?v=d584b076:207
[  781745ms] [LOG] i18next::translator: missingKey en-US translation common.remove common.remove @ http://localhost:3001/node_modules/.vite/deps/i18next.js?v=d584b076:207
[  781746ms] [LOG] i18next::translator: missingKey en-US translation webcams.expand webcams.expand @ http://localhost:3001/node_modules/.vite/deps/i18next.js?v=d584b076:207
[  781746ms] [LOG] i18next::translator: missingKey en-US translation common.remove common.remove @ http://localhost:3001/node_modules/.vite/deps/i18next.js?v=d584b076:207
[  781746ms] [LOG] i18next::translator: missingKey en-US translation webcams.expand webcams.expand @ http://localhost:3001/node_modules/.vite/deps/i18next.js?v=d584b076:207
[  781746ms] [LOG] i18next::translator: missingKey en-US translation common.remove common.remove @ http://localhost:3001/node_modules/.vite/deps/i18next.js?v=d584b076:207
[  782117ms] [LOG] i18next::translator: missingKey en-US translation common.remove common.remove @ http://localhost:3001/node_modules/.vite/deps/i18next.js?v=d584b076:207
[  782117ms] [ERROR] Failed to load resource: the server responded with a status of 503 (Service Unavailable) @ http://localhost:3001/api/gpsjam:0
[  782118ms] [ERROR] Failed to load resource: the server responded with a status of 404 (Not Found) @ http://localhost:3001/api/health/v1/list-disease-outbreaks:0
[  782125ms] [ERROR] [App] Telegram intel fetch failed: SyntaxError: Unexpected token 'i', "import { g"... is not valid JSON @ http://localhost:3001/src/app/data-loader.ts:2939
[  782126ms] [ERROR] [App] Telegram intel fetch failed: SyntaxError: Unexpected token 'i', "import { g"... is not valid JSON @ http://localhost:3001/src/app/data-loader.ts:2939
[  782412ms] [WARNING] Image "circle-11" could not be loaded. Please make sure you have added the image with map.addImage() or a "sprite" property in your style. You can provide missing images by listening for the "styleimagemissing" map event. @ http://localhost:3001/node_modules/.vite/deps/maplibre-gl.js?v=d584b076:312
[  782432ms] [ERROR] Failed to load resource: the server responded with a status of 404 (Not Found) @ http://localhost:3001/api/radiation/v1/list-radiation-observations?max_items=18:0
[  782432ms] [ERROR] Failed to load resource: the server responded with a status of 404 (Not Found) @ http://localhost:3001/api/thermal/v1/list-thermal-escalations?max_items=12:0
[  782432ms] [ERROR] Failed to load resource: the server responded with a status of 404 (Not Found) @ http://localhost:3001/api/forecast/v1/get-forecasts:0
[  782433ms] [ERROR] Failed to load resource: the server responded with a status of 404 (Not Found) @ http://localhost:3001/api/forecast/v1/get-simulation-outcome:0
[  782477ms] [ERROR] [NWS Weather] Failed: SyntaxError: Unexpected token 'i', "import { g"... is not valid JSON @ http://localhost:3001/src/utils/circuit-breaker.ts:298
[  782479ms] [ERROR] [Polymarket] Failed: Error: No markets returned — upstream may be down @ http://localhost:3001/src/utils/circuit-breaker.ts:298
[  782479ms] [ERROR] [Military Flight Tracking] Failed: Error: No flights returned — upstream may be down @ http://localhost:3001/src/utils/circuit-breaker.ts:298
[  782483ms] [ERROR] [Radiation Watch] Failed: ApiError: Request failed with status 404 @ http://localhost:3001/src/utils/circuit-breaker.ts:298
[  782484ms] [ERROR] [Thermal Escalation] Failed: ApiError: Request failed with status 404 @ http://localhost:3001/src/utils/circuit-breaker.ts:298
[  782485ms] [LOG] [Intelligence] All signals loaded for CII calculation @ http://localhost:3001/src/app/data-loader.ts:1966
[  782590ms] [WARNING] [clerk] getClerkToken: no session (clerkInstance=false, user=false) @ http://localhost:3001/src/services/clerk.ts:127
[  782592ms] [LOG] i18next::translator: missingKey en-US translation common.remove common.remove @ http://localhost:3001/node_modules/.vite/deps/i18next.js?v=d584b076:207
[  782604ms] [ERROR] Failed to load resource: the server responded with a status of 404 (Not Found) @ http://localhost:3001/api/sanctions/v1/list-sanctions-pressure?max_items=30:0
[  782604ms] [ERROR] [Sanctions Pressure] Failed: ApiError: Request failed with status 404 @ http://localhost:3001/src/utils/circuit-breaker.ts:298
[  782858ms] [LOG] i18next::translator: missingKey en-US translation common.remove common.remove @ http://localhost:3001/node_modules/.vite/deps/i18next.js?v=d584b076:207
[  783291ms] [LOG] i18next::translator: missingKey en-US translation common.remove common.remove @ http://localhost:3001/node_modules/.vite/deps/i18next.js?v=d584b076:207
[  789985ms] [WARNING] [News] Digest fetch failed, using fallback: TimeoutError: signal timed out @ http://localhost:3001/src/app/data-loader.ts:304
[  789988ms] [WARNING] [News] Digest missing for "markets", limited per-feed fallback disabled @ http://localhost:3001/src/app/data-loader.ts:848
[  789989ms] [WARNING] [News] Digest missing for "disasters", limited per-feed fallback disabled @ http://localhost:3001/src/app/data-loader.ts:848
[  791800ms] [LOG] [Search] Indexing 0 news items (allNews total: 0) @ http://localhost:3001/src/app/search-manager.ts:690
[  867519ms] [ERROR] Loading the script 'https://abacus.kopassus.monitor/script.js' violates the following Content Security Policy directive: "script-src 'self' 'sha256-LnMFPWZxTgVOr2VYwIh9mhQ3l/l3+a3SfNOLERnuHfY=' 'sha256-4Z2xtr1B9QQugoojE/nbpOViG+8l2B7CZVlKgC78AeQ=' 'sha256-903UI9my1I7mqHoiVeZSc56yd50YoRJTB2269QqL76w=' 'sha256-EytE6o1N8rwzpVFMrF+WvBZr2y5UhFLw79o1/4VqS0s=' 'wasm-unsafe-eval' https://www.youtube.com https://static.cloudflareinsights.com https://vercel.live https://challenges.cloudflare.com https://abacus.worldmonitor.app https://*.clerk.accounts.dev https://*.dodopayments.com https://js.stripe.com". Note that 'script-src-elem' was not explicitly set, so 'script-src' is used as a fallback. The action has been blocked. @ http://localhost:3001/?lat=-1.9341&lon=118.0000&zoom=4.00&view=indonesia&timeRange=7d&layers=conflicts%2Cbases%2Chotspots%2Cnuclear%2Csanctions%2Cweather%2Ceconomic%2Cwaterways%2Coutages%2Cmilitary%2Cnatural:0
[  867519ms] [ERROR] Executing inline script violates the following Content Security Policy directive 'script-src 'self' 'sha256-LnMFPWZxTgVOr2VYwIh9mhQ3l/l3+a3SfNOLERnuHfY=' 'sha256-4Z2xtr1B9QQugoojE/nbpOViG+8l2B7CZVlKgC78AeQ=' 'sha256-903UI9my1I7mqHoiVeZSc56yd50YoRJTB2269QqL76w=' 'sha256-EytE6o1N8rwzpVFMrF+WvBZr2y5UhFLw79o1/4VqS0s=' 'wasm-unsafe-eval' https://www.youtube.com https://static.cloudflareinsights.com https://vercel.live https://challenges.cloudflare.com https://abacus.worldmonitor.app https://*.clerk.accounts.dev https://*.dodopayments.com https://js.stripe.com'. Either the 'unsafe-inline' keyword, a hash ('sha256-BNN4UEEko1REertbvdEqNgt0fL5ykItf9IoM3JmlUwY='), or a nonce ('nonce-...') is required to enable inline execution. The action has been blocked. @ http://localhost:3001/?lat=-1.9341&lon=118.0000&zoom=4.00&view=indonesia&timeRange=7d&layers=conflicts%2Cbases%2Chotspots%2Cnuclear%2Csanctions%2Cweather%2Ceconomic%2Cwaterways%2Coutages%2Cmilitary%2Cnatural:121
[  868738ms] [ERROR] [feeds] DEFAULT_ENABLED name "Breaking Defense" not found in FULL_FEEDS! @ http://localhost:3001/src/config/feeds.ts:1171
[  868738ms] [LOG] [feeds] 107 unique default-enabled sources / 204 total @ http://localhost:3001/src/config/feeds.ts:1173
[  868833ms] [WARNING] THREE.THREE.Clock: This module has been deprecated. Please use THREE.Timer instead. @ http://localhost:3001/node_modules/.vite/deps/chunk-JENIRZW7.js?v=d584b076:296
[  868837ms] [ERROR] Loading the script 'https://va.vercel-scripts.com/v1/script.debug.js' violates the following Content Security Policy directive: "script-src 'self' 'sha256-LnMFPWZxTgVOr2VYwIh9mhQ3l/l3+a3SfNOLERnuHfY=' 'sha256-4Z2xtr1B9QQugoojE/nbpOViG+8l2B7CZVlKgC78AeQ=' 'sha256-903UI9my1I7mqHoiVeZSc56yd50YoRJTB2269QqL76w=' 'sha256-EytE6o1N8rwzpVFMrF+WvBZr2y5UhFLw79o1/4VqS0s=' 'wasm-unsafe-eval' https://www.youtube.com https://static.cloudflareinsights.com https://vercel.live https://challenges.cloudflare.com https://abacus.worldmonitor.app https://*.clerk.accounts.dev https://*.dodopayments.com https://js.stripe.com". Note that 'script-src-elem' was not explicitly set, so 'script-src' is used as a fallback. The action has been blocked. @ http://localhost:3001/node_modules/.vite/deps/@vercel_analytics.js?v=d584b076:185
[  868838ms] [LOG] [App] Variant check: stored="indonesia", current="indonesia" @ http://localhost:3001/src/App.ts:393
[  868838ms] [LOG] [App] Loaded panel settings from storage: [positive-feed, progress, counters, spotlight, breakthroughs, digest, species, renewable, giving, insights, commodity-news, liquidity-shifts, positioning-247, gold-silver, energy, mining-news, critical-minerals, base-metals, mining-companies, supply-chain, commodity-regulation, energy-complex, pipeline-status, oil-inventories, gold-intelligence, heatmap, macro-signals, trade-policy, sanctions-pressure, economic, gulf-economies, gcc-investments, consumer-prices, airline-intel, polymarket, world-clock, monitors, latest-brief, energy-risk-overview, chokepoint-strip, storage-facility-map, fuel-shortages, energy-disruptions, hormuz-tracker, energy-crisis, fuel-prices, climate, live-webcams, windy-webcams, ai, startups, vcblogs, regionalStartups, unicorns, accelerators, security, policy, layoffs, finance, crypto, hardware, cloud, dev, github, ipo, funding, producthunt, events, internet-disruptions, service-status, tech-readiness, etf-flows, stablecoins, tech-hubs, ai-regulation, stock-analysis, stock-backtest, daily-market-brief, markets-news, forex, bonds, commodities-news, crypto-news, crypto-heatmap, defi-tokens, ai-tokens, other-tokens, centralbanks, economic-news, macro-tiles, fear-greed, aaii-sentiment, market-breadth, fsi, yield-curve, earnings-calendar, economic-calendar, cot-positioning, derivatives, fintech] @ http://localhost:3001/src/App.ts:500
[  868840ms] [LOG] [entitlements] No VITE_CONVEX_URL — skipping Convex subscription @ http://localhost:3001/src/services/entitlements.ts:11
[  868840ms] [WARNING] [billing] No VITE_CONVEX_URL -- skipping subscription watch @ http://localhost:3001/src/services/billing.ts:19
[  868862ms] [LOG] [Vercel Web Analytics] Failed to load script from https://va.vercel-scripts.com/v1/script.debug.js. Please check if any ad blockers are enabled and try again. @ http://localhost:3001/node_modules/.vite/deps/@vercel_analytics.js?v=d584b076:181
[  868866ms] [INFO] 🌐 i18next is made possible by our own product, Locize — consider powering your project with managed localization (AI, CDN, integrations): https://locize.com 💙 @ http://localhost:3001/node_modules/.vite/deps/i18next.js?v=d584b076:1803
[  868867ms] [LOG] i18next: languageChanged en-US @ http://localhost:3001/node_modules/.vite/deps/i18next.js?v=d584b076:207
[  868867ms] [LOG] i18next: initialized {debug: true, initAsync: true, ns: Array(1), defaultNS: Array(1), fallbackLng: Array(1)} @ http://localhost:3001/node_modules/.vite/deps/i18next.js?v=d584b076:207
[  868915ms] [ERROR] The script has an unsupported MIME type ('text/html'). @ :0
[  868920ms] [WARNING] [PWA] Service worker registration failed: SecurityError: Failed to register a ServiceWorker for scope ('http://localhost:3001/') with script ('http://localhost:3001/sw.js'): The script has an unsupported MIME type ('text/html'). @ http://localhost:3001/src/main.ts:565
[  868938ms] [WARNING] [clerk] VITE_CLERK_PUBLISHABLE_KEY not set, auth disabled @ http://localhost:3001/src/services/clerk.ts:62
[  868951ms] [LOG] [MapContainer] Initializing deck.gl map (desktop mode) @ http://localhost:3001/src/components/MapContainer.ts:110
[  868970ms] [LOG] i18next::translator: missingKey en-US translation components.deckgl.layers.commodityPorts components.deckgl.layers.commodityPorts @ http://localhost:3001/node_modules/.vite/deps/i18next.js?v=d584b076:207
[  868971ms] [LOG] i18next::translator: missingKey en-US translation components.deckgl.layers.webcams components.deckgl.layers.webcams @ http://localhost:3001/node_modules/.vite/deps/i18next.js?v=d584b076:207
[  868971ms] [LOG] i18next::translator: missingKey en-US translation components.deckgl.layers.miningSites components.deckgl.layers.miningSites @ http://localhost:3001/node_modules/.vite/deps/i18next.js?v=d584b076:207
[  868971ms] [LOG] i18next::translator: missingKey en-US translation components.deckgl.layers.processingPlants components.deckgl.layers.processingPlants @ http://localhost:3001/node_modules/.vite/deps/i18next.js?v=d584b076:207
[  868972ms] [LOG] i18next::translator: missingKey en-US translation components.deckgl.layers.resilienceScore components.deckgl.layers.resilienceScore @ http://localhost:3001/node_modules/.vite/deps/i18next.js?v=d584b076:207
[  868972ms] [LOG] i18next::translator: missingKey en-US translation components.deckgl.layers.diseaseOutbreaks components.deckgl.layers.diseaseOutbreaks @ http://localhost:3001/node_modules/.vite/deps/i18next.js?v=d584b076:207
[  868972ms] [LOG] i18next::translator: missingKey en-US translation components.deckgl.layers.sanctions components.deckgl.layers.sanctions @ http://localhost:3001/node_modules/.vite/deps/i18next.js?v=d584b076:207
[  868977ms] [LOG] i18next::translator: missingKey en-US translation panels.cctvIpStream.infoTooltip panels.cctvIpStream.infoTooltip @ http://localhost:3001/node_modules/.vite/deps/i18next.js?v=d584b076:207
[  869017ms] [LOG] i18next::translator: missingKey en-US translation panels.disasters panels.disasters @ http://localhost:3001/node_modules/.vite/deps/i18next.js?v=d584b076:207
[  869017ms] [LOG] i18next::translator: missingKey en-US translation panels.positiveFeed panels.positiveFeed @ http://localhost:3001/node_modules/.vite/deps/i18next.js?v=d584b076:207
[  869017ms] [LOG] i18next::translator: missingKey en-US translation panels.progress panels.progress @ http://localhost:3001/node_modules/.vite/deps/i18next.js?v=d584b076:207
[  869017ms] [LOG] i18next::translator: missingKey en-US translation panels.counters panels.counters @ http://localhost:3001/node_modules/.vite/deps/i18next.js?v=d584b076:207
[  869017ms] [LOG] i18next::translator: missingKey en-US translation panels.spotlight panels.spotlight @ http://localhost:3001/node_modules/.vite/deps/i18next.js?v=d584b076:207
[  869017ms] [LOG] i18next::translator: missingKey en-US translation panels.breakthroughs panels.breakthroughs @ http://localhost:3001/node_modules/.vite/deps/i18next.js?v=d584b076:207
[  869017ms] [LOG] i18next::translator: missingKey en-US translation panels.digest panels.digest @ http://localhost:3001/node_modules/.vite/deps/i18next.js?v=d584b076:207
[  869017ms] [LOG] i18next::translator: missingKey en-US translation panels.species panels.species @ http://localhost:3001/node_modules/.vite/deps/i18next.js?v=d584b076:207
[  869017ms] [LOG] i18next::translator: missingKey en-US translation panels.renewable panels.renewable @ http://localhost:3001/node_modules/.vite/deps/i18next.js?v=d584b076:207
[  869017ms] [LOG] i18next::translator: missingKey en-US translation panels.commodityNews panels.commodityNews @ http://localhost:3001/node_modules/.vite/deps/i18next.js?v=d584b076:207
[  869018ms] [LOG] i18next::translator: missingKey en-US translation panels.liquidityShifts panels.liquidityShifts @ http://localhost:3001/node_modules/.vite/deps/i18next.js?v=d584b076:207
[  869018ms] [LOG] i18next::translator: missingKey en-US translation panels.positioning-247 panels.positioning-247 @ http://localhost:3001/node_modules/.vite/deps/i18next.js?v=d584b076:207
[  869018ms] [LOG] i18next::translator: missingKey en-US translation panels.goldSilver panels.goldSilver @ http://localhost:3001/node_modules/.vite/deps/i18next.js?v=d584b076:207
[  869018ms] [LOG] i18next::translator: missingKey en-US translation panels.miningNews panels.miningNews @ http://localhost:3001/node_modules/.vite/deps/i18next.js?v=d584b076:207
[  869018ms] [LOG] i18next::translator: missingKey en-US translation panels.criticalMinerals panels.criticalMinerals @ http://localhost:3001/node_modules/.vite/deps/i18next.js?v=d584b076:207
[  869018ms] [LOG] i18next::translator: missingKey en-US translation panels.baseMetals panels.baseMetals @ http://localhost:3001/node_modules/.vite/deps/i18next.js?v=d584b076:207
[  869018ms] [LOG] i18next::translator: missingKey en-US translation panels.miningCompanies panels.miningCompanies @ http://localhost:3001/node_modules/.vite/deps/i18next.js?v=d584b076:207
[  869018ms] [LOG] i18next::translator: missingKey en-US translation panels.commodityRegulation panels.commodityRegulation @ http://localhost:3001/node_modules/.vite/deps/i18next.js?v=d584b076:207
[  869018ms] [LOG] i18next::translator: missingKey en-US translation panels.pipelineStatus panels.pipelineStatus @ http://localhost:3001/node_modules/.vite/deps/i18next.js?v=d584b076:207
[  869018ms] [LOG] i18next::translator: missingKey en-US translation panels.sanctionsPressure panels.sanctionsPressure @ http://localhost:3001/node_modules/.vite/deps/i18next.js?v=d584b076:207
[  869018ms] [LOG] i18next::translator: missingKey en-US translation panels.worldClock panels.worldClock @ http://localhost:3001/node_modules/.vite/deps/i18next.js?v=d584b076:207
[  869018ms] [LOG] i18next::translator: missingKey en-US translation panels.latestBrief panels.latestBrief @ http://localhost:3001/node_modules/.vite/deps/i18next.js?v=d584b076:207
[  869018ms] [LOG] i18next::translator: missingKey en-US translation panels.energyRiskOverview panels.energyRiskOverview @ http://localhost:3001/node_modules/.vite/deps/i18next.js?v=d584b076:207
[  869018ms] [LOG] i18next::translator: missingKey en-US translation panels.chokepointStrip panels.chokepointStrip @ http://localhost:3001/node_modules/.vite/deps/i18next.js?v=d584b076:207
[  869019ms] [LOG] i18next::translator: missingKey en-US translation panels.storageFacilityMap panels.storageFacilityMap @ http://localhost:3001/node_modules/.vite/deps/i18next.js?v=d584b076:207
[  869019ms] [LOG] i18next::translator: missingKey en-US translation panels.fuelShortages panels.fuelShortages @ http://localhost:3001/node_modules/.vite/deps/i18next.js?v=d584b076:207
[  869019ms] [LOG] i18next::translator: missingKey en-US translation panels.energyDisruptions panels.energyDisruptions @ http://localhost:3001/node_modules/.vite/deps/i18next.js?v=d584b076:207
[  869019ms] [LOG] i18next::translator: missingKey en-US translation panels.hormuzTracker panels.hormuzTracker @ http://localhost:3001/node_modules/.vite/deps/i18next.js?v=d584b076:207
[  869019ms] [LOG] i18next::translator: missingKey en-US translation panels.aiRegulation panels.aiRegulation @ http://localhost:3001/node_modules/.vite/deps/i18next.js?v=d584b076:207
[  869019ms] [LOG] i18next::translator: missingKey en-US translation panels.stockAnalysis panels.stockAnalysis @ http://localhost:3001/node_modules/.vite/deps/i18next.js?v=d584b076:207
[  869019ms] [LOG] i18next::translator: missingKey en-US translation panels.stockBacktest panels.stockBacktest @ http://localhost:3001/node_modules/.vite/deps/i18next.js?v=d584b076:207
[  869019ms] [LOG] i18next::translator: missingKey en-US translation panels.dailyMarketBrief panels.dailyMarketBrief @ http://localhost:3001/node_modules/.vite/deps/i18next.js?v=d584b076:207
[  869019ms] [LOG] i18next::translator: missingKey en-US translation panels.marketsNews panels.marketsNews @ http://localhost:3001/node_modules/.vite/deps/i18next.js?v=d584b076:207
[  869019ms] [LOG] i18next::translator: missingKey en-US translation panels.forex panels.forex @ http://localhost:3001/node_modules/.vite/deps/i18next.js?v=d584b076:207
[  869020ms] [LOG] i18next::translator: missingKey en-US translation panels.bonds panels.bonds @ http://localhost:3001/node_modules/.vite/deps/i18next.js?v=d584b076:207
[  869020ms] [LOG] i18next::translator: missingKey en-US translation panels.commoditiesNews panels.commoditiesNews @ http://localhost:3001/node_modules/.vite/deps/i18next.js?v=d584b076:207
[  869020ms] [LOG] i18next::translator: missingKey en-US translation panels.cryptoNews panels.cryptoNews @ http://localhost:3001/node_modules/.vite/deps/i18next.js?v=d584b076:207
[  869020ms] [LOG] i18next::translator: missingKey en-US translation panels.cryptoHeatmap panels.cryptoHeatmap @ http://localhost:3001/node_modules/.vite/deps/i18next.js?v=d584b076:207
[  869020ms] [LOG] i18next::translator: missingKey en-US translation panels.defiTokens panels.defiTokens @ http://localhost:3001/node_modules/.vite/deps/i18next.js?v=d584b076:207
[  869020ms] [LOG] i18next::translator: missingKey en-US translation panels.aiTokens panels.aiTokens @ http://localhost:3001/node_modules/.vite/deps/i18next.js?v=d584b076:207
[  869020ms] [LOG] i18next::translator: missingKey en-US translation panels.otherTokens panels.otherTokens @ http://localhost:3001/node_modules/.vite/deps/i18next.js?v=d584b076:207
[  869020ms] [LOG] i18next::translator: missingKey en-US translation panels.centralbanks panels.centralbanks @ http://localhost:3001/node_modules/.vite/deps/i18next.js?v=d584b076:207
[  869020ms] [LOG] i18next::translator: missingKey en-US translation panels.economicNews panels.economicNews @ http://localhost:3001/node_modules/.vite/deps/i18next.js?v=d584b076:207
[  869020ms] [LOG] i18next::translator: missingKey en-US translation panels.macroTiles panels.macroTiles @ http://localhost:3001/node_modules/.vite/deps/i18next.js?v=d584b076:207
[  869020ms] [LOG] i18next::translator: missingKey en-US translation panels.aaiiSentiment panels.aaiiSentiment @ http://localhost:3001/node_modules/.vite/deps/i18next.js?v=d584b076:207
[  869020ms] [LOG] i18next::translator: missingKey en-US translation panels.fsi panels.fsi @ http://localhost:3001/node_modules/.vite/deps/i18next.js?v=d584b076:207
[  869020ms] [LOG] i18next::translator: missingKey en-US translation panels.yieldCurve panels.yieldCurve @ http://localhost:3001/node_modules/.vite/deps/i18next.js?v=d584b076:207
[  869021ms] [LOG] i18next::translator: missingKey en-US translation panels.earningsCalendar panels.earningsCalendar @ http://localhost:3001/node_modules/.vite/deps/i18next.js?v=d584b076:207
[  869021ms] [LOG] i18next::translator: missingKey en-US translation panels.economicCalendar panels.economicCalendar @ http://localhost:3001/node_modules/.vite/deps/i18next.js?v=d584b076:207
[  869021ms] [LOG] i18next::translator: missingKey en-US translation panels.cotPositioning panels.cotPositioning @ http://localhost:3001/node_modules/.vite/deps/i18next.js?v=d584b076:207
[  869021ms] [LOG] i18next::translator: missingKey en-US translation panels.derivatives panels.derivatives @ http://localhost:3001/node_modules/.vite/deps/i18next.js?v=d584b076:207
[  869021ms] [LOG] i18next::translator: missingKey en-US translation panels.fintech panels.fintech @ http://localhost:3001/node_modules/.vite/deps/i18next.js?v=d584b076:207
[  869021ms] [LOG] i18next::translator: missingKey en-US translation panels.institutional panels.institutional @ http://localhost:3001/node_modules/.vite/deps/i18next.js?v=d584b076:207
[  869021ms] [LOG] i18next::translator: missingKey en-US translation panels.analysis panels.analysis @ http://localhost:3001/node_modules/.vite/deps/i18next.js?v=d584b076:207
[  869021ms] [LOG] i18next::translator: missingKey en-US translation panels.gccNews panels.gccNews @ http://localhost:3001/node_modules/.vite/deps/i18next.js?v=d584b076:207
[  869021ms] [LOG] i18next::translator: missingKey en-US translation panels.forecast panels.forecast @ http://localhost:3001/node_modules/.vite/deps/i18next.js?v=d584b076:207
[  869021ms] [LOG] i18next::translator: missingKey en-US translation panels.militaryCorrelation panels.militaryCorrelation @ http://localhost:3001/node_modules/.vite/deps/i18next.js?v=d584b076:207
[  869021ms] [LOG] i18next::translator: missingKey en-US translation panels.escalationCorrelation panels.escalationCorrelation @ http://localhost:3001/node_modules/.vite/deps/i18next.js?v=d584b076:207
[  869021ms] [LOG] i18next::translator: missingKey en-US translation panels.economicCorrelation panels.economicCorrelation @ http://localhost:3001/node_modules/.vite/deps/i18next.js?v=d584b076:207
[  869021ms] [LOG] i18next::translator: missingKey en-US translation panels.disasterCorrelation panels.disasterCorrelation @ http://localhost:3001/node_modules/.vite/deps/i18next.js?v=d584b076:207
[  869022ms] [LOG] i18next::translator: missingKey en-US translation panels.chatAnalyst panels.chatAnalyst @ http://localhost:3001/node_modules/.vite/deps/i18next.js?v=d584b076:207
[  869022ms] [LOG] i18next::translator: missingKey en-US translation panels.diseaseOutbreaks panels.diseaseOutbreaks @ http://localhost:3001/node_modules/.vite/deps/i18next.js?v=d584b076:207
[  869022ms] [LOG] i18next::translator: missingKey en-US translation panels.socialVelocity panels.socialVelocity @ http://localhost:3001/node_modules/.vite/deps/i18next.js?v=d584b076:207
[  869022ms] [LOG] i18next::translator: missingKey en-US translation panels.defensePatents panels.defensePatents @ http://localhost:3001/node_modules/.vite/deps/i18next.js?v=d584b076:207
[  869022ms] [LOG] i18next::translator: missingKey en-US translation panels.radiationWatch panels.radiationWatch @ http://localhost:3001/node_modules/.vite/deps/i18next.js?v=d584b076:207
[  869022ms] [LOG] i18next::translator: missingKey en-US translation panels.thermalEscalation panels.thermalEscalation @ http://localhost:3001/node_modules/.vite/deps/i18next.js?v=d584b076:207
[  869022ms] [LOG] i18next::translator: missingKey en-US translation panels.nationalDebt panels.nationalDebt @ http://localhost:3001/node_modules/.vite/deps/i18next.js?v=d584b076:207
[  869022ms] [LOG] i18next::translator: missingKey en-US translation panels.crossSourceSignals panels.crossSourceSignals @ http://localhost:3001/node_modules/.vite/deps/i18next.js?v=d584b076:207
[  869022ms] [LOG] i18next::translator: missingKey en-US translation panels.regionalIntelligence panels.regionalIntelligence @ http://localhost:3001/node_modules/.vite/deps/i18next.js?v=d584b076:207
[  869073ms] [LOG] i18next::translator: missingKey en-US translation webcams.expand webcams.expand @ http://localhost:3001/node_modules/.vite/deps/i18next.js?v=d584b076:207
[  869073ms] [LOG] i18next::translator: missingKey en-US translation common.remove common.remove @ http://localhost:3001/node_modules/.vite/deps/i18next.js?v=d584b076:207
[  869073ms] [LOG] i18next::translator: missingKey en-US translation webcams.expand webcams.expand @ http://localhost:3001/node_modules/.vite/deps/i18next.js?v=d584b076:207
[  869073ms] [LOG] i18next::translator: missingKey en-US translation common.remove common.remove @ http://localhost:3001/node_modules/.vite/deps/i18next.js?v=d584b076:207
[  869073ms] [LOG] i18next::translator: missingKey en-US translation webcams.expand webcams.expand @ http://localhost:3001/node_modules/.vite/deps/i18next.js?v=d584b076:207
[  869074ms] [LOG] i18next::translator: missingKey en-US translation common.remove common.remove @ http://localhost:3001/node_modules/.vite/deps/i18next.js?v=d584b076:207
[  869074ms] [LOG] i18next::translator: missingKey en-US translation webcams.expand webcams.expand @ http://localhost:3001/node_modules/.vite/deps/i18next.js?v=d584b076:207
[  869074ms] [LOG] i18next::translator: missingKey en-US translation common.remove common.remove @ http://localhost:3001/node_modules/.vite/deps/i18next.js?v=d584b076:207
[  869465ms] [ERROR] Failed to load resource: the server responded with a status of 404 (Not Found) @ http://localhost:3001/api/health/v1/list-disease-outbreaks:0
[  869471ms] [ERROR] Failed to load resource: the server responded with a status of 503 (Service Unavailable) @ http://localhost:3001/api/gpsjam:0
[  869530ms] [WARNING] Image "circle-11" could not be loaded. Please make sure you have added the image with map.addImage() or a "sprite" property in your style. You can provide missing images by listening for the "styleimagemissing" map event. @ http://localhost:3001/node_modules/.vite/deps/maplibre-gl.js?v=d584b076:312
[  869537ms] [ERROR] [App] Telegram intel fetch failed: SyntaxError: Unexpected token 'i', "import { g"... is not valid JSON @ http://localhost:3001/src/app/data-loader.ts:2939
[  869537ms] [ERROR] [App] Telegram intel fetch failed: SyntaxError: Unexpected token 'i', "import { g"... is not valid JSON @ http://localhost:3001/src/app/data-loader.ts:2939
[  869725ms] [ERROR] Failed to load resource: the server responded with a status of 404 (Not Found) @ http://localhost:3001/api/radiation/v1/list-radiation-observations?max_items=18:0
[  869725ms] [ERROR] Failed to load resource: the server responded with a status of 404 (Not Found) @ http://localhost:3001/api/thermal/v1/list-thermal-escalations?max_items=12:0
[  869725ms] [ERROR] Failed to load resource: the server responded with a status of 404 (Not Found) @ http://localhost:3001/api/forecast/v1/get-forecasts:0
[  869726ms] [ERROR] Failed to load resource: the server responded with a status of 404 (Not Found) @ http://localhost:3001/api/forecast/v1/get-simulation-outcome:0
[  869732ms] [ERROR] [NWS Weather] Failed: SyntaxError: Unexpected token 'i', "import { g"... is not valid JSON @ http://localhost:3001/src/utils/circuit-breaker.ts:298
[  869735ms] [ERROR] [Polymarket] Failed: Error: No markets returned — upstream may be down @ http://localhost:3001/src/utils/circuit-breaker.ts:298
[  869736ms] [ERROR] [Military Flight Tracking] Failed: Error: No flights returned — upstream may be down @ http://localhost:3001/src/utils/circuit-breaker.ts:298
[  869737ms] [ERROR] [Radiation Watch] Failed: ApiError: Request failed with status 404 @ http://localhost:3001/src/utils/circuit-breaker.ts:298
[  869738ms] [ERROR] [Thermal Escalation] Failed: ApiError: Request failed with status 404 @ http://localhost:3001/src/utils/circuit-breaker.ts:298
[  869738ms] [LOG] [Intelligence] All signals loaded for CII calculation @ http://localhost:3001/src/app/data-loader.ts:1966
[  869749ms] [WARNING] [clerk] getClerkToken: no session (clerkInstance=false, user=false) @ http://localhost:3001/src/services/clerk.ts:127
[  869870ms] [ERROR] Failed to load resource: the server responded with a status of 404 (Not Found) @ http://localhost:3001/api/sanctions/v1/list-sanctions-pressure?max_items=30:0
[  869921ms] [ERROR] [Sanctions Pressure] Failed: ApiError: Request failed with status 404 @ http://localhost:3001/src/utils/circuit-breaker.ts:298
[  870254ms] [WARNING] Failed to execute 'postMessage' on 'DOMWindow': The target origin provided ('https://www.youtube.com') does not match the recipient window's origin ('http://localhost:3001'). @ https://www.youtube.com/s/player/0980151a/www-widgetapi.vflset/www-widgetapi.js:209
[  870295ms] [LOG] i18next::translator: missingKey en-US translation common.remove common.remove @ http://localhost:3001/node_modules/.vite/deps/i18next.js?v=d584b076:207
[  870445ms] [LOG] i18next::translator: missingKey en-US translation common.remove common.remove @ http://localhost:3001/node_modules/.vite/deps/i18next.js?v=d584b076:207
[  870446ms] [LOG] i18next::translator: missingKey en-US translation common.remove common.remove @ http://localhost:3001/node_modules/.vite/deps/i18next.js?v=d584b076:207
[  870627ms] [LOG] i18next::translator: missingKey en-US translation common.remove common.remove @ http://localhost:3001/node_modules/.vite/deps/i18next.js?v=d584b076:207
[  877324ms] [WARNING] [News] Digest fetch failed, using fallback: TimeoutError: signal timed out @ http://localhost:3001/src/app/data-loader.ts:304
[  877327ms] [WARNING] [News] Digest missing for "markets", limited per-feed fallback disabled @ http://localhost:3001/src/app/data-loader.ts:848
[  877328ms] [WARNING] [News] Digest missing for "disasters", limited per-feed fallback disabled @ http://localhost:3001/src/app/data-loader.ts:848
[  879142ms] [LOG] [Search] Indexing 0 news items (allNews total: 0) @ http://localhost:3001/src/app/search-manager.ts:690
[  943037ms] [ERROR] Loading the script 'https://abacus.kopassus.monitor/script.js' violates the following Content Security Policy directive: "script-src 'self' 'sha256-LnMFPWZxTgVOr2VYwIh9mhQ3l/l3+a3SfNOLERnuHfY=' 'sha256-4Z2xtr1B9QQugoojE/nbpOViG+8l2B7CZVlKgC78AeQ=' 'sha256-903UI9my1I7mqHoiVeZSc56yd50YoRJTB2269QqL76w=' 'sha256-EytE6o1N8rwzpVFMrF+WvBZr2y5UhFLw79o1/4VqS0s=' 'wasm-unsafe-eval' https://www.youtube.com https://static.cloudflareinsights.com https://vercel.live https://challenges.cloudflare.com https://abacus.worldmonitor.app https://*.clerk.accounts.dev https://*.dodopayments.com https://js.stripe.com". Note that 'script-src-elem' was not explicitly set, so 'script-src' is used as a fallback. The action has been blocked. @ http://localhost:3001/?lat=-1.9341&lon=118.0000&zoom=4.00&view=indonesia&timeRange=7d&layers=conflicts%2Cbases%2Chotspots%2Cnuclear%2Csanctions%2Cweather%2Ceconomic%2Cwaterways%2Coutages%2Cmilitary%2Cnatural:0
[  943038ms] [ERROR] Executing inline script violates the following Content Security Policy directive 'script-src 'self' 'sha256-LnMFPWZxTgVOr2VYwIh9mhQ3l/l3+a3SfNOLERnuHfY=' 'sha256-4Z2xtr1B9QQugoojE/nbpOViG+8l2B7CZVlKgC78AeQ=' 'sha256-903UI9my1I7mqHoiVeZSc56yd50YoRJTB2269QqL76w=' 'sha256-EytE6o1N8rwzpVFMrF+WvBZr2y5UhFLw79o1/4VqS0s=' 'wasm-unsafe-eval' https://www.youtube.com https://static.cloudflareinsights.com https://vercel.live https://challenges.cloudflare.com https://abacus.worldmonitor.app https://*.clerk.accounts.dev https://*.dodopayments.com https://js.stripe.com'. Either the 'unsafe-inline' keyword, a hash ('sha256-BNN4UEEko1REertbvdEqNgt0fL5ykItf9IoM3JmlUwY='), or a nonce ('nonce-...') is required to enable inline execution. The action has been blocked. @ http://localhost:3001/?lat=-1.9341&lon=118.0000&zoom=4.00&view=indonesia&timeRange=7d&layers=conflicts%2Cbases%2Chotspots%2Cnuclear%2Csanctions%2Cweather%2Ceconomic%2Cwaterways%2Coutages%2Cmilitary%2Cnatural:121
[  944228ms] [ERROR] [feeds] DEFAULT_ENABLED name "Breaking Defense" not found in FULL_FEEDS! @ http://localhost:3001/src/config/feeds.ts:1171
[  944228ms] [LOG] [feeds] 107 unique default-enabled sources / 204 total @ http://localhost:3001/src/config/feeds.ts:1173
[  944339ms] [WARNING] THREE.THREE.Clock: This module has been deprecated. Please use THREE.Timer instead. @ http://localhost:3001/node_modules/.vite/deps/chunk-JENIRZW7.js?v=d584b076:296
[  944344ms] [ERROR] Loading the script 'https://va.vercel-scripts.com/v1/script.debug.js' violates the following Content Security Policy directive: "script-src 'self' 'sha256-LnMFPWZxTgVOr2VYwIh9mhQ3l/l3+a3SfNOLERnuHfY=' 'sha256-4Z2xtr1B9QQugoojE/nbpOViG+8l2B7CZVlKgC78AeQ=' 'sha256-903UI9my1I7mqHoiVeZSc56yd50YoRJTB2269QqL76w=' 'sha256-EytE6o1N8rwzpVFMrF+WvBZr2y5UhFLw79o1/4VqS0s=' 'wasm-unsafe-eval' https://www.youtube.com https://static.cloudflareinsights.com https://vercel.live https://challenges.cloudflare.com https://abacus.worldmonitor.app https://*.clerk.accounts.dev https://*.dodopayments.com https://js.stripe.com". Note that 'script-src-elem' was not explicitly set, so 'script-src' is used as a fallback. The action has been blocked. @ http://localhost:3001/node_modules/.vite/deps/@vercel_analytics.js?v=d584b076:185
[  944345ms] [LOG] [App] Variant check: stored="null", current="indonesia" @ http://localhost:3001/src/App.ts:393
[  944345ms] [LOG] [App] Variant changed - seeding new defaults, disabling cross-variant panels @ http://localhost:3001/src/App.ts:395
[  944346ms] [LOG] [entitlements] No VITE_CONVEX_URL — skipping Convex subscription @ http://localhost:3001/src/services/entitlements.ts:11
[  944346ms] [WARNING] [billing] No VITE_CONVEX_URL -- skipping subscription watch @ http://localhost:3001/src/services/billing.ts:19
[  944369ms] [LOG] [Vercel Web Analytics] Failed to load script from https://va.vercel-scripts.com/v1/script.debug.js. Please check if any ad blockers are enabled and try again. @ http://localhost:3001/node_modules/.vite/deps/@vercel_analytics.js?v=d584b076:181
[  944373ms] [INFO] 🌐 i18next is made possible by our own product, Locize — consider powering your project with managed localization (AI, CDN, integrations): https://locize.com 💙 @ http://localhost:3001/node_modules/.vite/deps/i18next.js?v=d584b076:1803
[  944374ms] [LOG] i18next: languageChanged en-US @ http://localhost:3001/node_modules/.vite/deps/i18next.js?v=d584b076:207
[  944374ms] [LOG] i18next: initialized {debug: true, initAsync: true, ns: Array(1), defaultNS: Array(1), fallbackLng: Array(1)} @ http://localhost:3001/node_modules/.vite/deps/i18next.js?v=d584b076:207
[  944439ms] [ERROR] The script has an unsupported MIME type ('text/html'). @ :0
[  944439ms] [WARNING] [clerk] VITE_CLERK_PUBLISHABLE_KEY not set, auth disabled @ http://localhost:3001/src/services/clerk.ts:62
[  944440ms] [WARNING] [PWA] Service worker registration failed: SecurityError: Failed to register a ServiceWorker for scope ('http://localhost:3001/') with script ('http://localhost:3001/sw.js'): The script has an unsupported MIME type ('text/html'). @ http://localhost:3001/src/main.ts:565
[  944450ms] [LOG] [MapContainer] Initializing deck.gl map (desktop mode) @ http://localhost:3001/src/components/MapContainer.ts:110
[  944464ms] [LOG] i18next::translator: missingKey en-US translation components.deckgl.layers.commodityPorts components.deckgl.layers.commodityPorts @ http://localhost:3001/node_modules/.vite/deps/i18next.js?v=d584b076:207
[  944464ms] [LOG] i18next::translator: missingKey en-US translation components.deckgl.layers.webcams components.deckgl.layers.webcams @ http://localhost:3001/node_modules/.vite/deps/i18next.js?v=d584b076:207
[  944464ms] [LOG] i18next::translator: missingKey en-US translation components.deckgl.layers.miningSites components.deckgl.layers.miningSites @ http://localhost:3001/node_modules/.vite/deps/i18next.js?v=d584b076:207
[  944464ms] [LOG] i18next::translator: missingKey en-US translation components.deckgl.layers.processingPlants components.deckgl.layers.processingPlants @ http://localhost:3001/node_modules/.vite/deps/i18next.js?v=d584b076:207
[  944464ms] [LOG] i18next::translator: missingKey en-US translation components.deckgl.layers.resilienceScore components.deckgl.layers.resilienceScore @ http://localhost:3001/node_modules/.vite/deps/i18next.js?v=d584b076:207
[  944464ms] [LOG] i18next::translator: missingKey en-US translation components.deckgl.layers.diseaseOutbreaks components.deckgl.layers.diseaseOutbreaks @ http://localhost:3001/node_modules/.vite/deps/i18next.js?v=d584b076:207
[  944464ms] [LOG] i18next::translator: missingKey en-US translation components.deckgl.layers.sanctions components.deckgl.layers.sanctions @ http://localhost:3001/node_modules/.vite/deps/i18next.js?v=d584b076:207
[  944468ms] [LOG] i18next::translator: missingKey en-US translation panels.cctvIpStream.infoTooltip panels.cctvIpStream.infoTooltip @ http://localhost:3001/node_modules/.vite/deps/i18next.js?v=d584b076:207
[  944491ms] [LOG] i18next::translator: missingKey en-US translation panels.disasters panels.disasters @ http://localhost:3001/node_modules/.vite/deps/i18next.js?v=d584b076:207
[  944492ms] [LOG] i18next::translator: missingKey en-US translation panels.positiveFeed panels.positiveFeed @ http://localhost:3001/node_modules/.vite/deps/i18next.js?v=d584b076:207
[  944492ms] [LOG] i18next::translator: missingKey en-US translation panels.progress panels.progress @ http://localhost:3001/node_modules/.vite/deps/i18next.js?v=d584b076:207
[  944492ms] [LOG] i18next::translator: missingKey en-US translation panels.counters panels.counters @ http://localhost:3001/node_modules/.vite/deps/i18next.js?v=d584b076:207
[  944492ms] [LOG] i18next::translator: missingKey en-US translation panels.spotlight panels.spotlight @ http://localhost:3001/node_modules/.vite/deps/i18next.js?v=d584b076:207
[  944492ms] [LOG] i18next::translator: missingKey en-US translation panels.breakthroughs panels.breakthroughs @ http://localhost:3001/node_modules/.vite/deps/i18next.js?v=d584b076:207
[  944492ms] [LOG] i18next::translator: missingKey en-US translation panels.digest panels.digest @ http://localhost:3001/node_modules/.vite/deps/i18next.js?v=d584b076:207
[  944492ms] [LOG] i18next::translator: missingKey en-US translation panels.species panels.species @ http://localhost:3001/node_modules/.vite/deps/i18next.js?v=d584b076:207
[  944492ms] [LOG] i18next::translator: missingKey en-US translation panels.renewable panels.renewable @ http://localhost:3001/node_modules/.vite/deps/i18next.js?v=d584b076:207
[  944492ms] [LOG] i18next::translator: missingKey en-US translation panels.commodityNews panels.commodityNews @ http://localhost:3001/node_modules/.vite/deps/i18next.js?v=d584b076:207
[  944492ms] [LOG] i18next::translator: missingKey en-US translation panels.liquidityShifts panels.liquidityShifts @ http://localhost:3001/node_modules/.vite/deps/i18next.js?v=d584b076:207
[  944492ms] [LOG] i18next::translator: missingKey en-US translation panels.positioning-247 panels.positioning-247 @ http://localhost:3001/node_modules/.vite/deps/i18next.js?v=d584b076:207
[  944492ms] [LOG] i18next::translator: missingKey en-US translation panels.goldSilver panels.goldSilver @ http://localhost:3001/node_modules/.vite/deps/i18next.js?v=d584b076:207
[  944492ms] [LOG] i18next::translator: missingKey en-US translation panels.miningNews panels.miningNews @ http://localhost:3001/node_modules/.vite/deps/i18next.js?v=d584b076:207
[  944492ms] [LOG] i18next::translator: missingKey en-US translation panels.criticalMinerals panels.criticalMinerals @ http://localhost:3001/node_modules/.vite/deps/i18next.js?v=d584b076:207
[  944493ms] [LOG] i18next::translator: missingKey en-US translation panels.baseMetals panels.baseMetals @ http://localhost:3001/node_modules/.vite/deps/i18next.js?v=d584b076:207
[  944493ms] [LOG] i18next::translator: missingKey en-US translation panels.miningCompanies panels.miningCompanies @ http://localhost:3001/node_modules/.vite/deps/i18next.js?v=d584b076:207
[  944493ms] [LOG] i18next::translator: missingKey en-US translation panels.commodityRegulation panels.commodityRegulation @ http://localhost:3001/node_modules/.vite/deps/i18next.js?v=d584b076:207
[  944493ms] [LOG] i18next::translator: missingKey en-US translation panels.pipelineStatus panels.pipelineStatus @ http://localhost:3001/node_modules/.vite/deps/i18next.js?v=d584b076:207
[  944493ms] [LOG] i18next::translator: missingKey en-US translation panels.sanctionsPressure panels.sanctionsPressure @ http://localhost:3001/node_modules/.vite/deps/i18next.js?v=d584b076:207
[  944493ms] [LOG] i18next::translator: missingKey en-US translation panels.worldClock panels.worldClock @ http://localhost:3001/node_modules/.vite/deps/i18next.js?v=d584b076:207
[  944493ms] [LOG] i18next::translator: missingKey en-US translation panels.latestBrief panels.latestBrief @ http://localhost:3001/node_modules/.vite/deps/i18next.js?v=d584b076:207
[  944493ms] [LOG] i18next::translator: missingKey en-US translation panels.energyRiskOverview panels.energyRiskOverview @ http://localhost:3001/node_modules/.vite/deps/i18next.js?v=d584b076:207
[  944493ms] [LOG] i18next::translator: missingKey en-US translation panels.chokepointStrip panels.chokepointStrip @ http://localhost:3001/node_modules/.vite/deps/i18next.js?v=d584b076:207
[  944493ms] [LOG] i18next::translator: missingKey en-US translation panels.storageFacilityMap panels.storageFacilityMap @ http://localhost:3001/node_modules/.vite/deps/i18next.js?v=d584b076:207
[  944493ms] [LOG] i18next::translator: missingKey en-US translation panels.fuelShortages panels.fuelShortages @ http://localhost:3001/node_modules/.vite/deps/i18next.js?v=d584b076:207
[  944493ms] [LOG] i18next::translator: missingKey en-US translation panels.energyDisruptions panels.energyDisruptions @ http://localhost:3001/node_modules/.vite/deps/i18next.js?v=d584b076:207
[  944493ms] [LOG] i18next::translator: missingKey en-US translation panels.hormuzTracker panels.hormuzTracker @ http://localhost:3001/node_modules/.vite/deps/i18next.js?v=d584b076:207
[  944494ms] [LOG] i18next::translator: missingKey en-US translation panels.aiRegulation panels.aiRegulation @ http://localhost:3001/node_modules/.vite/deps/i18next.js?v=d584b076:207
[  944494ms] [LOG] i18next::translator: missingKey en-US translation panels.stockAnalysis panels.stockAnalysis @ http://localhost:3001/node_modules/.vite/deps/i18next.js?v=d584b076:207
[  944494ms] [LOG] i18next::translator: missingKey en-US translation panels.stockBacktest panels.stockBacktest @ http://localhost:3001/node_modules/.vite/deps/i18next.js?v=d584b076:207
[  944494ms] [LOG] i18next::translator: missingKey en-US translation panels.dailyMarketBrief panels.dailyMarketBrief @ http://localhost:3001/node_modules/.vite/deps/i18next.js?v=d584b076:207
[  944494ms] [LOG] i18next::translator: missingKey en-US translation panels.marketsNews panels.marketsNews @ http://localhost:3001/node_modules/.vite/deps/i18next.js?v=d584b076:207
[  944494ms] [LOG] i18next::translator: missingKey en-US translation panels.forex panels.forex @ http://localhost:3001/node_modules/.vite/deps/i18next.js?v=d584b076:207
[  944494ms] [LOG] i18next::translator: missingKey en-US translation panels.bonds panels.bonds @ http://localhost:3001/node_modules/.vite/deps/i18next.js?v=d584b076:207
[  944494ms] [LOG] i18next::translator: missingKey en-US translation panels.commoditiesNews panels.commoditiesNews @ http://localhost:3001/node_modules/.vite/deps/i18next.js?v=d584b076:207
[  944494ms] [LOG] i18next::translator: missingKey en-US translation panels.cryptoNews panels.cryptoNews @ http://localhost:3001/node_modules/.vite/deps/i18next.js?v=d584b076:207
[  944494ms] [LOG] i18next::translator: missingKey en-US translation panels.cryptoHeatmap panels.cryptoHeatmap @ http://localhost:3001/node_modules/.vite/deps/i18next.js?v=d584b076:207
[  944494ms] [LOG] i18next::translator: missingKey en-US translation panels.defiTokens panels.defiTokens @ http://localhost:3001/node_modules/.vite/deps/i18next.js?v=d584b076:207
[  944494ms] [LOG] i18next::translator: missingKey en-US translation panels.aiTokens panels.aiTokens @ http://localhost:3001/node_modules/.vite/deps/i18next.js?v=d584b076:207
[  944494ms] [LOG] i18next::translator: missingKey en-US translation panels.otherTokens panels.otherTokens @ http://localhost:3001/node_modules/.vite/deps/i18next.js?v=d584b076:207
[  944494ms] [LOG] i18next::translator: missingKey en-US translation panels.centralbanks panels.centralbanks @ http://localhost:3001/node_modules/.vite/deps/i18next.js?v=d584b076:207
[  944495ms] [LOG] i18next::translator: missingKey en-US translation panels.economicNews panels.economicNews @ http://localhost:3001/node_modules/.vite/deps/i18next.js?v=d584b076:207
[  944495ms] [LOG] i18next::translator: missingKey en-US translation panels.macroTiles panels.macroTiles @ http://localhost:3001/node_modules/.vite/deps/i18next.js?v=d584b076:207
[  944495ms] [LOG] i18next::translator: missingKey en-US translation panels.aaiiSentiment panels.aaiiSentiment @ http://localhost:3001/node_modules/.vite/deps/i18next.js?v=d584b076:207
[  944495ms] [LOG] i18next::translator: missingKey en-US translation panels.fsi panels.fsi @ http://localhost:3001/node_modules/.vite/deps/i18next.js?v=d584b076:207
[  944495ms] [LOG] i18next::translator: missingKey en-US translation panels.yieldCurve panels.yieldCurve @ http://localhost:3001/node_modules/.vite/deps/i18next.js?v=d584b076:207
[  944495ms] [LOG] i18next::translator: missingKey en-US translation panels.earningsCalendar panels.earningsCalendar @ http://localhost:3001/node_modules/.vite/deps/i18next.js?v=d584b076:207
[  944495ms] [LOG] i18next::translator: missingKey en-US translation panels.economicCalendar panels.economicCalendar @ http://localhost:3001/node_modules/.vite/deps/i18next.js?v=d584b076:207
[  944495ms] [LOG] i18next::translator: missingKey en-US translation panels.cotPositioning panels.cotPositioning @ http://localhost:3001/node_modules/.vite/deps/i18next.js?v=d584b076:207
[  944495ms] [LOG] i18next::translator: missingKey en-US translation panels.derivatives panels.derivatives @ http://localhost:3001/node_modules/.vite/deps/i18next.js?v=d584b076:207
[  944495ms] [LOG] i18next::translator: missingKey en-US translation panels.fintech panels.fintech @ http://localhost:3001/node_modules/.vite/deps/i18next.js?v=d584b076:207
[  944495ms] [LOG] i18next::translator: missingKey en-US translation panels.institutional panels.institutional @ http://localhost:3001/node_modules/.vite/deps/i18next.js?v=d584b076:207
[  944495ms] [LOG] i18next::translator: missingKey en-US translation panels.analysis panels.analysis @ http://localhost:3001/node_modules/.vite/deps/i18next.js?v=d584b076:207
[  944495ms] [LOG] i18next::translator: missingKey en-US translation panels.gccNews panels.gccNews @ http://localhost:3001/node_modules/.vite/deps/i18next.js?v=d584b076:207
[  944495ms] [LOG] i18next::translator: missingKey en-US translation panels.forecast panels.forecast @ http://localhost:3001/node_modules/.vite/deps/i18next.js?v=d584b076:207
[  944495ms] [LOG] i18next::translator: missingKey en-US translation panels.militaryCorrelation panels.militaryCorrelation @ http://localhost:3001/node_modules/.vite/deps/i18next.js?v=d584b076:207
[  944495ms] [LOG] i18next::translator: missingKey en-US translation panels.escalationCorrelation panels.escalationCorrelation @ http://localhost:3001/node_modules/.vite/deps/i18next.js?v=d584b076:207
[  944496ms] [LOG] i18next::translator: missingKey en-US translation panels.economicCorrelation panels.economicCorrelation @ http://localhost:3001/node_modules/.vite/deps/i18next.js?v=d584b076:207
[  944496ms] [LOG] i18next::translator: missingKey en-US translation panels.disasterCorrelation panels.disasterCorrelation @ http://localhost:3001/node_modules/.vite/deps/i18next.js?v=d584b076:207
[  944496ms] [LOG] i18next::translator: missingKey en-US translation panels.chatAnalyst panels.chatAnalyst @ http://localhost:3001/node_modules/.vite/deps/i18next.js?v=d584b076:207
[  944496ms] [LOG] i18next::translator: missingKey en-US translation panels.diseaseOutbreaks panels.diseaseOutbreaks @ http://localhost:3001/node_modules/.vite/deps/i18next.js?v=d584b076:207
[  944496ms] [LOG] i18next::translator: missingKey en-US translation panels.socialVelocity panels.socialVelocity @ http://localhost:3001/node_modules/.vite/deps/i18next.js?v=d584b076:207
[  944497ms] [LOG] i18next::translator: missingKey en-US translation panels.defensePatents panels.defensePatents @ http://localhost:3001/node_modules/.vite/deps/i18next.js?v=d584b076:207
[  944497ms] [LOG] i18next::translator: missingKey en-US translation panels.radiationWatch panels.radiationWatch @ http://localhost:3001/node_modules/.vite/deps/i18next.js?v=d584b076:207
[  944497ms] [LOG] i18next::translator: missingKey en-US translation panels.thermalEscalation panels.thermalEscalation @ http://localhost:3001/node_modules/.vite/deps/i18next.js?v=d584b076:207
[  944497ms] [LOG] i18next::translator: missingKey en-US translation panels.nationalDebt panels.nationalDebt @ http://localhost:3001/node_modules/.vite/deps/i18next.js?v=d584b076:207
[  944497ms] [LOG] i18next::translator: missingKey en-US translation panels.crossSourceSignals panels.crossSourceSignals @ http://localhost:3001/node_modules/.vite/deps/i18next.js?v=d584b076:207
[  944497ms] [LOG] i18next::translator: missingKey en-US translation panels.regionalIntelligence panels.regionalIntelligence @ http://localhost:3001/node_modules/.vite/deps/i18next.js?v=d584b076:207
[  944543ms] [LOG] i18next::translator: missingKey en-US translation webcams.expand webcams.expand @ http://localhost:3001/node_modules/.vite/deps/i18next.js?v=d584b076:207
[  944544ms] [LOG] i18next::translator: missingKey en-US translation common.remove common.remove @ http://localhost:3001/node_modules/.vite/deps/i18next.js?v=d584b076:207
[  944544ms] [LOG] i18next::translator: missingKey en-US translation webcams.expand webcams.expand @ http://localhost:3001/node_modules/.vite/deps/i18next.js?v=d584b076:207
[  944544ms] [LOG] i18next::translator: missingKey en-US translation common.remove common.remove @ http://localhost:3001/node_modules/.vite/deps/i18next.js?v=d584b076:207
[  944544ms] [LOG] i18next::translator: missingKey en-US translation webcams.expand webcams.expand @ http://localhost:3001/node_modules/.vite/deps/i18next.js?v=d584b076:207
[  944544ms] [LOG] i18next::translator: missingKey en-US translation common.remove common.remove @ http://localhost:3001/node_modules/.vite/deps/i18next.js?v=d584b076:207
[  944545ms] [LOG] i18next::translator: missingKey en-US translation webcams.expand webcams.expand @ http://localhost:3001/node_modules/.vite/deps/i18next.js?v=d584b076:207
[  944545ms] [LOG] i18next::translator: missingKey en-US translation common.remove common.remove @ http://localhost:3001/node_modules/.vite/deps/i18next.js?v=d584b076:207
[  945315ms] [LOG] i18next::translator: missingKey en-US translation common.remove common.remove @ http://localhost:3001/node_modules/.vite/deps/i18next.js?v=d584b076:207
[  945318ms] [ERROR] Failed to load resource: the server responded with a status of 404 (Not Found) @ http://localhost:3001/api/health/v1/list-disease-outbreaks:0
[  945318ms] [ERROR] Failed to load resource: the server responded with a status of 503 (Service Unavailable) @ http://localhost:3001/api/gpsjam:0
[  945328ms] [WARNING] Image "circle-11" could not be loaded. Please make sure you have added the image with map.addImage() or a "sprite" property in your style. You can provide missing images by listening for the "styleimagemissing" map event. @ http://localhost:3001/node_modules/.vite/deps/maplibre-gl.js?v=d584b076:312
[  945391ms] [ERROR] [App] Telegram intel fetch failed: SyntaxError: Unexpected token 'i', "import { g"... is not valid JSON @ http://localhost:3001/src/app/data-loader.ts:2939
[  945392ms] [ERROR] [App] Telegram intel fetch failed: SyntaxError: Unexpected token 'i', "import { g"... is not valid JSON @ http://localhost:3001/src/app/data-loader.ts:2939
[  945425ms] [ERROR] Failed to load resource: the server responded with a status of 404 (Not Found) @ http://localhost:3001/api/radiation/v1/list-radiation-observations?max_items=18:0
[  945426ms] [ERROR] Failed to load resource: the server responded with a status of 404 (Not Found) @ http://localhost:3001/api/thermal/v1/list-thermal-escalations?max_items=12:0
[  945426ms] [ERROR] Failed to load resource: the server responded with a status of 404 (Not Found) @ http://localhost:3001/api/forecast/v1/get-forecasts:0
[  945426ms] [ERROR] Failed to load resource: the server responded with a status of 404 (Not Found) @ http://localhost:3001/api/forecast/v1/get-simulation-outcome:0
[  945454ms] [ERROR] [NWS Weather] Failed: SyntaxError: Unexpected token 'i', "import { g"... is not valid JSON @ http://localhost:3001/src/utils/circuit-breaker.ts:298
[  945455ms] [ERROR] [Polymarket] Failed: Error: No markets returned — upstream may be down @ http://localhost:3001/src/utils/circuit-breaker.ts:298
[  945469ms] [ERROR] [Military Flight Tracking] Failed: Error: No flights returned — upstream may be down @ http://localhost:3001/src/utils/circuit-breaker.ts:298
[  945471ms] [ERROR] [Radiation Watch] Failed: ApiError: Request failed with status 404 @ http://localhost:3001/src/utils/circuit-breaker.ts:298
[  945471ms] [ERROR] [Thermal Escalation] Failed: ApiError: Request failed with status 404 @ http://localhost:3001/src/utils/circuit-breaker.ts:298
[  945472ms] [LOG] [Intelligence] All signals loaded for CII calculation @ http://localhost:3001/src/app/data-loader.ts:1966
[  945478ms] [LOG] i18next::translator: missingKey en-US translation common.remove common.remove @ http://localhost:3001/node_modules/.vite/deps/i18next.js?v=d584b076:207
[  945485ms] [WARNING] [clerk] getClerkToken: no session (clerkInstance=false, user=false) @ http://localhost:3001/src/services/clerk.ts:127
[  945512ms] [ERROR] Failed to load resource: the server responded with a status of 404 (Not Found) @ http://localhost:3001/api/sanctions/v1/list-sanctions-pressure?max_items=30:0
[  945524ms] [ERROR] [Sanctions Pressure] Failed: ApiError: Request failed with status 404 @ http://localhost:3001/src/utils/circuit-breaker.ts:298
[  945702ms] [LOG] i18next::translator: missingKey en-US translation common.remove common.remove @ http://localhost:3001/node_modules/.vite/deps/i18next.js?v=d584b076:207
[  946141ms] [LOG] i18next::translator: missingKey en-US translation common.remove common.remove @ http://localhost:3001/node_modules/.vite/deps/i18next.js?v=d584b076:207
[  952968ms] [WARNING] [News] Digest fetch failed, using fallback: TimeoutError: signal timed out @ http://localhost:3001/src/app/data-loader.ts:304
[  952973ms] [WARNING] [News] Digest missing for "markets", limited per-feed fallback disabled @ http://localhost:3001/src/app/data-loader.ts:848
[  952973ms] [WARNING] [News] Digest missing for "disasters", limited per-feed fallback disabled @ http://localhost:3001/src/app/data-loader.ts:848
[  954785ms] [LOG] [Search] Indexing 0 news items (allNews total: 0) @ http://localhost:3001/src/app/search-manager.ts:690
[ 1002556ms] [LOG] SITE_VARIANT: indonesia @ :0
[ 1002556ms] [LOG] stored variant: indonesia @ :1
[ 1002556ms] [LOG] panel settings: null @ :2
[ 1002556ms] [LOG] App variant check: null @ :3
[ 1070207ms] [LOG] [vite] server connection lost. Polling for restart... @ http://localhost:3001/@vite/client:963
[ 1070334ms] [ERROR] Loading the script 'https://abacus.kopassus.monitor/script.js' violates the following Content Security Policy directive: "script-src 'self' 'sha256-LnMFPWZxTgVOr2VYwIh9mhQ3l/l3+a3SfNOLERnuHfY=' 'sha256-4Z2xtr1B9QQugoojE/nbpOViG+8l2B7CZVlKgC78AeQ=' 'sha256-903UI9my1I7mqHoiVeZSc56yd50YoRJTB2269QqL76w=' 'sha256-EytE6o1N8rwzpVFMrF+WvBZr2y5UhFLw79o1/4VqS0s=' 'wasm-unsafe-eval' https://www.youtube.com https://static.cloudflareinsights.com https://vercel.live https://challenges.cloudflare.com https://abacus.worldmonitor.app https://*.clerk.accounts.dev https://*.dodopayments.com https://js.stripe.com". Note that 'script-src-elem' was not explicitly set, so 'script-src' is used as a fallback. The action has been blocked. @ http://localhost:3001/?lat=-0.3633&lon=113.5484&zoom=3.71&view=indonesia&timeRange=7d&layers=conflicts%2Cbases%2Chotspots%2Cnuclear%2Csanctions%2Cweather%2Ceconomic%2Cwaterways%2Coutages%2Cmilitary%2Cnatural:0
[ 1070334ms] [ERROR] Executing inline script violates the following Content Security Policy directive 'script-src 'self' 'sha256-LnMFPWZxTgVOr2VYwIh9mhQ3l/l3+a3SfNOLERnuHfY=' 'sha256-4Z2xtr1B9QQugoojE/nbpOViG+8l2B7CZVlKgC78AeQ=' 'sha256-903UI9my1I7mqHoiVeZSc56yd50YoRJTB2269QqL76w=' 'sha256-EytE6o1N8rwzpVFMrF+WvBZr2y5UhFLw79o1/4VqS0s=' 'wasm-unsafe-eval' https://www.youtube.com https://static.cloudflareinsights.com https://vercel.live https://challenges.cloudflare.com https://abacus.worldmonitor.app https://*.clerk.accounts.dev https://*.dodopayments.com https://js.stripe.com'. Either the 'unsafe-inline' keyword, a hash ('sha256-BNN4UEEko1REertbvdEqNgt0fL5ykItf9IoM3JmlUwY='), or a nonce ('nonce-...') is required to enable inline execution. The action has been blocked. @ http://localhost:3001/?lat=-0.3633&lon=113.5484&zoom=3.71&view=indonesia&timeRange=7d&layers=conflicts%2Cbases%2Chotspots%2Cnuclear%2Csanctions%2Cweather%2Ceconomic%2Cwaterways%2Coutages%2Cmilitary%2Cnatural:121
[ 1071030ms] [ERROR] [feeds] DEFAULT_ENABLED name "Breaking Defense" not found in FULL_FEEDS! @ http://localhost:3001/src/config/feeds.ts:1171
[ 1071031ms] [LOG] [feeds] 107 unique default-enabled sources / 204 total @ http://localhost:3001/src/config/feeds.ts:1173
[ 1071121ms] [WARNING] THREE.THREE.Clock: This module has been deprecated. Please use THREE.Timer instead. @ http://localhost:3001/node_modules/.vite/deps/chunk-JENIRZW7.js?v=d584b076:296
[ 1071128ms] [ERROR] Loading the script 'https://va.vercel-scripts.com/v1/script.debug.js' violates the following Content Security Policy directive: "script-src 'self' 'sha256-LnMFPWZxTgVOr2VYwIh9mhQ3l/l3+a3SfNOLERnuHfY=' 'sha256-4Z2xtr1B9QQugoojE/nbpOViG+8l2B7CZVlKgC78AeQ=' 'sha256-903UI9my1I7mqHoiVeZSc56yd50YoRJTB2269QqL76w=' 'sha256-EytE6o1N8rwzpVFMrF+WvBZr2y5UhFLw79o1/4VqS0s=' 'wasm-unsafe-eval' https://www.youtube.com https://static.cloudflareinsights.com https://vercel.live https://challenges.cloudflare.com https://abacus.worldmonitor.app https://*.clerk.accounts.dev https://*.dodopayments.com https://js.stripe.com". Note that 'script-src-elem' was not explicitly set, so 'script-src' is used as a fallback. The action has been blocked. @ http://localhost:3001/node_modules/.vite/deps/@vercel_analytics.js?v=d584b076:185
[ 1071131ms] [LOG] [App] Variant check: stored="indonesia", current="indonesia" @ http://localhost:3001/src/App.ts:393
[ 1071131ms] [LOG] [App] Loaded panel settings from storage: [positive-feed, progress, counters, spotlight, breakthroughs, digest, species, renewable, giving, insights, commodity-news, liquidity-shifts, positioning-247, gold-silver, energy, mining-news, critical-minerals, base-metals, mining-companies, supply-chain, commodity-regulation, energy-complex, pipeline-status, oil-inventories, gold-intelligence, heatmap, macro-signals, trade-policy, sanctions-pressure, economic, gulf-economies, gcc-investments, consumer-prices, airline-intel, polymarket, world-clock, monitors, latest-brief, energy-risk-overview, chokepoint-strip, storage-facility-map, fuel-shortages, energy-disruptions, hormuz-tracker, energy-crisis, fuel-prices, climate, live-webcams, windy-webcams, ai, startups, vcblogs, regionalStartups, unicorns, accelerators, security, policy, layoffs, finance, crypto, hardware, cloud, dev, github, ipo, funding, producthunt, events, internet-disruptions, service-status, tech-readiness, etf-flows, stablecoins, tech-hubs, ai-regulation, stock-analysis, stock-backtest, daily-market-brief, markets-news, forex, bonds, commodities-news, crypto-news, crypto-heatmap, defi-tokens, ai-tokens, other-tokens, centralbanks, economic-news, macro-tiles, fear-greed, aaii-sentiment, market-breadth, fsi, yield-curve, earnings-calendar, economic-calendar, cot-positioning, derivatives, fintech] @ http://localhost:3001/src/App.ts:500
[ 1071134ms] [LOG] [entitlements] No VITE_CONVEX_URL — skipping Convex subscription @ http://localhost:3001/src/services/entitlements.ts:11
[ 1071134ms] [WARNING] [billing] No VITE_CONVEX_URL -- skipping subscription watch @ http://localhost:3001/src/services/billing.ts:19
[ 1071169ms] [LOG] [Vercel Web Analytics] Failed to load script from https://va.vercel-scripts.com/v1/script.debug.js. Please check if any ad blockers are enabled and try again. @ http://localhost:3001/node_modules/.vite/deps/@vercel_analytics.js?v=d584b076:181
[ 1071268ms] [INFO] 🌐 i18next is made possible by our own product, Locize — consider powering your project with managed localization (AI, CDN, integrations): https://locize.com 💙 @ http://localhost:3001/node_modules/.vite/deps/i18next.js?v=d584b076:1803
[ 1071269ms] [LOG] i18next: languageChanged en-US @ http://localhost:3001/node_modules/.vite/deps/i18next.js?v=d584b076:207
[ 1071269ms] [LOG] i18next: initialized {debug: true, initAsync: true, ns: Array(1), defaultNS: Array(1), fallbackLng: Array(1)} @ http://localhost:3001/node_modules/.vite/deps/i18next.js?v=d584b076:207
[ 1071357ms] [ERROR] The script has an unsupported MIME type ('text/html'). @ :0
[ 1071473ms] [WARNING] [PWA] Service worker registration failed: SecurityError: Failed to register a ServiceWorker for scope ('http://localhost:3001/') with script ('http://localhost:3001/sw.js'): The script has an unsupported MIME type ('text/html'). @ http://localhost:3001/src/main.ts:565
[ 1071479ms] [WARNING] [clerk] VITE_CLERK_PUBLISHABLE_KEY not set, auth disabled @ http://localhost:3001/src/services/clerk.ts:62
[ 1071488ms] [LOG] [MapContainer] Initializing deck.gl map (desktop mode) @ http://localhost:3001/src/components/MapContainer.ts:110
[ 1071521ms] [LOG] i18next::translator: missingKey en-US translation components.deckgl.layers.commodityPorts components.deckgl.layers.commodityPorts @ http://localhost:3001/node_modules/.vite/deps/i18next.js?v=d584b076:207
[ 1071521ms] [LOG] i18next::translator: missingKey en-US translation components.deckgl.layers.webcams components.deckgl.layers.webcams @ http://localhost:3001/node_modules/.vite/deps/i18next.js?v=d584b076:207
[ 1071522ms] [LOG] i18next::translator: missingKey en-US translation components.deckgl.layers.miningSites components.deckgl.layers.miningSites @ http://localhost:3001/node_modules/.vite/deps/i18next.js?v=d584b076:207
[ 1071522ms] [LOG] i18next::translator: missingKey en-US translation components.deckgl.layers.processingPlants components.deckgl.layers.processingPlants @ http://localhost:3001/node_modules/.vite/deps/i18next.js?v=d584b076:207
[ 1071522ms] [LOG] i18next::translator: missingKey en-US translation components.deckgl.layers.resilienceScore components.deckgl.layers.resilienceScore @ http://localhost:3001/node_modules/.vite/deps/i18next.js?v=d584b076:207
[ 1071522ms] [LOG] i18next::translator: missingKey en-US translation components.deckgl.layers.diseaseOutbreaks components.deckgl.layers.diseaseOutbreaks @ http://localhost:3001/node_modules/.vite/deps/i18next.js?v=d584b076:207
[ 1071522ms] [LOG] i18next::translator: missingKey en-US translation components.deckgl.layers.sanctions components.deckgl.layers.sanctions @ http://localhost:3001/node_modules/.vite/deps/i18next.js?v=d584b076:207
[ 1071526ms] [LOG] i18next::translator: missingKey en-US translation panels.cctvIpStream.infoTooltip panels.cctvIpStream.infoTooltip @ http://localhost:3001/node_modules/.vite/deps/i18next.js?v=d584b076:207
[ 1071557ms] [LOG] i18next::translator: missingKey en-US translation panels.disasters panels.disasters @ http://localhost:3001/node_modules/.vite/deps/i18next.js?v=d584b076:207
[ 1071557ms] [LOG] i18next::translator: missingKey en-US translation panels.positiveFeed panels.positiveFeed @ http://localhost:3001/node_modules/.vite/deps/i18next.js?v=d584b076:207
[ 1071557ms] [LOG] i18next::translator: missingKey en-US translation panels.progress panels.progress @ http://localhost:3001/node_modules/.vite/deps/i18next.js?v=d584b076:207
[ 1071557ms] [LOG] i18next::translator: missingKey en-US translation panels.counters panels.counters @ http://localhost:3001/node_modules/.vite/deps/i18next.js?v=d584b076:207
[ 1071557ms] [LOG] i18next::translator: missingKey en-US translation panels.spotlight panels.spotlight @ http://localhost:3001/node_modules/.vite/deps/i18next.js?v=d584b076:207
[ 1071558ms] [LOG] i18next::translator: missingKey en-US translation panels.breakthroughs panels.breakthroughs @ http://localhost:3001/node_modules/.vite/deps/i18next.js?v=d584b076:207
[ 1071558ms] [LOG] i18next::translator: missingKey en-US translation panels.digest panels.digest @ http://localhost:3001/node_modules/.vite/deps/i18next.js?v=d584b076:207
[ 1071558ms] [LOG] i18next::translator: missingKey en-US translation panels.species panels.species @ http://localhost:3001/node_modules/.vite/deps/i18next.js?v=d584b076:207
[ 1071558ms] [LOG] i18next::translator: missingKey en-US translation panels.renewable panels.renewable @ http://localhost:3001/node_modules/.vite/deps/i18next.js?v=d584b076:207
[ 1071558ms] [LOG] i18next::translator: missingKey en-US translation panels.commodityNews panels.commodityNews @ http://localhost:3001/node_modules/.vite/deps/i18next.js?v=d584b076:207
[ 1071558ms] [LOG] i18next::translator: missingKey en-US translation panels.liquidityShifts panels.liquidityShifts @ http://localhost:3001/node_modules/.vite/deps/i18next.js?v=d584b076:207
[ 1071558ms] [LOG] i18next::translator: missingKey en-US translation panels.positioning-247 panels.positioning-247 @ http://localhost:3001/node_modules/.vite/deps/i18next.js?v=d584b076:207
[ 1071558ms] [LOG] i18next::translator: missingKey en-US translation panels.goldSilver panels.goldSilver @ http://localhost:3001/node_modules/.vite/deps/i18next.js?v=d584b076:207
[ 1071558ms] [LOG] i18next::translator: missingKey en-US translation panels.miningNews panels.miningNews @ http://localhost:3001/node_modules/.vite/deps/i18next.js?v=d584b076:207
[ 1071558ms] [LOG] i18next::translator: missingKey en-US translation panels.criticalMinerals panels.criticalMinerals @ http://localhost:3001/node_modules/.vite/deps/i18next.js?v=d584b076:207
[ 1071558ms] [LOG] i18next::translator: missingKey en-US translation panels.baseMetals panels.baseMetals @ http://localhost:3001/node_modules/.vite/deps/i18next.js?v=d584b076:207
[ 1071558ms] [LOG] i18next::translator: missingKey en-US translation panels.miningCompanies panels.miningCompanies @ http://localhost:3001/node_modules/.vite/deps/i18next.js?v=d584b076:207
[ 1071558ms] [LOG] i18next::translator: missingKey en-US translation panels.commodityRegulation panels.commodityRegulation @ http://localhost:3001/node_modules/.vite/deps/i18next.js?v=d584b076:207
[ 1071558ms] [LOG] i18next::translator: missingKey en-US translation panels.pipelineStatus panels.pipelineStatus @ http://localhost:3001/node_modules/.vite/deps/i18next.js?v=d584b076:207
[ 1071558ms] [LOG] i18next::translator: missingKey en-US translation panels.sanctionsPressure panels.sanctionsPressure @ http://localhost:3001/node_modules/.vite/deps/i18next.js?v=d584b076:207
[ 1071559ms] [LOG] i18next::translator: missingKey en-US translation panels.worldClock panels.worldClock @ http://localhost:3001/node_modules/.vite/deps/i18next.js?v=d584b076:207
[ 1071559ms] [LOG] i18next::translator: missingKey en-US translation panels.latestBrief panels.latestBrief @ http://localhost:3001/node_modules/.vite/deps/i18next.js?v=d584b076:207
[ 1071559ms] [LOG] i18next::translator: missingKey en-US translation panels.energyRiskOverview panels.energyRiskOverview @ http://localhost:3001/node_modules/.vite/deps/i18next.js?v=d584b076:207
[ 1071559ms] [LOG] i18next::translator: missingKey en-US translation panels.chokepointStrip panels.chokepointStrip @ http://localhost:3001/node_modules/.vite/deps/i18next.js?v=d584b076:207
[ 1071559ms] [LOG] i18next::translator: missingKey en-US translation panels.storageFacilityMap panels.storageFacilityMap @ http://localhost:3001/node_modules/.vite/deps/i18next.js?v=d584b076:207
[ 1071559ms] [LOG] i18next::translator: missingKey en-US translation panels.fuelShortages panels.fuelShortages @ http://localhost:3001/node_modules/.vite/deps/i18next.js?v=d584b076:207
[ 1071559ms] [LOG] i18next::translator: missingKey en-US translation panels.energyDisruptions panels.energyDisruptions @ http://localhost:3001/node_modules/.vite/deps/i18next.js?v=d584b076:207
[ 1071559ms] [LOG] i18next::translator: missingKey en-US translation panels.hormuzTracker panels.hormuzTracker @ http://localhost:3001/node_modules/.vite/deps/i18next.js?v=d584b076:207
[ 1071559ms] [LOG] i18next::translator: missingKey en-US translation panels.aiRegulation panels.aiRegulation @ http://localhost:3001/node_modules/.vite/deps/i18next.js?v=d584b076:207
[ 1071559ms] [LOG] i18next::translator: missingKey en-US translation panels.stockAnalysis panels.stockAnalysis @ http://localhost:3001/node_modules/.vite/deps/i18next.js?v=d584b076:207
[ 1071559ms] [LOG] i18next::translator: missingKey en-US translation panels.stockBacktest panels.stockBacktest @ http://localhost:3001/node_modules/.vite/deps/i18next.js?v=d584b076:207
[ 1071560ms] [LOG] i18next::translator: missingKey en-US translation panels.dailyMarketBrief panels.dailyMarketBrief @ http://localhost:3001/node_modules/.vite/deps/i18next.js?v=d584b076:207
[ 1071560ms] [LOG] i18next::translator: missingKey en-US translation panels.marketsNews panels.marketsNews @ http://localhost:3001/node_modules/.vite/deps/i18next.js?v=d584b076:207
[ 1071560ms] [LOG] i18next::translator: missingKey en-US translation panels.forex panels.forex @ http://localhost:3001/node_modules/.vite/deps/i18next.js?v=d584b076:207
[ 1071560ms] [LOG] i18next::translator: missingKey en-US translation panels.bonds panels.bonds @ http://localhost:3001/node_modules/.vite/deps/i18next.js?v=d584b076:207
[ 1071560ms] [LOG] i18next::translator: missingKey en-US translation panels.commoditiesNews panels.commoditiesNews @ http://localhost:3001/node_modules/.vite/deps/i18next.js?v=d584b076:207
[ 1071560ms] [LOG] i18next::translator: missingKey en-US translation panels.cryptoNews panels.cryptoNews @ http://localhost:3001/node_modules/.vite/deps/i18next.js?v=d584b076:207
[ 1071560ms] [LOG] i18next::translator: missingKey en-US translation panels.cryptoHeatmap panels.cryptoHeatmap @ http://localhost:3001/node_modules/.vite/deps/i18next.js?v=d584b076:207
[ 1071560ms] [LOG] i18next::translator: missingKey en-US translation panels.defiTokens panels.defiTokens @ http://localhost:3001/node_modules/.vite/deps/i18next.js?v=d584b076:207
[ 1071560ms] [LOG] i18next::translator: missingKey en-US translation panels.aiTokens panels.aiTokens @ http://localhost:3001/node_modules/.vite/deps/i18next.js?v=d584b076:207
[ 1071560ms] [LOG] i18next::translator: missingKey en-US translation panels.otherTokens panels.otherTokens @ http://localhost:3001/node_modules/.vite/deps/i18next.js?v=d584b076:207
[ 1071560ms] [LOG] i18next::translator: missingKey en-US translation panels.centralbanks panels.centralbanks @ http://localhost:3001/node_modules/.vite/deps/i18next.js?v=d584b076:207
[ 1071560ms] [LOG] i18next::translator: missingKey en-US translation panels.economicNews panels.economicNews @ http://localhost:3001/node_modules/.vite/deps/i18next.js?v=d584b076:207
[ 1071560ms] [LOG] i18next::translator: missingKey en-US translation panels.macroTiles panels.macroTiles @ http://localhost:3001/node_modules/.vite/deps/i18next.js?v=d584b076:207
[ 1071560ms] [LOG] i18next::translator: missingKey en-US translation panels.aaiiSentiment panels.aaiiSentiment @ http://localhost:3001/node_modules/.vite/deps/i18next.js?v=d584b076:207
[ 1071560ms] [LOG] i18next::translator: missingKey en-US translation panels.fsi panels.fsi @ http://localhost:3001/node_modules/.vite/deps/i18next.js?v=d584b076:207
[ 1071561ms] [LOG] i18next::translator: missingKey en-US translation panels.yieldCurve panels.yieldCurve @ http://localhost:3001/node_modules/.vite/deps/i18next.js?v=d584b076:207
[ 1071561ms] [LOG] i18next::translator: missingKey en-US translation panels.earningsCalendar panels.earningsCalendar @ http://localhost:3001/node_modules/.vite/deps/i18next.js?v=d584b076:207
[ 1071561ms] [LOG] i18next::translator: missingKey en-US translation panels.economicCalendar panels.economicCalendar @ http://localhost:3001/node_modules/.vite/deps/i18next.js?v=d584b076:207
[ 1071561ms] [LOG] i18next::translator: missingKey en-US translation panels.cotPositioning panels.cotPositioning @ http://localhost:3001/node_modules/.vite/deps/i18next.js?v=d584b076:207
[ 1071561ms] [LOG] i18next::translator: missingKey en-US translation panels.derivatives panels.derivatives @ http://localhost:3001/node_modules/.vite/deps/i18next.js?v=d584b076:207
[ 1071561ms] [LOG] i18next::translator: missingKey en-US translation panels.fintech panels.fintech @ http://localhost:3001/node_modules/.vite/deps/i18next.js?v=d584b076:207
[ 1071561ms] [LOG] i18next::translator: missingKey en-US translation panels.institutional panels.institutional @ http://localhost:3001/node_modules/.vite/deps/i18next.js?v=d584b076:207
[ 1071561ms] [LOG] i18next::translator: missingKey en-US translation panels.analysis panels.analysis @ http://localhost:3001/node_modules/.vite/deps/i18next.js?v=d584b076:207
[ 1071561ms] [LOG] i18next::translator: missingKey en-US translation panels.gccNews panels.gccNews @ http://localhost:3001/node_modules/.vite/deps/i18next.js?v=d584b076:207
[ 1071561ms] [LOG] i18next::translator: missingKey en-US translation panels.forecast panels.forecast @ http://localhost:3001/node_modules/.vite/deps/i18next.js?v=d584b076:207
[ 1071561ms] [LOG] i18next::translator: missingKey en-US translation panels.militaryCorrelation panels.militaryCorrelation @ http://localhost:3001/node_modules/.vite/deps/i18next.js?v=d584b076:207
[ 1071561ms] [LOG] i18next::translator: missingKey en-US translation panels.escalationCorrelation panels.escalationCorrelation @ http://localhost:3001/node_modules/.vite/deps/i18next.js?v=d584b076:207
[ 1071561ms] [LOG] i18next::translator: missingKey en-US translation panels.economicCorrelation panels.economicCorrelation @ http://localhost:3001/node_modules/.vite/deps/i18next.js?v=d584b076:207
[ 1071561ms] [LOG] i18next::translator: missingKey en-US translation panels.disasterCorrelation panels.disasterCorrelation @ http://localhost:3001/node_modules/.vite/deps/i18next.js?v=d584b076:207
[ 1071562ms] [LOG] i18next::translator: missingKey en-US translation panels.chatAnalyst panels.chatAnalyst @ http://localhost:3001/node_modules/.vite/deps/i18next.js?v=d584b076:207
[ 1071562ms] [LOG] i18next::translator: missingKey en-US translation panels.diseaseOutbreaks panels.diseaseOutbreaks @ http://localhost:3001/node_modules/.vite/deps/i18next.js?v=d584b076:207
[ 1071562ms] [LOG] i18next::translator: missingKey en-US translation panels.socialVelocity panels.socialVelocity @ http://localhost:3001/node_modules/.vite/deps/i18next.js?v=d584b076:207
[ 1071562ms] [LOG] i18next::translator: missingKey en-US translation panels.defensePatents panels.defensePatents @ http://localhost:3001/node_modules/.vite/deps/i18next.js?v=d584b076:207
[ 1071562ms] [LOG] i18next::translator: missingKey en-US translation panels.radiationWatch panels.radiationWatch @ http://localhost:3001/node_modules/.vite/deps/i18next.js?v=d584b076:207
[ 1071562ms] [LOG] i18next::translator: missingKey en-US translation panels.thermalEscalation panels.thermalEscalation @ http://localhost:3001/node_modules/.vite/deps/i18next.js?v=d584b076:207
[ 1071562ms] [LOG] i18next::translator: missingKey en-US translation panels.nationalDebt panels.nationalDebt @ http://localhost:3001/node_modules/.vite/deps/i18next.js?v=d584b076:207
[ 1071562ms] [LOG] i18next::translator: missingKey en-US translation panels.crossSourceSignals panels.crossSourceSignals @ http://localhost:3001/node_modules/.vite/deps/i18next.js?v=d584b076:207
[ 1071562ms] [LOG] i18next::translator: missingKey en-US translation panels.regionalIntelligence panels.regionalIntelligence @ http://localhost:3001/node_modules/.vite/deps/i18next.js?v=d584b076:207
[ 1071595ms] [LOG] i18next::translator: missingKey en-US translation webcams.expand webcams.expand @ http://localhost:3001/node_modules/.vite/deps/i18next.js?v=d584b076:207
[ 1071595ms] [LOG] i18next::translator: missingKey en-US translation common.remove common.remove @ http://localhost:3001/node_modules/.vite/deps/i18next.js?v=d584b076:207
[ 1071596ms] [LOG] i18next::translator: missingKey en-US translation webcams.expand webcams.expand @ http://localhost:3001/node_modules/.vite/deps/i18next.js?v=d584b076:207
[ 1071596ms] [LOG] i18next::translator: missingKey en-US translation common.remove common.remove @ http://localhost:3001/node_modules/.vite/deps/i18next.js?v=d584b076:207
[ 1071596ms] [LOG] i18next::translator: missingKey en-US translation webcams.expand webcams.expand @ http://localhost:3001/node_modules/.vite/deps/i18next.js?v=d584b076:207
[ 1071597ms] [LOG] i18next::translator: missingKey en-US translation common.remove common.remove @ http://localhost:3001/node_modules/.vite/deps/i18next.js?v=d584b076:207
[ 1071597ms] [LOG] i18next::translator: missingKey en-US translation webcams.expand webcams.expand @ http://localhost:3001/node_modules/.vite/deps/i18next.js?v=d584b076:207
[ 1071597ms] [LOG] i18next::translator: missingKey en-US translation common.remove common.remove @ http://localhost:3001/node_modules/.vite/deps/i18next.js?v=d584b076:207
[ 1072060ms] [ERROR] Failed to load resource: the server responded with a status of 404 (Not Found) @ http://localhost:3001/api/health/v1/list-disease-outbreaks:0
[ 1072060ms] [ERROR] Failed to load resource: the server responded with a status of 503 (Service Unavailable) @ http://localhost:3001/api/gpsjam:0
[ 1072107ms] [WARNING] Image "circle-11" could not be loaded. Please make sure you have added the image with map.addImage() or a "sprite" property in your style. You can provide missing images by listening for the "styleimagemissing" map event. @ http://localhost:3001/node_modules/.vite/deps/maplibre-gl.js?v=d584b076:312
[ 1072108ms] [ERROR] Failed to load resource: the server responded with a status of 404 (Not Found) @ http://localhost:3001/api/radiation/v1/list-radiation-observations?max_items=18:0
[ 1072108ms] [ERROR] Failed to load resource: the server responded with a status of 404 (Not Found) @ http://localhost:3001/api/thermal/v1/list-thermal-escalations?max_items=12:0
[ 1072127ms] [ERROR] [App] Telegram intel fetch failed: SyntaxError: Unexpected token 'i', "import { g"... is not valid JSON @ http://localhost:3001/src/app/data-loader.ts:2939
[ 1072136ms] [ERROR] [NWS Weather] Failed: SyntaxError: Unexpected token 'i', "import { g"... is not valid JSON @ http://localhost:3001/src/utils/circuit-breaker.ts:298
[ 1072137ms] [ERROR] [App] Telegram intel fetch failed: SyntaxError: Unexpected token 'i', "import { g"... is not valid JSON @ http://localhost:3001/src/app/data-loader.ts:2939
[ 1072142ms] [ERROR] [Polymarket] Failed: Error: No markets returned — upstream may be down @ http://localhost:3001/src/utils/circuit-breaker.ts:298
[ 1072143ms] [ERROR] [Military Flight Tracking] Failed: Error: No flights returned — upstream may be down @ http://localhost:3001/src/utils/circuit-breaker.ts:298
[ 1072144ms] [ERROR] [Radiation Watch] Failed: ApiError: Request failed with status 404 @ http://localhost:3001/src/utils/circuit-breaker.ts:298
[ 1072147ms] [ERROR] [Thermal Escalation] Failed: ApiError: Request failed with status 404 @ http://localhost:3001/src/utils/circuit-breaker.ts:298
[ 1072148ms] [LOG] [Intelligence] All signals loaded for CII calculation @ http://localhost:3001/src/app/data-loader.ts:1966
[ 1072154ms] [LOG] i18next::translator: missingKey en-US translation common.remove common.remove @ http://localhost:3001/node_modules/.vite/deps/i18next.js?v=d584b076:207
[ 1072175ms] [ERROR] Failed to load resource: the server responded with a status of 404 (Not Found) @ http://localhost:3001/api/forecast/v1/get-forecasts:0
[ 1072175ms] [ERROR] Failed to load resource: the server responded with a status of 404 (Not Found) @ http://localhost:3001/api/forecast/v1/get-simulation-outcome:0
[ 1072186ms] [WARNING] [clerk] getClerkToken: no session (clerkInstance=false, user=false) @ http://localhost:3001/src/services/clerk.ts:127
[ 1072188ms] [LOG] i18next::translator: missingKey en-US translation common.remove common.remove @ http://localhost:3001/node_modules/.vite/deps/i18next.js?v=d584b076:207
[ 1072241ms] [ERROR] Failed to load resource: the server responded with a status of 404 (Not Found) @ http://localhost:3001/api/sanctions/v1/list-sanctions-pressure?max_items=30:0
[ 1072251ms] [ERROR] [Sanctions Pressure] Failed: ApiError: Request failed with status 404 @ http://localhost:3001/src/utils/circuit-breaker.ts:298
[ 1072756ms] [LOG] i18next::translator: missingKey en-US translation common.remove common.remove @ http://localhost:3001/node_modules/.vite/deps/i18next.js?v=d584b076:207
[ 1073142ms] [LOG] i18next::translator: missingKey en-US translation common.remove common.remove @ http://localhost:3001/node_modules/.vite/deps/i18next.js?v=d584b076:207
[ 1079868ms] [WARNING] [News] Digest fetch failed, using fallback: TimeoutError: signal timed out @ http://localhost:3001/src/app/data-loader.ts:304
[ 1079872ms] [WARNING] [News] Digest missing for "markets", limited per-feed fallback disabled @ http://localhost:3001/src/app/data-loader.ts:848
[ 1079872ms] [WARNING] [News] Digest missing for "disasters", limited per-feed fallback disabled @ http://localhost:3001/src/app/data-loader.ts:848
[ 1081685ms] [LOG] [Search] Indexing 0 news items (allNews total: 0) @ http://localhost:3001/src/app/search-manager.ts:690
[ 1095643ms] [LOG] stored variant: indonesia @ :0
[ 1095644ms] [LOG] panel settings: {"map":{"name":"Peta Indonesia","enabled":true,"priority":1},"live-news":{"name":"Berita Indonesia","enabled":true,"priority":1},"politics":{"name":"Politik Indonesia","enabled":true,"priority":1},"gov":{"name":"Pemerintahan","enabled":true,"priority":1},"markets":{"name":"Pasar Indonesia","enabled":true,"priority":1},"tech":{"name":"Teknologi","enabled":true,"priority":1},"disasters":{"name":"Bencana & Cuaca","enabled":true,"priority":1},"commodities":{"name":"Komoditas","enabled":true,"priority":1},"cctv-ip-stream":{"name":"CCTV Indonesia","enabled":true,"priority":1},"positive-feed":{"name":"Good News Feed","enabled":false,"priority":1},"progress":{"name":"Human Progress","enabled":false,"priority":1},"counters":{"name":"Live Counters","enabled":false,"priority":1},"spotlight":{"name":"Today's Hero","enabled":false,"priority":1},"breakthroughs":{"name":"Breakthroughs","enabled":false,"priority":1},"digest":{"name":"5 Good Things","enabled":false,"priority":1},"species":{"name":"Conservation Wins","enabled":false,"priority":1},"renewable":{"name":"Renewable Energy","enabled":false,"priority":2},"giving":{"name":"Global Giving","enabled":false,"priority":2},"insights":{"name":"AI Insights","enabled":false,"priority":1},"commodity-news":{"name":"Commodity News","enabled":false,"priority":1},"liquidity-shifts":{"name":"Liquidity Shifts","enabled":false,"priority":2},"positioning-247":{"name":"24/7 Positioning","enabled":false,"priority":2},"gold-silver":{"name":"Gold & Silver","enabled":false,"priority":1},"energy":{"name":"Energy & Resources","enabled":false,"priority":1},"mining-news":{"name":"Mining News","enabled":false,"priority":1},"critical-minerals":{"name":"Critical Minerals","enabled":false,"priority":1},"base-metals":{"name":"Base Metals","enabled":false,"priority":1},"mining-companies":{"name":"Mining Companies","enabled":false,"priority":1},"supply-chain":{"name":"Supply Chain","enabled":false,"priority":1},"commodity-regulation":{"name":"Regulation & Policy","enabled":false,"priority":1},"energy-complex":{"name":"Energy Complex","enabled":false,"priority":1},"pipeline-status":{"name":"Oil & Gas Pipeline Status","enabled":false,"priority":2},"oil-inventories":{"name":"Oil Inventories","enabled":false,"priority":60},"gold-intelligence":{"name":"Gold Intelligence","enabled":false,"priority":60},"heatmap":{"name":"Sector Heatmap","enabled":false,"priority":2},"macro-signals":{"name":"Market Regime","enabled":false,"priority":2},"trade-policy":{"name":"Trade Policy","enabled":false,"priority":1,"premium":"locked"},"sanctions-pressure":{"name":"Sanctions Pressure","enabled":false,"priority":2},"economic":{"name":"Macro Stress","enabled":false,"priority":1},"gulf-economies":{"name":"Gulf Economies","enabled":false,"priority":2},"gcc-investments":{"name":"GCC Investments","enabled":false,"priority":2},"consumer-prices":{"name":"Consumer Prices","enabled":false,"priority":2},"airline-intel":{"name":"Airline Intelligence","enabled":false,"priority":2},"polymarket":{"name":"Predictions","enabled":false,"priority":1},"world-clock":{"name":"World Clock","enabled":false,"priority":2},"monitors":{"name":"My Monitors","enabled":false,"priority":2},"latest-brief":{"name":"Latest Brief","enabled":false,"priority":1,"premium":"locked"},"energy-risk-overview":{"name":"Global Energy Risk Overview","enabled":false,"priority":2},"chokepoint-strip":{"name":"Chokepoint Status","enabled":false,"priority":1},"storage-facility-map":{"name":"Strategic Storage Atlas","enabled":false,"priority":2},"fuel-shortages":{"name":"Global Fuel Shortage Registry","enabled":false,"priority":2},"energy-disruptions":{"name":"Energy Disruptions Log","enabled":false,"priority":2},"hormuz-tracker":{"name":"Hormuz Trade Tracker","enabled":false,"priority":2},"energy-crisis":{"name":"Energy Crisis Tracker","enabled":false,"priority":2},"fuel-prices":{"name":"Fuel Prices","enabled":false,"priority":2},"climate":{"name":"Climate Anomalies","enabled":false,"priority":2},"live-webcams":{"name":"Live Webcams","enabled":false,"priority":1},"windy-webcams":{"name":"Windy Live Webcam","enabled":false,"priority":2},"ai":{"name":"AI/ML","enabled":false,"priority":2},"startups":{"name":"Startups & VC","enabled":false,"priority":1},"vcblogs":{"name":"VC Insights & Essays","enabled":false,"priority":1},"regionalStartups":{"name":"Global Startup News","enabled":false,"priority":1},"unicorns":{"name":"Unicorn Tracker","enabled":false,"priority":1},"accelerators":{"name":"Accelerators & Demo Days","enabled":false,"priority":1},"security":{"name":"Cybersecurity","enabled":false,"priority":1},"policy":{"name":"AI Policy & Regulation","enabled":false,"priority":1},"layoffs":{"name":"Layoffs Tracker","enabled":false,"priority":2},"finance":{"name":"Financial","enabled":false,"priority":1},"crypto":{"name":"Crypto","enabled":false,"priority":2},"hardware":{"name":"Semiconductors & Hardware","enabled":false,"priority":2},"cloud":{"name":"Cloud & Infrastructure","enabled":false,"priority":2},"dev":{"name":"Developer Community","enabled":false,"priority":2},"github":{"name":"GitHub Trending","enabled":false,"priority":1},"ipo":{"name":"IPOs, Earnings & M&A","enabled":false,"priority":1},"funding":{"name":"Funding & VC","enabled":false,"priority":1},"producthunt":{"name":"Product Hunt","enabled":false,"priority":1},"events":{"name":"Tech Events","enabled":false,"priority":1},"internet-disruptions":{"name":"Internet Disruptions","enabled":false,"priority":2},"service-status":{"name":"Service Status","enabled":false,"priority":2},"tech-readiness":{"name":"Tech Readiness Index","enabled":false,"priority":2},"etf-flows":{"name":"BTC ETF Tracker","enabled":false,"priority":2},"stablecoins":{"name":"Stablecoins","enabled":false,"priority":2},"tech-hubs":{"name":"Hot Tech Hubs","enabled":false,"priority":2},"ai-regulation":{"name":"AI Regulation Dashboard","enabled":false,"priority":2},"stock-analysis":{"name":"Stock Analysis","enabled":false,"priority":1,"premium":"locked"},"stock-backtest":{"name":"Backtesting","enabled":false,"priority":1,"premium":"locked"},"daily-market-brief":{"name":"Daily Market Brief","enabled":false,"priority":1,"premium":"locked"},"markets-news":{"name":"Markets News","enabled":false,"priority":2},"forex":{"name":"Forex & Currencies","enabled":false,"priority":1},"bonds":{"name":"Fixed Income","enabled":false,"priority":1},"commodities-news":{"name":"Commodities News","enabled":false,"priority":2},"crypto-news":{"name":"Crypto News","enabled":false,"priority":2},"crypto-heatmap":{"name":"Crypto Sectors","enabled":false,"priority":1},"defi-tokens":{"name":"DeFi Tokens","enabled":false,"priority":2},"ai-tokens":{"name":"AI Tokens","enabled":false,"priority":2},"other-tokens":{"name":"Alt Tokens","enabled":false,"priority":2},"centralbanks":{"name":"Central Bank Watch","enabled":false,"priority":1},"economic-news":{"name":"Economic News","enabled":false,"priority":2},"macro-tiles":{"name":"Macro Indicators","enabled":false,"priority":2},"fear-greed":{"name":"Fear & Greed","enabled":false,"priority":2},"aaii-sentiment":{"name":"AAII Sentiment","enabled":false,"priority":2},"market-breadth":{"name":"Market Breadth","enabled":false,"priority":2},"fsi":{"name":"Financial Stress","enabled":false,"priority":2},"yield-curve":{"name":"Yield Curve","enabled":false,"priority":2},"earnings-calendar":{"name":"Earnings Calendar","enabled":false,"priority":2},"economic-calendar":{"name":"Economic Calendar","enabled":false,"priority":2},"cot-positioning":{"name":"COT Positioning","enabled":false,"priority":2},"derivatives":{"name":"Derivatives & Options","enabled":false,"priority":2},"fintech":{"name":"Fintech & Trading Tech","enabled":false,"priority":2},"fin-regulation":{"name":"Financial Regulation","enabled":false,"priority":2},"institutional":{"name":"Hedge Funds & PE","enabled":false,"priority":2},"analysis":{"name":"Market Analysis","enabled":false,"priority":2},"gccNews":{"name":"GCC Business News","enabled":false,"priority":2},"wsb-ticker-scanner":{"name":"WSB Ticker Scanner","enabled":false,"priority":75,"premium":"locked"},"strategic-posture":{"name":"AI Strategic Posture","enabled":false,"priority":1},"forecast":{"name":"AI Forecasts","enabled":false,"priority":1},"cii":{"name":"Country Instability","enabled":false,"priority":1},"strategic-risk":{"name":"Strategic Risk Overview","enabled":false,"priority":1},"intel":{"name":"Intel Feed","enabled":false,"priority":1},"gdelt-intel":{"name":"Live Intelligence","enabled":false,"priority":1},"cascade":{"name":"Infrastructure Cascade","enabled":false,"priority":1},"military-correlation":{"name":"Force Posture","enabled":false,"priority":2},"escalation-correlation":{"name":"Escalation Monitor","enabled":false,"priority":2},"economic-correlation":{"name":"Economic Warfare","enabled":false,"priority":2},"disaster-correlation":{"name":"Disaster Cascade","enabled":false,"priority":2},"us":{"name":"United States","enabled":false,"priority":1},"europe":{"name":"Europe","enabled":false,"priority":1},"middleeast":{"name":"Middle East","enabled":false,"priority":1},"africa":{"name":"Africa","enabled":false,"priority":1},"latam":{"name":"Latin America","enabled":false,"priority":1},"asia":{"name":"Asia-Pacific","enabled":false,"priority":1},"thinktanks":{"name":"Think Tanks","enabled":false,"priority":1},"chat-analyst":{"name":"WM Analyst","enabled":false,"priority":1,"premium":"locked"},"satellite-fires":{"name":"Fires","enabled":false,"priority":2},"grocery-basket":{"name":"Grocery Index","enabled":false,"priority":2},"bigmac":{"name":"Big Mac Index","enabled":false,"priority":2},"fao-food-price-index":{"name":"FAO Food Price Index","enabled":false,"priority":2},"ucdp-events":{"name":"UCDP Conflict Events","enabled":false,"priority":2},"disease-outbreaks":{"name":"Disease Outbreaks","enabled":false,"priority":2},"social-velocity":{"name":"Social Velocity","enabled":false,"priority":2},"displacement":{"name":"UNHCR Displacement","enabled":false,"priority":2},"climate-news":{"name":"Climate News","enabled":false,"priority":2},"population-exposure":{"name":"Population Exposure","enabled":false,"priority":2},"security-advisories":{"name":"Security Advisories","enabled":false,"priority":2},"defense-patents":{"name":"R&D Signal","enabled":false,"priority":2},"radiation-watch":{"name":"Radiation Watch","enabled":false,"priority":2},"thermal-escalation":{"name":"Thermal Escalation","enabled":false,"priority":2},"oref-sirens":{"name":"Israel Sirens","enabled":false,"priority":2},"telegram-intel":{"name":"Telegram Intel","enabled":false,"priority":2},"national-debt":{"name":"Global Debt Clock","enabled":false,"priority":2},"cross-source-signals":{"name":"Cross-Source Signals","enabled":false,"priority":2},"market-implications":{"name":"AI Market Implications","enabled":false,"priority":1,"premium":"locked"},"regional-intelligence":{"name":"Regional Intelligence","enabled":false,"priority":1,"premium":"locked"},"deduction":{"name":"Deduct Situation","enabled":false,"priority":1,"premium":"locked"},"geo-hubs":{"name":"Geopolitical Hubs","enabled":false,"priority":2}} @ :1
[ 1120841ms] [ERROR] Loading the script 'https://abacus.kopassus.monitor/script.js' violates the following Content Security Policy directive: "script-src 'self' 'sha256-LnMFPWZxTgVOr2VYwIh9mhQ3l/l3+a3SfNOLERnuHfY=' 'sha256-4Z2xtr1B9QQugoojE/nbpOViG+8l2B7CZVlKgC78AeQ=' 'sha256-903UI9my1I7mqHoiVeZSc56yd50YoRJTB2269QqL76w=' 'sha256-EytE6o1N8rwzpVFMrF+WvBZr2y5UhFLw79o1/4VqS0s=' 'wasm-unsafe-eval' https://www.youtube.com https://static.cloudflareinsights.com https://vercel.live https://challenges.cloudflare.com https://abacus.worldmonitor.app https://*.clerk.accounts.dev https://*.dodopayments.com https://js.stripe.com". Note that 'script-src-elem' was not explicitly set, so 'script-src' is used as a fallback. The action has been blocked. @ http://localhost:3001/?lat=-0.3633&lon=113.5484&zoom=3.71&view=indonesia&timeRange=7d&layers=conflicts%2Cbases%2Chotspots%2Cnuclear%2Csanctions%2Cweather%2Ceconomic%2Cwaterways%2Coutages%2Cmilitary%2Cnatural:0
[ 1120841ms] [ERROR] Executing inline script violates the following Content Security Policy directive 'script-src 'self' 'sha256-LnMFPWZxTgVOr2VYwIh9mhQ3l/l3+a3SfNOLERnuHfY=' 'sha256-4Z2xtr1B9QQugoojE/nbpOViG+8l2B7CZVlKgC78AeQ=' 'sha256-903UI9my1I7mqHoiVeZSc56yd50YoRJTB2269QqL76w=' 'sha256-EytE6o1N8rwzpVFMrF+WvBZr2y5UhFLw79o1/4VqS0s=' 'wasm-unsafe-eval' https://www.youtube.com https://static.cloudflareinsights.com https://vercel.live https://challenges.cloudflare.com https://abacus.worldmonitor.app https://*.clerk.accounts.dev https://*.dodopayments.com https://js.stripe.com'. Either the 'unsafe-inline' keyword, a hash ('sha256-BNN4UEEko1REertbvdEqNgt0fL5ykItf9IoM3JmlUwY='), or a nonce ('nonce-...') is required to enable inline execution. The action has been blocked. @ http://localhost:3001/?lat=-0.3633&lon=113.5484&zoom=3.71&view=indonesia&timeRange=7d&layers=conflicts%2Cbases%2Chotspots%2Cnuclear%2Csanctions%2Cweather%2Ceconomic%2Cwaterways%2Coutages%2Cmilitary%2Cnatural:121
[ 1121940ms] [ERROR] [feeds] DEFAULT_ENABLED name "Breaking Defense" not found in FULL_FEEDS! @ http://localhost:3001/src/config/feeds.ts:1171
[ 1121940ms] [LOG] [feeds] 107 unique default-enabled sources / 204 total @ http://localhost:3001/src/config/feeds.ts:1173
[ 1122035ms] [WARNING] THREE.THREE.Clock: This module has been deprecated. Please use THREE.Timer instead. @ http://localhost:3001/node_modules/.vite/deps/chunk-JENIRZW7.js?v=d584b076:296
[ 1122039ms] [ERROR] Loading the script 'https://va.vercel-scripts.com/v1/script.debug.js' violates the following Content Security Policy directive: "script-src 'self' 'sha256-LnMFPWZxTgVOr2VYwIh9mhQ3l/l3+a3SfNOLERnuHfY=' 'sha256-4Z2xtr1B9QQugoojE/nbpOViG+8l2B7CZVlKgC78AeQ=' 'sha256-903UI9my1I7mqHoiVeZSc56yd50YoRJTB2269QqL76w=' 'sha256-EytE6o1N8rwzpVFMrF+WvBZr2y5UhFLw79o1/4VqS0s=' 'wasm-unsafe-eval' https://www.youtube.com https://static.cloudflareinsights.com https://vercel.live https://challenges.cloudflare.com https://abacus.worldmonitor.app https://*.clerk.accounts.dev https://*.dodopayments.com https://js.stripe.com". Note that 'script-src-elem' was not explicitly set, so 'script-src' is used as a fallback. The action has been blocked. @ http://localhost:3001/node_modules/.vite/deps/@vercel_analytics.js?v=d584b076:185
[ 1122040ms] [LOG] [App] Variant check: stored="indonesia", current="indonesia" @ http://localhost:3001/src/App.ts:393
[ 1122041ms] [LOG] [App] Loaded panel settings from storage: [positive-feed, progress, counters, spotlight, breakthroughs, digest, species, renewable, giving, insights, commodity-news, liquidity-shifts, positioning-247, gold-silver, energy, mining-news, critical-minerals, base-metals, mining-companies, supply-chain, commodity-regulation, energy-complex, pipeline-status, oil-inventories, gold-intelligence, heatmap, macro-signals, trade-policy, sanctions-pressure, economic, gulf-economies, gcc-investments, consumer-prices, airline-intel, polymarket, world-clock, monitors, latest-brief, energy-risk-overview, chokepoint-strip, storage-facility-map, fuel-shortages, energy-disruptions, hormuz-tracker, energy-crisis, fuel-prices, climate, live-webcams, windy-webcams, ai, startups, vcblogs, regionalStartups, unicorns, accelerators, security, policy, layoffs, finance, crypto, hardware, cloud, dev, github, ipo, funding, producthunt, events, internet-disruptions, service-status, tech-readiness, etf-flows, stablecoins, tech-hubs, ai-regulation, stock-analysis, stock-backtest, daily-market-brief, markets-news, forex, bonds, commodities-news, crypto-news, crypto-heatmap, defi-tokens, ai-tokens, other-tokens, centralbanks, economic-news, macro-tiles, fear-greed, aaii-sentiment, market-breadth, fsi, yield-curve, earnings-calendar, economic-calendar, cot-positioning, derivatives, fintech] @ http://localhost:3001/src/App.ts:500
[ 1122042ms] [LOG] [entitlements] No VITE_CONVEX_URL — skipping Convex subscription @ http://localhost:3001/src/services/entitlements.ts:11
[ 1122043ms] [WARNING] [billing] No VITE_CONVEX_URL -- skipping subscription watch @ http://localhost:3001/src/services/billing.ts:19
[ 1122065ms] [LOG] [Vercel Web Analytics] Failed to load script from https://va.vercel-scripts.com/v1/script.debug.js. Please check if any ad blockers are enabled and try again. @ http://localhost:3001/node_modules/.vite/deps/@vercel_analytics.js?v=d584b076:181
[ 1122069ms] [INFO] 🌐 i18next is made possible by our own product, Locize — consider powering your project with managed localization (AI, CDN, integrations): https://locize.com 💙 @ http://localhost:3001/node_modules/.vite/deps/i18next.js?v=d584b076:1803
[ 1122070ms] [LOG] i18next: languageChanged en-US @ http://localhost:3001/node_modules/.vite/deps/i18next.js?v=d584b076:207
[ 1122070ms] [LOG] i18next: initialized {debug: true, initAsync: true, ns: Array(1), defaultNS: Array(1), fallbackLng: Array(1)} @ http://localhost:3001/node_modules/.vite/deps/i18next.js?v=d584b076:207
[ 1122116ms] [WARNING] [clerk] VITE_CLERK_PUBLISHABLE_KEY not set, auth disabled @ http://localhost:3001/src/services/clerk.ts:62
[ 1122125ms] [ERROR] The script has an unsupported MIME type ('text/html'). @ :0
[ 1122138ms] [LOG] [MapContainer] Initializing deck.gl map (desktop mode) @ http://localhost:3001/src/components/MapContainer.ts:110
[ 1122152ms] [LOG] i18next::translator: missingKey en-US translation components.deckgl.layers.commodityPorts components.deckgl.layers.commodityPorts @ http://localhost:3001/node_modules/.vite/deps/i18next.js?v=d584b076:207
[ 1122152ms] [LOG] i18next::translator: missingKey en-US translation components.deckgl.layers.webcams components.deckgl.layers.webcams @ http://localhost:3001/node_modules/.vite/deps/i18next.js?v=d584b076:207
[ 1122152ms] [LOG] i18next::translator: missingKey en-US translation components.deckgl.layers.miningSites components.deckgl.layers.miningSites @ http://localhost:3001/node_modules/.vite/deps/i18next.js?v=d584b076:207
[ 1122152ms] [LOG] i18next::translator: missingKey en-US translation components.deckgl.layers.processingPlants components.deckgl.layers.processingPlants @ http://localhost:3001/node_modules/.vite/deps/i18next.js?v=d584b076:207
[ 1122153ms] [LOG] i18next::translator: missingKey en-US translation components.deckgl.layers.resilienceScore components.deckgl.layers.resilienceScore @ http://localhost:3001/node_modules/.vite/deps/i18next.js?v=d584b076:207
[ 1122153ms] [LOG] i18next::translator: missingKey en-US translation components.deckgl.layers.diseaseOutbreaks components.deckgl.layers.diseaseOutbreaks @ http://localhost:3001/node_modules/.vite/deps/i18next.js?v=d584b076:207
[ 1122153ms] [LOG] i18next::translator: missingKey en-US translation components.deckgl.layers.sanctions components.deckgl.layers.sanctions @ http://localhost:3001/node_modules/.vite/deps/i18next.js?v=d584b076:207
[ 1122157ms] [LOG] i18next::translator: missingKey en-US translation panels.cctvIpStream.infoTooltip panels.cctvIpStream.infoTooltip @ http://localhost:3001/node_modules/.vite/deps/i18next.js?v=d584b076:207
[ 1122190ms] [LOG] i18next::translator: missingKey en-US translation panels.disasters panels.disasters @ http://localhost:3001/node_modules/.vite/deps/i18next.js?v=d584b076:207
[ 1122190ms] [LOG] i18next::translator: missingKey en-US translation panels.positiveFeed panels.positiveFeed @ http://localhost:3001/node_modules/.vite/deps/i18next.js?v=d584b076:207
[ 1122190ms] [LOG] i18next::translator: missingKey en-US translation panels.progress panels.progress @ http://localhost:3001/node_modules/.vite/deps/i18next.js?v=d584b076:207
[ 1122191ms] [LOG] i18next::translator: missingKey en-US translation panels.counters panels.counters @ http://localhost:3001/node_modules/.vite/deps/i18next.js?v=d584b076:207
[ 1122191ms] [LOG] i18next::translator: missingKey en-US translation panels.spotlight panels.spotlight @ http://localhost:3001/node_modules/.vite/deps/i18next.js?v=d584b076:207
[ 1122191ms] [LOG] i18next::translator: missingKey en-US translation panels.breakthroughs panels.breakthroughs @ http://localhost:3001/node_modules/.vite/deps/i18next.js?v=d584b076:207
[ 1122191ms] [LOG] i18next::translator: missingKey en-US translation panels.digest panels.digest @ http://localhost:3001/node_modules/.vite/deps/i18next.js?v=d584b076:207
[ 1122191ms] [LOG] i18next::translator: missingKey en-US translation panels.species panels.species @ http://localhost:3001/node_modules/.vite/deps/i18next.js?v=d584b076:207
[ 1122191ms] [LOG] i18next::translator: missingKey en-US translation panels.renewable panels.renewable @ http://localhost:3001/node_modules/.vite/deps/i18next.js?v=d584b076:207
[ 1122191ms] [LOG] i18next::translator: missingKey en-US translation panels.commodityNews panels.commodityNews @ http://localhost:3001/node_modules/.vite/deps/i18next.js?v=d584b076:207
[ 1122191ms] [LOG] i18next::translator: missingKey en-US translation panels.liquidityShifts panels.liquidityShifts @ http://localhost:3001/node_modules/.vite/deps/i18next.js?v=d584b076:207
[ 1122191ms] [LOG] i18next::translator: missingKey en-US translation panels.positioning-247 panels.positioning-247 @ http://localhost:3001/node_modules/.vite/deps/i18next.js?v=d584b076:207
[ 1122191ms] [LOG] i18next::translator: missingKey en-US translation panels.goldSilver panels.goldSilver @ http://localhost:3001/node_modules/.vite/deps/i18next.js?v=d584b076:207
[ 1122191ms] [LOG] i18next::translator: missingKey en-US translation panels.miningNews panels.miningNews @ http://localhost:3001/node_modules/.vite/deps/i18next.js?v=d584b076:207
[ 1122192ms] [LOG] i18next::translator: missingKey en-US translation panels.criticalMinerals panels.criticalMinerals @ http://localhost:3001/node_modules/.vite/deps/i18next.js?v=d584b076:207
[ 1122192ms] [LOG] i18next::translator: missingKey en-US translation panels.baseMetals panels.baseMetals @ http://localhost:3001/node_modules/.vite/deps/i18next.js?v=d584b076:207
[ 1122192ms] [LOG] i18next::translator: missingKey en-US translation panels.miningCompanies panels.miningCompanies @ http://localhost:3001/node_modules/.vite/deps/i18next.js?v=d584b076:207
[ 1122192ms] [LOG] i18next::translator: missingKey en-US translation panels.commodityRegulation panels.commodityRegulation @ http://localhost:3001/node_modules/.vite/deps/i18next.js?v=d584b076:207
[ 1122192ms] [LOG] i18next::translator: missingKey en-US translation panels.pipelineStatus panels.pipelineStatus @ http://localhost:3001/node_modules/.vite/deps/i18next.js?v=d584b076:207
[ 1122192ms] [LOG] i18next::translator: missingKey en-US translation panels.sanctionsPressure panels.sanctionsPressure @ http://localhost:3001/node_modules/.vite/deps/i18next.js?v=d584b076:207
[ 1122192ms] [LOG] i18next::translator: missingKey en-US translation panels.worldClock panels.worldClock @ http://localhost:3001/node_modules/.vite/deps/i18next.js?v=d584b076:207
[ 1122193ms] [LOG] i18next::translator: missingKey en-US translation panels.latestBrief panels.latestBrief @ http://localhost:3001/node_modules/.vite/deps/i18next.js?v=d584b076:207
[ 1122193ms] [LOG] i18next::translator: missingKey en-US translation panels.energyRiskOverview panels.energyRiskOverview @ http://localhost:3001/node_modules/.vite/deps/i18next.js?v=d584b076:207
[ 1122193ms] [LOG] i18next::translator: missingKey en-US translation panels.chokepointStrip panels.chokepointStrip @ http://localhost:3001/node_modules/.vite/deps/i18next.js?v=d584b076:207
[ 1122193ms] [LOG] i18next::translator: missingKey en-US translation panels.storageFacilityMap panels.storageFacilityMap @ http://localhost:3001/node_modules/.vite/deps/i18next.js?v=d584b076:207
[ 1122193ms] [LOG] i18next::translator: missingKey en-US translation panels.fuelShortages panels.fuelShortages @ http://localhost:3001/node_modules/.vite/deps/i18next.js?v=d584b076:207
[ 1122193ms] [LOG] i18next::translator: missingKey en-US translation panels.energyDisruptions panels.energyDisruptions @ http://localhost:3001/node_modules/.vite/deps/i18next.js?v=d584b076:207
[ 1122193ms] [LOG] i18next::translator: missingKey en-US translation panels.hormuzTracker panels.hormuzTracker @ http://localhost:3001/node_modules/.vite/deps/i18next.js?v=d584b076:207
[ 1122194ms] [LOG] i18next::translator: missingKey en-US translation panels.aiRegulation panels.aiRegulation @ http://localhost:3001/node_modules/.vite/deps/i18next.js?v=d584b076:207
[ 1122194ms] [LOG] i18next::translator: missingKey en-US translation panels.stockAnalysis panels.stockAnalysis @ http://localhost:3001/node_modules/.vite/deps/i18next.js?v=d584b076:207
[ 1122194ms] [LOG] i18next::translator: missingKey en-US translation panels.stockBacktest panels.stockBacktest @ http://localhost:3001/node_modules/.vite/deps/i18next.js?v=d584b076:207
[ 1122194ms] [LOG] i18next::translator: missingKey en-US translation panels.dailyMarketBrief panels.dailyMarketBrief @ http://localhost:3001/node_modules/.vite/deps/i18next.js?v=d584b076:207
[ 1122194ms] [LOG] i18next::translator: missingKey en-US translation panels.marketsNews panels.marketsNews @ http://localhost:3001/node_modules/.vite/deps/i18next.js?v=d584b076:207
[ 1122194ms] [LOG] i18next::translator: missingKey en-US translation panels.forex panels.forex @ http://localhost:3001/node_modules/.vite/deps/i18next.js?v=d584b076:207
[ 1122194ms] [LOG] i18next::translator: missingKey en-US translation panels.bonds panels.bonds @ http://localhost:3001/node_modules/.vite/deps/i18next.js?v=d584b076:207
[ 1122194ms] [LOG] i18next::translator: missingKey en-US translation panels.commoditiesNews panels.commoditiesNews @ http://localhost:3001/node_modules/.vite/deps/i18next.js?v=d584b076:207
[ 1122194ms] [LOG] i18next::translator: missingKey en-US translation panels.cryptoNews panels.cryptoNews @ http://localhost:3001/node_modules/.vite/deps/i18next.js?v=d584b076:207
[ 1122194ms] [LOG] i18next::translator: missingKey en-US translation panels.cryptoHeatmap panels.cryptoHeatmap @ http://localhost:3001/node_modules/.vite/deps/i18next.js?v=d584b076:207
[ 1122194ms] [LOG] i18next::translator: missingKey en-US translation panels.defiTokens panels.defiTokens @ http://localhost:3001/node_modules/.vite/deps/i18next.js?v=d584b076:207
[ 1122194ms] [LOG] i18next::translator: missingKey en-US translation panels.aiTokens panels.aiTokens @ http://localhost:3001/node_modules/.vite/deps/i18next.js?v=d584b076:207
[ 1122194ms] [LOG] i18next::translator: missingKey en-US translation panels.otherTokens panels.otherTokens @ http://localhost:3001/node_modules/.vite/deps/i18next.js?v=d584b076:207
[ 1122194ms] [LOG] i18next::translator: missingKey en-US translation panels.centralbanks panels.centralbanks @ http://localhost:3001/node_modules/.vite/deps/i18next.js?v=d584b076:207
[ 1122195ms] [LOG] i18next::translator: missingKey en-US translation panels.economicNews panels.economicNews @ http://localhost:3001/node_modules/.vite/deps/i18next.js?v=d584b076:207
[ 1122195ms] [LOG] i18next::translator: missingKey en-US translation panels.macroTiles panels.macroTiles @ http://localhost:3001/node_modules/.vite/deps/i18next.js?v=d584b076:207
[ 1122195ms] [LOG] i18next::translator: missingKey en-US translation panels.aaiiSentiment panels.aaiiSentiment @ http://localhost:3001/node_modules/.vite/deps/i18next.js?v=d584b076:207
[ 1122195ms] [LOG] i18next::translator: missingKey en-US translation panels.fsi panels.fsi @ http://localhost:3001/node_modules/.vite/deps/i18next.js?v=d584b076:207
[ 1122195ms] [LOG] i18next::translator: missingKey en-US translation panels.yieldCurve panels.yieldCurve @ http://localhost:3001/node_modules/.vite/deps/i18next.js?v=d584b076:207
[ 1122195ms] [LOG] i18next::translator: missingKey en-US translation panels.earningsCalendar panels.earningsCalendar @ http://localhost:3001/node_modules/.vite/deps/i18next.js?v=d584b076:207
[ 1122195ms] [LOG] i18next::translator: missingKey en-US translation panels.economicCalendar panels.economicCalendar @ http://localhost:3001/node_modules/.vite/deps/i18next.js?v=d584b076:207
[ 1122195ms] [LOG] i18next::translator: missingKey en-US translation panels.cotPositioning panels.cotPositioning @ http://localhost:3001/node_modules/.vite/deps/i18next.js?v=d584b076:207
[ 1122195ms] [LOG] i18next::translator: missingKey en-US translation panels.derivatives panels.derivatives @ http://localhost:3001/node_modules/.vite/deps/i18next.js?v=d584b076:207
[ 1122195ms] [LOG] i18next::translator: missingKey en-US translation panels.fintech panels.fintech @ http://localhost:3001/node_modules/.vite/deps/i18next.js?v=d584b076:207
[ 1122195ms] [LOG] i18next::translator: missingKey en-US translation panels.institutional panels.institutional @ http://localhost:3001/node_modules/.vite/deps/i18next.js?v=d584b076:207
[ 1122195ms] [LOG] i18next::translator: missingKey en-US translation panels.analysis panels.analysis @ http://localhost:3001/node_modules/.vite/deps/i18next.js?v=d584b076:207
[ 1122196ms] [LOG] i18next::translator: missingKey en-US translation panels.gccNews panels.gccNews @ http://localhost:3001/node_modules/.vite/deps/i18next.js?v=d584b076:207
[ 1122196ms] [LOG] i18next::translator: missingKey en-US translation panels.forecast panels.forecast @ http://localhost:3001/node_modules/.vite/deps/i18next.js?v=d584b076:207
[ 1122196ms] [LOG] i18next::translator: missingKey en-US translation panels.militaryCorrelation panels.militaryCorrelation @ http://localhost:3001/node_modules/.vite/deps/i18next.js?v=d584b076:207
[ 1122196ms] [LOG] i18next::translator: missingKey en-US translation panels.escalationCorrelation panels.escalationCorrelation @ http://localhost:3001/node_modules/.vite/deps/i18next.js?v=d584b076:207
[ 1122196ms] [LOG] i18next::translator: missingKey en-US translation panels.economicCorrelation panels.economicCorrelation @ http://localhost:3001/node_modules/.vite/deps/i18next.js?v=d584b076:207
[ 1122196ms] [LOG] i18next::translator: missingKey en-US translation panels.disasterCorrelation panels.disasterCorrelation @ http://localhost:3001/node_modules/.vite/deps/i18next.js?v=d584b076:207
[ 1122196ms] [LOG] i18next::translator: missingKey en-US translation panels.chatAnalyst panels.chatAnalyst @ http://localhost:3001/node_modules/.vite/deps/i18next.js?v=d584b076:207
[ 1122196ms] [LOG] i18next::translator: missingKey en-US translation panels.diseaseOutbreaks panels.diseaseOutbreaks @ http://localhost:3001/node_modules/.vite/deps/i18next.js?v=d584b076:207
[ 1122196ms] [LOG] i18next::translator: missingKey en-US translation panels.socialVelocity panels.socialVelocity @ http://localhost:3001/node_modules/.vite/deps/i18next.js?v=d584b076:207
[ 1122196ms] [LOG] i18next::translator: missingKey en-US translation panels.defensePatents panels.defensePatents @ http://localhost:3001/node_modules/.vite/deps/i18next.js?v=d584b076:207
[ 1122196ms] [LOG] i18next::translator: missingKey en-US translation panels.radiationWatch panels.radiationWatch @ http://localhost:3001/node_modules/.vite/deps/i18next.js?v=d584b076:207
[ 1122197ms] [LOG] i18next::translator: missingKey en-US translation panels.thermalEscalation panels.thermalEscalation @ http://localhost:3001/node_modules/.vite/deps/i18next.js?v=d584b076:207
[ 1122197ms] [LOG] i18next::translator: missingKey en-US translation panels.nationalDebt panels.nationalDebt @ http://localhost:3001/node_modules/.vite/deps/i18next.js?v=d584b076:207
[ 1122197ms] [LOG] i18next::translator: missingKey en-US translation panels.crossSourceSignals panels.crossSourceSignals @ http://localhost:3001/node_modules/.vite/deps/i18next.js?v=d584b076:207
[ 1122197ms] [LOG] i18next::translator: missingKey en-US translation panels.regionalIntelligence panels.regionalIntelligence @ http://localhost:3001/node_modules/.vite/deps/i18next.js?v=d584b076:207
[ 1122208ms] [WARNING] [PWA] Service worker registration failed: SecurityError: Failed to register a ServiceWorker for scope ('http://localhost:3001/') with script ('http://localhost:3001/sw.js'): The script has an unsupported MIME type ('text/html'). @ http://localhost:3001/src/main.ts:565
[ 1122238ms] [LOG] i18next::translator: missingKey en-US translation webcams.expand webcams.expand @ http://localhost:3001/node_modules/.vite/deps/i18next.js?v=d584b076:207
[ 1122238ms] [LOG] i18next::translator: missingKey en-US translation common.remove common.remove @ http://localhost:3001/node_modules/.vite/deps/i18next.js?v=d584b076:207
[ 1122238ms] [LOG] i18next::translator: missingKey en-US translation webcams.expand webcams.expand @ http://localhost:3001/node_modules/.vite/deps/i18next.js?v=d584b076:207
[ 1122238ms] [LOG] i18next::translator: missingKey en-US translation common.remove common.remove @ http://localhost:3001/node_modules/.vite/deps/i18next.js?v=d584b076:207
[ 1122238ms] [LOG] i18next::translator: missingKey en-US translation webcams.expand webcams.expand @ http://localhost:3001/node_modules/.vite/deps/i18next.js?v=d584b076:207
[ 1122238ms] [LOG] i18next::translator: missingKey en-US translation common.remove common.remove @ http://localhost:3001/node_modules/.vite/deps/i18next.js?v=d584b076:207
[ 1122238ms] [LOG] i18next::translator: missingKey en-US translation webcams.expand webcams.expand @ http://localhost:3001/node_modules/.vite/deps/i18next.js?v=d584b076:207
[ 1122238ms] [LOG] i18next::translator: missingKey en-US translation common.remove common.remove @ http://localhost:3001/node_modules/.vite/deps/i18next.js?v=d584b076:207
[ 1122656ms] [ERROR] Failed to load resource: the server responded with a status of 404 (Not Found) @ http://localhost:3001/api/health/v1/list-disease-outbreaks:0
[ 1122657ms] [ERROR] Failed to load resource: the server responded with a status of 503 (Service Unavailable) @ http://localhost:3001/api/gpsjam:0
[ 1122715ms] [WARNING] Image "circle-11" could not be loaded. Please make sure you have added the image with map.addImage() or a "sprite" property in your style. You can provide missing images by listening for the "styleimagemissing" map event. @ http://localhost:3001/node_modules/.vite/deps/maplibre-gl.js?v=d584b076:312
[ 1122718ms] [ERROR] [App] Telegram intel fetch failed: SyntaxError: Unexpected token 'i', "import { g"... is not valid JSON @ http://localhost:3001/src/app/data-loader.ts:2939
[ 1122721ms] [ERROR] [App] Telegram intel fetch failed: SyntaxError: Unexpected token 'i', "import { g"... is not valid JSON @ http://localhost:3001/src/app/data-loader.ts:2939
[ 1122895ms] [ERROR] Failed to load resource: the server responded with a status of 404 (Not Found) @ http://localhost:3001/api/radiation/v1/list-radiation-observations?max_items=18:0
[ 1122895ms] [ERROR] Failed to load resource: the server responded with a status of 404 (Not Found) @ http://localhost:3001/api/thermal/v1/list-thermal-escalations?max_items=12:0
[ 1122896ms] [ERROR] Failed to load resource: the server responded with a status of 404 (Not Found) @ http://localhost:3001/api/forecast/v1/get-forecasts:0
[ 1122896ms] [ERROR] Failed to load resource: the server responded with a status of 404 (Not Found) @ http://localhost:3001/api/forecast/v1/get-simulation-outcome:0
[ 1122900ms] [ERROR] [NWS Weather] Failed: SyntaxError: Unexpected token 'i', "import { g"... is not valid JSON @ http://localhost:3001/src/utils/circuit-breaker.ts:298
[ 1122904ms] [ERROR] [Polymarket] Failed: Error: No markets returned — upstream may be down @ http://localhost:3001/src/utils/circuit-breaker.ts:298
[ 1122904ms] [ERROR] [Military Flight Tracking] Failed: Error: No flights returned — upstream may be down @ http://localhost:3001/src/utils/circuit-breaker.ts:298
[ 1122906ms] [ERROR] [Radiation Watch] Failed: ApiError: Request failed with status 404 @ http://localhost:3001/src/utils/circuit-breaker.ts:298
[ 1122906ms] [ERROR] [Thermal Escalation] Failed: ApiError: Request failed with status 404 @ http://localhost:3001/src/utils/circuit-breaker.ts:298
[ 1122908ms] [LOG] [Intelligence] All signals loaded for CII calculation @ http://localhost:3001/src/app/data-loader.ts:1966
[ 1122914ms] [WARNING] [clerk] getClerkToken: no session (clerkInstance=false, user=false) @ http://localhost:3001/src/services/clerk.ts:127
[ 1123004ms] [ERROR] Failed to load resource: the server responded with a status of 404 (Not Found) @ http://localhost:3001/api/sanctions/v1/list-sanctions-pressure?max_items=30:0
[ 1123011ms] [ERROR] [Sanctions Pressure] Failed: ApiError: Request failed with status 404 @ http://localhost:3001/src/utils/circuit-breaker.ts:298
[ 1126281ms] [LOG] i18next::translator: missingKey en-US translation common.remove common.remove @ http://localhost:3001/node_modules/.vite/deps/i18next.js?v=d584b076:207
[ 1126317ms] [LOG] i18next::translator: missingKey en-US translation common.remove common.remove @ http://localhost:3001/node_modules/.vite/deps/i18next.js?v=d584b076:207
[ 1126355ms] [LOG] i18next::translator: missingKey en-US translation common.remove common.remove @ http://localhost:3001/node_modules/.vite/deps/i18next.js?v=d584b076:207
[ 1126391ms] [LOG] i18next::translator: missingKey en-US translation common.remove common.remove @ http://localhost:3001/node_modules/.vite/deps/i18next.js?v=d584b076:207
[ 1129616ms] [INFO] [News] Digest fetched: 16 categories @ http://localhost:3001/src/app/data-loader.ts:298
[ 1129619ms] [WARNING] [News] Digest missing for "markets", limited per-feed fallback disabled @ http://localhost:3001/src/app/data-loader.ts:848
[ 1129619ms] [WARNING] [News] Digest missing for "disasters", limited per-feed fallback disabled @ http://localhost:3001/src/app/data-loader.ts:848
[ 1131440ms] [LOG] [Search] Indexing 0 news items (allNews total: 0) @ http://localhost:3001/src/app/search-manager.ts:690
[ 1278030ms] [ERROR] Loading the script 'https://abacus.kopassus.monitor/script.js' violates the following Content Security Policy directive: "script-src 'self' 'sha256-LnMFPWZxTgVOr2VYwIh9mhQ3l/l3+a3SfNOLERnuHfY=' 'sha256-4Z2xtr1B9QQugoojE/nbpOViG+8l2B7CZVlKgC78AeQ=' 'sha256-903UI9my1I7mqHoiVeZSc56yd50YoRJTB2269QqL76w=' 'sha256-EytE6o1N8rwzpVFMrF+WvBZr2y5UhFLw79o1/4VqS0s=' 'wasm-unsafe-eval' https://www.youtube.com https://static.cloudflareinsights.com https://vercel.live https://challenges.cloudflare.com https://abacus.worldmonitor.app https://*.clerk.accounts.dev https://*.dodopayments.com https://js.stripe.com". Note that 'script-src-elem' was not explicitly set, so 'script-src' is used as a fallback. The action has been blocked. @ http://localhost:3001/?lat=-0.3633&lon=113.5484&zoom=3.71&view=indonesia&timeRange=7d&layers=conflicts%2Cbases%2Chotspots%2Cnuclear%2Csanctions%2Cweather%2Ceconomic%2Cwaterways%2Coutages%2Cmilitary%2Cnatural:0
[ 1278030ms] [ERROR] Executing inline script violates the following Content Security Policy directive 'script-src 'self' 'sha256-LnMFPWZxTgVOr2VYwIh9mhQ3l/l3+a3SfNOLERnuHfY=' 'sha256-4Z2xtr1B9QQugoojE/nbpOViG+8l2B7CZVlKgC78AeQ=' 'sha256-903UI9my1I7mqHoiVeZSc56yd50YoRJTB2269QqL76w=' 'sha256-EytE6o1N8rwzpVFMrF+WvBZr2y5UhFLw79o1/4VqS0s=' 'wasm-unsafe-eval' https://www.youtube.com https://static.cloudflareinsights.com https://vercel.live https://challenges.cloudflare.com https://abacus.worldmonitor.app https://*.clerk.accounts.dev https://*.dodopayments.com https://js.stripe.com'. Either the 'unsafe-inline' keyword, a hash ('sha256-BNN4UEEko1REertbvdEqNgt0fL5ykItf9IoM3JmlUwY='), or a nonce ('nonce-...') is required to enable inline execution. The action has been blocked. @ http://localhost:3001/?lat=-0.3633&lon=113.5484&zoom=3.71&view=indonesia&timeRange=7d&layers=conflicts%2Cbases%2Chotspots%2Cnuclear%2Csanctions%2Cweather%2Ceconomic%2Cwaterways%2Coutages%2Cmilitary%2Cnatural:121
[ 1279377ms] [ERROR] [feeds] DEFAULT_ENABLED name "Breaking Defense" not found in FULL_FEEDS! @ http://localhost:3001/src/config/feeds.ts:1171
[ 1279377ms] [LOG] [feeds] 107 unique default-enabled sources / 204 total @ http://localhost:3001/src/config/feeds.ts:1173
[ 1279566ms] [WARNING] THREE.THREE.Clock: This module has been deprecated. Please use THREE.Timer instead. @ http://localhost:3001/node_modules/.vite/deps/chunk-JENIRZW7.js?v=d584b076:296
[ 1279574ms] [ERROR] Loading the script 'https://va.vercel-scripts.com/v1/script.debug.js' violates the following Content Security Policy directive: "script-src 'self' 'sha256-LnMFPWZxTgVOr2VYwIh9mhQ3l/l3+a3SfNOLERnuHfY=' 'sha256-4Z2xtr1B9QQugoojE/nbpOViG+8l2B7CZVlKgC78AeQ=' 'sha256-903UI9my1I7mqHoiVeZSc56yd50YoRJTB2269QqL76w=' 'sha256-EytE6o1N8rwzpVFMrF+WvBZr2y5UhFLw79o1/4VqS0s=' 'wasm-unsafe-eval' https://www.youtube.com https://static.cloudflareinsights.com https://vercel.live https://challenges.cloudflare.com https://abacus.worldmonitor.app https://*.clerk.accounts.dev https://*.dodopayments.com https://js.stripe.com". Note that 'script-src-elem' was not explicitly set, so 'script-src' is used as a fallback. The action has been blocked. @ http://localhost:3001/node_modules/.vite/deps/@vercel_analytics.js?v=d584b076:185
[ 1279576ms] [LOG] [App] Variant check: stored="indonesia", current="indonesia" @ http://localhost:3001/src/App.ts?t=1777562943471:393
[ 1279577ms] [LOG] [App] Loaded panel settings from storage: [positive-feed, progress, counters, spotlight, breakthroughs, digest, species, renewable, giving, insights, commodity-news, liquidity-shifts, positioning-247, gold-silver, energy, mining-news, critical-minerals, base-metals, mining-companies, supply-chain, commodity-regulation, energy-complex, pipeline-status, oil-inventories, gold-intelligence, heatmap, macro-signals, trade-policy, sanctions-pressure, economic, gulf-economies, gcc-investments, consumer-prices, airline-intel, polymarket, world-clock, monitors, latest-brief, energy-risk-overview, chokepoint-strip, storage-facility-map, fuel-shortages, energy-disruptions, hormuz-tracker, energy-crisis, fuel-prices, climate, live-webcams, windy-webcams, ai, startups, vcblogs, regionalStartups, unicorns, accelerators, security, policy, layoffs, finance, crypto, hardware, cloud, dev, github, ipo, funding, producthunt, events, internet-disruptions, service-status, tech-readiness, etf-flows, stablecoins, tech-hubs, ai-regulation, stock-analysis, stock-backtest, daily-market-brief, markets-news, forex, bonds, commodities-news, crypto-news, crypto-heatmap, defi-tokens, ai-tokens, other-tokens, centralbanks, economic-news, macro-tiles, fear-greed, aaii-sentiment, market-breadth, fsi, yield-curve, earnings-calendar, economic-calendar, cot-positioning, derivatives, fintech] @ http://localhost:3001/src/App.ts?t=1777562943471:513
[ 1279580ms] [LOG] [entitlements] No VITE_CONVEX_URL — skipping Convex subscription @ http://localhost:3001/src/services/entitlements.ts:11
[ 1279580ms] [WARNING] [billing] No VITE_CONVEX_URL -- skipping subscription watch @ http://localhost:3001/src/services/billing.ts:19
[ 1279620ms] [LOG] [Vercel Web Analytics] Failed to load script from https://va.vercel-scripts.com/v1/script.debug.js. Please check if any ad blockers are enabled and try again. @ http://localhost:3001/node_modules/.vite/deps/@vercel_analytics.js?v=d584b076:181
[ 1279722ms] [INFO] 🌐 i18next is made possible by our own product, Locize — consider powering your project with managed localization (AI, CDN, integrations): https://locize.com 💙 @ http://localhost:3001/node_modules/.vite/deps/i18next.js?v=d584b076:1803
[ 1279725ms] [LOG] i18next: languageChanged en-US @ http://localhost:3001/node_modules/.vite/deps/i18next.js?v=d584b076:207
[ 1279725ms] [LOG] i18next: initialized {debug: true, initAsync: true, ns: Array(1), defaultNS: Array(1), fallbackLng: Array(1)} @ http://localhost:3001/node_modules/.vite/deps/i18next.js?v=d584b076:207
[ 1279818ms] [WARNING] [clerk] VITE_CLERK_PUBLISHABLE_KEY not set, auth disabled @ http://localhost:3001/src/services/clerk.ts:62
[ 1279834ms] [LOG] [MapContainer] Initializing deck.gl map (desktop mode) @ http://localhost:3001/src/components/MapContainer.ts:110
[ 1279859ms] [LOG] i18next::translator: missingKey en-US translation components.deckgl.layers.commodityPorts components.deckgl.layers.commodityPorts @ http://localhost:3001/node_modules/.vite/deps/i18next.js?v=d584b076:207
[ 1279859ms] [LOG] i18next::translator: missingKey en-US translation components.deckgl.layers.webcams components.deckgl.layers.webcams @ http://localhost:3001/node_modules/.vite/deps/i18next.js?v=d584b076:207
[ 1279860ms] [LOG] i18next::translator: missingKey en-US translation components.deckgl.layers.miningSites components.deckgl.layers.miningSites @ http://localhost:3001/node_modules/.vite/deps/i18next.js?v=d584b076:207
[ 1279860ms] [LOG] i18next::translator: missingKey en-US translation components.deckgl.layers.processingPlants components.deckgl.layers.processingPlants @ http://localhost:3001/node_modules/.vite/deps/i18next.js?v=d584b076:207
[ 1279860ms] [LOG] i18next::translator: missingKey en-US translation components.deckgl.layers.resilienceScore components.deckgl.layers.resilienceScore @ http://localhost:3001/node_modules/.vite/deps/i18next.js?v=d584b076:207
[ 1279860ms] [LOG] i18next::translator: missingKey en-US translation components.deckgl.layers.diseaseOutbreaks components.deckgl.layers.diseaseOutbreaks @ http://localhost:3001/node_modules/.vite/deps/i18next.js?v=d584b076:207
[ 1279860ms] [LOG] i18next::translator: missingKey en-US translation components.deckgl.layers.sanctions components.deckgl.layers.sanctions @ http://localhost:3001/node_modules/.vite/deps/i18next.js?v=d584b076:207
[ 1279865ms] [LOG] i18next::translator: missingKey en-US translation panels.cctvIpStream.infoTooltip panels.cctvIpStream.infoTooltip @ http://localhost:3001/node_modules/.vite/deps/i18next.js?v=d584b076:207
[ 1279906ms] [LOG] i18next::translator: missingKey en-US translation panels.disasters panels.disasters @ http://localhost:3001/node_modules/.vite/deps/i18next.js?v=d584b076:207
[ 1279906ms] [LOG] i18next::translator: missingKey en-US translation panels.positiveFeed panels.positiveFeed @ http://localhost:3001/node_modules/.vite/deps/i18next.js?v=d584b076:207
[ 1279906ms] [LOG] i18next::translator: missingKey en-US translation panels.progress panels.progress @ http://localhost:3001/node_modules/.vite/deps/i18next.js?v=d584b076:207
[ 1279906ms] [LOG] i18next::translator: missingKey en-US translation panels.counters panels.counters @ http://localhost:3001/node_modules/.vite/deps/i18next.js?v=d584b076:207
[ 1279906ms] [LOG] i18next::translator: missingKey en-US translation panels.spotlight panels.spotlight @ http://localhost:3001/node_modules/.vite/deps/i18next.js?v=d584b076:207
[ 1279906ms] [LOG] i18next::translator: missingKey en-US translation panels.breakthroughs panels.breakthroughs @ http://localhost:3001/node_modules/.vite/deps/i18next.js?v=d584b076:207
[ 1279906ms] [LOG] i18next::translator: missingKey en-US translation panels.digest panels.digest @ http://localhost:3001/node_modules/.vite/deps/i18next.js?v=d584b076:207
[ 1279906ms] [LOG] i18next::translator: missingKey en-US translation panels.species panels.species @ http://localhost:3001/node_modules/.vite/deps/i18next.js?v=d584b076:207
[ 1279906ms] [LOG] i18next::translator: missingKey en-US translation panels.renewable panels.renewable @ http://localhost:3001/node_modules/.vite/deps/i18next.js?v=d584b076:207
[ 1279907ms] [LOG] i18next::translator: missingKey en-US translation panels.commodityNews panels.commodityNews @ http://localhost:3001/node_modules/.vite/deps/i18next.js?v=d584b076:207
[ 1279907ms] [LOG] i18next::translator: missingKey en-US translation panels.liquidityShifts panels.liquidityShifts @ http://localhost:3001/node_modules/.vite/deps/i18next.js?v=d584b076:207
[ 1279915ms] [LOG] i18next::translator: missingKey en-US translation panels.positioning-247 panels.positioning-247 @ http://localhost:3001/node_modules/.vite/deps/i18next.js?v=d584b076:207
[ 1279915ms] [LOG] i18next::translator: missingKey en-US translation panels.goldSilver panels.goldSilver @ http://localhost:3001/node_modules/.vite/deps/i18next.js?v=d584b076:207
[ 1279916ms] [LOG] i18next::translator: missingKey en-US translation panels.miningNews panels.miningNews @ http://localhost:3001/node_modules/.vite/deps/i18next.js?v=d584b076:207
[ 1279916ms] [LOG] i18next::translator: missingKey en-US translation panels.criticalMinerals panels.criticalMinerals @ http://localhost:3001/node_modules/.vite/deps/i18next.js?v=d584b076:207
[ 1279916ms] [LOG] i18next::translator: missingKey en-US translation panels.baseMetals panels.baseMetals @ http://localhost:3001/node_modules/.vite/deps/i18next.js?v=d584b076:207
[ 1279916ms] [LOG] i18next::translator: missingKey en-US translation panels.miningCompanies panels.miningCompanies @ http://localhost:3001/node_modules/.vite/deps/i18next.js?v=d584b076:207
[ 1279916ms] [LOG] i18next::translator: missingKey en-US translation panels.commodityRegulation panels.commodityRegulation @ http://localhost:3001/node_modules/.vite/deps/i18next.js?v=d584b076:207
[ 1279916ms] [LOG] i18next::translator: missingKey en-US translation panels.pipelineStatus panels.pipelineStatus @ http://localhost:3001/node_modules/.vite/deps/i18next.js?v=d584b076:207
[ 1279916ms] [LOG] i18next::translator: missingKey en-US translation panels.sanctionsPressure panels.sanctionsPressure @ http://localhost:3001/node_modules/.vite/deps/i18next.js?v=d584b076:207
[ 1279916ms] [LOG] i18next::translator: missingKey en-US translation panels.worldClock panels.worldClock @ http://localhost:3001/node_modules/.vite/deps/i18next.js?v=d584b076:207
[ 1279916ms] [LOG] i18next::translator: missingKey en-US translation panels.latestBrief panels.latestBrief @ http://localhost:3001/node_modules/.vite/deps/i18next.js?v=d584b076:207
[ 1279916ms] [LOG] i18next::translator: missingKey en-US translation panels.energyRiskOverview panels.energyRiskOverview @ http://localhost:3001/node_modules/.vite/deps/i18next.js?v=d584b076:207
[ 1279917ms] [LOG] i18next::translator: missingKey en-US translation panels.chokepointStrip panels.chokepointStrip @ http://localhost:3001/node_modules/.vite/deps/i18next.js?v=d584b076:207
[ 1279917ms] [LOG] i18next::translator: missingKey en-US translation panels.storageFacilityMap panels.storageFacilityMap @ http://localhost:3001/node_modules/.vite/deps/i18next.js?v=d584b076:207
[ 1279917ms] [LOG] i18next::translator: missingKey en-US translation panels.fuelShortages panels.fuelShortages @ http://localhost:3001/node_modules/.vite/deps/i18next.js?v=d584b076:207
[ 1279917ms] [LOG] i18next::translator: missingKey en-US translation panels.energyDisruptions panels.energyDisruptions @ http://localhost:3001/node_modules/.vite/deps/i18next.js?v=d584b076:207
[ 1279917ms] [LOG] i18next::translator: missingKey en-US translation panels.hormuzTracker panels.hormuzTracker @ http://localhost:3001/node_modules/.vite/deps/i18next.js?v=d584b076:207
[ 1279917ms] [LOG] i18next::translator: missingKey en-US translation panels.aiRegulation panels.aiRegulation @ http://localhost:3001/node_modules/.vite/deps/i18next.js?v=d584b076:207
[ 1279918ms] [LOG] i18next::translator: missingKey en-US translation panels.stockAnalysis panels.stockAnalysis @ http://localhost:3001/node_modules/.vite/deps/i18next.js?v=d584b076:207
[ 1279918ms] [LOG] i18next::translator: missingKey en-US translation panels.stockBacktest panels.stockBacktest @ http://localhost:3001/node_modules/.vite/deps/i18next.js?v=d584b076:207
[ 1279918ms] [LOG] i18next::translator: missingKey en-US translation panels.dailyMarketBrief panels.dailyMarketBrief @ http://localhost:3001/node_modules/.vite/deps/i18next.js?v=d584b076:207
[ 1279918ms] [LOG] i18next::translator: missingKey en-US translation panels.marketsNews panels.marketsNews @ http://localhost:3001/node_modules/.vite/deps/i18next.js?v=d584b076:207
[ 1279918ms] [LOG] i18next::translator: missingKey en-US translation panels.forex panels.forex @ http://localhost:3001/node_modules/.vite/deps/i18next.js?v=d584b076:207
[ 1279918ms] [LOG] i18next::translator: missingKey en-US translation panels.bonds panels.bonds @ http://localhost:3001/node_modules/.vite/deps/i18next.js?v=d584b076:207
[ 1279918ms] [LOG] i18next::translator: missingKey en-US translation panels.commoditiesNews panels.commoditiesNews @ http://localhost:3001/node_modules/.vite/deps/i18next.js?v=d584b076:207
[ 1279918ms] [LOG] i18next::translator: missingKey en-US translation panels.cryptoNews panels.cryptoNews @ http://localhost:3001/node_modules/.vite/deps/i18next.js?v=d584b076:207
[ 1279918ms] [LOG] i18next::translator: missingKey en-US translation panels.cryptoHeatmap panels.cryptoHeatmap @ http://localhost:3001/node_modules/.vite/deps/i18next.js?v=d584b076:207
[ 1279918ms] [LOG] i18next::translator: missingKey en-US translation panels.defiTokens panels.defiTokens @ http://localhost:3001/node_modules/.vite/deps/i18next.js?v=d584b076:207
[ 1279918ms] [LOG] i18next::translator: missingKey en-US translation panels.aiTokens panels.aiTokens @ http://localhost:3001/node_modules/.vite/deps/i18next.js?v=d584b076:207
[ 1279919ms] [LOG] i18next::translator: missingKey en-US translation panels.otherTokens panels.otherTokens @ http://localhost:3001/node_modules/.vite/deps/i18next.js?v=d584b076:207
[ 1279919ms] [LOG] i18next::translator: missingKey en-US translation panels.centralbanks panels.centralbanks @ http://localhost:3001/node_modules/.vite/deps/i18next.js?v=d584b076:207
[ 1279919ms] [LOG] i18next::translator: missingKey en-US translation panels.economicNews panels.economicNews @ http://localhost:3001/node_modules/.vite/deps/i18next.js?v=d584b076:207
[ 1279919ms] [LOG] i18next::translator: missingKey en-US translation panels.macroTiles panels.macroTiles @ http://localhost:3001/node_modules/.vite/deps/i18next.js?v=d584b076:207
[ 1279919ms] [LOG] i18next::translator: missingKey en-US translation panels.aaiiSentiment panels.aaiiSentiment @ http://localhost:3001/node_modules/.vite/deps/i18next.js?v=d584b076:207
[ 1279919ms] [LOG] i18next::translator: missingKey en-US translation panels.fsi panels.fsi @ http://localhost:3001/node_modules/.vite/deps/i18next.js?v=d584b076:207
[ 1279919ms] [LOG] i18next::translator: missingKey en-US translation panels.yieldCurve panels.yieldCurve @ http://localhost:3001/node_modules/.vite/deps/i18next.js?v=d584b076:207
[ 1279919ms] [LOG] i18next::translator: missingKey en-US translation panels.earningsCalendar panels.earningsCalendar @ http://localhost:3001/node_modules/.vite/deps/i18next.js?v=d584b076:207
[ 1279919ms] [LOG] i18next::translator: missingKey en-US translation panels.economicCalendar panels.economicCalendar @ http://localhost:3001/node_modules/.vite/deps/i18next.js?v=d584b076:207
[ 1279919ms] [LOG] i18next::translator: missingKey en-US translation panels.cotPositioning panels.cotPositioning @ http://localhost:3001/node_modules/.vite/deps/i18next.js?v=d584b076:207
[ 1279919ms] [LOG] i18next::translator: missingKey en-US translation panels.derivatives panels.derivatives @ http://localhost:3001/node_modules/.vite/deps/i18next.js?v=d584b076:207
[ 1279919ms] [LOG] i18next::translator: missingKey en-US translation panels.fintech panels.fintech @ http://localhost:3001/node_modules/.vite/deps/i18next.js?v=d584b076:207
[ 1279919ms] [LOG] i18next::translator: missingKey en-US translation panels.institutional panels.institutional @ http://localhost:3001/node_modules/.vite/deps/i18next.js?v=d584b076:207
[ 1279920ms] [LOG] i18next::translator: missingKey en-US translation panels.analysis panels.analysis @ http://localhost:3001/node_modules/.vite/deps/i18next.js?v=d584b076:207
[ 1279920ms] [LOG] i18next::translator: missingKey en-US translation panels.gccNews panels.gccNews @ http://localhost:3001/node_modules/.vite/deps/i18next.js?v=d584b076:207
[ 1279920ms] [LOG] i18next::translator: missingKey en-US translation panels.forecast panels.forecast @ http://localhost:3001/node_modules/.vite/deps/i18next.js?v=d584b076:207
[ 1279920ms] [LOG] i18next::translator: missingKey en-US translation panels.militaryCorrelation panels.militaryCorrelation @ http://localhost:3001/node_modules/.vite/deps/i18next.js?v=d584b076:207
[ 1279920ms] [LOG] i18next::translator: missingKey en-US translation panels.escalationCorrelation panels.escalationCorrelation @ http://localhost:3001/node_modules/.vite/deps/i18next.js?v=d584b076:207
[ 1279920ms] [LOG] i18next::translator: missingKey en-US translation panels.economicCorrelation panels.economicCorrelation @ http://localhost:3001/node_modules/.vite/deps/i18next.js?v=d584b076:207
[ 1279920ms] [LOG] i18next::translator: missingKey en-US translation panels.disasterCorrelation panels.disasterCorrelation @ http://localhost:3001/node_modules/.vite/deps/i18next.js?v=d584b076:207
[ 1279920ms] [LOG] i18next::translator: missingKey en-US translation panels.chatAnalyst panels.chatAnalyst @ http://localhost:3001/node_modules/.vite/deps/i18next.js?v=d584b076:207
[ 1279920ms] [LOG] i18next::translator: missingKey en-US translation panels.diseaseOutbreaks panels.diseaseOutbreaks @ http://localhost:3001/node_modules/.vite/deps/i18next.js?v=d584b076:207
[ 1279920ms] [LOG] i18next::translator: missingKey en-US translation panels.socialVelocity panels.socialVelocity @ http://localhost:3001/node_modules/.vite/deps/i18next.js?v=d584b076:207
[ 1279921ms] [LOG] i18next::translator: missingKey en-US translation panels.defensePatents panels.defensePatents @ http://localhost:3001/node_modules/.vite/deps/i18next.js?v=d584b076:207
[ 1279921ms] [LOG] i18next::translator: missingKey en-US translation panels.radiationWatch panels.radiationWatch @ http://localhost:3001/node_modules/.vite/deps/i18next.js?v=d584b076:207
[ 1279921ms] [LOG] i18next::translator: missingKey en-US translation panels.thermalEscalation panels.thermalEscalation @ http://localhost:3001/node_modules/.vite/deps/i18next.js?v=d584b076:207
[ 1279921ms] [LOG] i18next::translator: missingKey en-US translation panels.nationalDebt panels.nationalDebt @ http://localhost:3001/node_modules/.vite/deps/i18next.js?v=d584b076:207
[ 1279921ms] [LOG] i18next::translator: missingKey en-US translation panels.crossSourceSignals panels.crossSourceSignals @ http://localhost:3001/node_modules/.vite/deps/i18next.js?v=d584b076:207
[ 1279921ms] [LOG] i18next::translator: missingKey en-US translation panels.regionalIntelligence panels.regionalIntelligence @ http://localhost:3001/node_modules/.vite/deps/i18next.js?v=d584b076:207
[ 1279992ms] [LOG] i18next::translator: missingKey en-US translation webcams.expand webcams.expand @ http://localhost:3001/node_modules/.vite/deps/i18next.js?v=d584b076:207
[ 1279992ms] [LOG] i18next::translator: missingKey en-US translation common.remove common.remove @ http://localhost:3001/node_modules/.vite/deps/i18next.js?v=d584b076:207
[ 1279993ms] [LOG] i18next::translator: missingKey en-US translation webcams.expand webcams.expand @ http://localhost:3001/node_modules/.vite/deps/i18next.js?v=d584b076:207
[ 1279993ms] [LOG] i18next::translator: missingKey en-US translation common.remove common.remove @ http://localhost:3001/node_modules/.vite/deps/i18next.js?v=d584b076:207
[ 1279993ms] [LOG] i18next::translator: missingKey en-US translation webcams.expand webcams.expand @ http://localhost:3001/node_modules/.vite/deps/i18next.js?v=d584b076:207
[ 1279993ms] [LOG] i18next::translator: missingKey en-US translation common.remove common.remove @ http://localhost:3001/node_modules/.vite/deps/i18next.js?v=d584b076:207
[ 1279994ms] [LOG] i18next::translator: missingKey en-US translation webcams.expand webcams.expand @ http://localhost:3001/node_modules/.vite/deps/i18next.js?v=d584b076:207
[ 1279994ms] [LOG] i18next::translator: missingKey en-US translation common.remove common.remove @ http://localhost:3001/node_modules/.vite/deps/i18next.js?v=d584b076:207
[ 1280170ms] [ERROR] Failed to load resource: the server responded with a status of 404 (Not Found) @ http://localhost:3001/api/health/v1/list-disease-outbreaks:0
[ 1280173ms] [ERROR] Failed to load resource: the server responded with a status of 503 (Service Unavailable) @ http://localhost:3001/api/gpsjam:0
[ 1280200ms] [ERROR] [App] Telegram intel fetch failed: SyntaxError: Unexpected token 'i', "import { g"... is not valid JSON @ http://localhost:3001/src/app/data-loader.ts:2939
[ 1280204ms] [ERROR] [App] Telegram intel fetch failed: SyntaxError: Unexpected token 'i', "import { g"... is not valid JSON @ http://localhost:3001/src/app/data-loader.ts:2939
[ 1280214ms] [ERROR] [Polymarket] Failed: Error: No markets returned — upstream may be down @ http://localhost:3001/src/utils/circuit-breaker.ts:298
[ 1280224ms] [WARNING] [clerk] getClerkToken: no session (clerkInstance=false, user=false) @ http://localhost:3001/src/services/clerk.ts:127
[ 1280246ms] [ERROR] [Military Flight Tracking] Failed: Error: No flights returned — upstream may be down @ http://localhost:3001/src/utils/circuit-breaker.ts:298
[ 1280276ms] [ERROR] Failed to load resource: the server responded with a status of 404 (Not Found) @ http://localhost:3001/api/radiation/v1/list-radiation-observations?max_items=18:0
[ 1280276ms] [ERROR] Failed to load resource: the server responded with a status of 404 (Not Found) @ http://localhost:3001/api/thermal/v1/list-thermal-escalations?max_items=12:0
[ 1280282ms] [ERROR] [NWS Weather] Failed: SyntaxError: Unexpected token 'i', "import { g"... is not valid JSON @ http://localhost:3001/src/utils/circuit-breaker.ts:298
[ 1280282ms] [ERROR] [Radiation Watch] Failed: ApiError: Request failed with status 404 @ http://localhost:3001/src/utils/circuit-breaker.ts:298
[ 1280283ms] [ERROR] [Thermal Escalation] Failed: ApiError: Request failed with status 404 @ http://localhost:3001/src/utils/circuit-breaker.ts:298
[ 1280283ms] [ERROR] Failed to load resource: the server responded with a status of 404 (Not Found) @ http://localhost:3001/api/forecast/v1/get-forecasts:0
[ 1280283ms] [ERROR] Failed to load resource: the server responded with a status of 404 (Not Found) @ http://localhost:3001/api/forecast/v1/get-simulation-outcome:0
[ 1280328ms] [ERROR] Failed to load resource: the server responded with a status of 404 (Not Found) @ http://localhost:3001/api/sanctions/v1/list-sanctions-pressure?max_items=30:0
[ 1280329ms] [ERROR] [Sanctions Pressure] Failed: ApiError: Request failed with status 404 @ http://localhost:3001/src/utils/circuit-breaker.ts:298
[ 1280367ms] [LOG] [Intelligence] All signals loaded for CII calculation @ http://localhost:3001/src/app/data-loader.ts:1966
[ 1280879ms] [ERROR] The script has an unsupported MIME type ('text/html'). @ :0
[ 1281325ms] [WARNING] [PWA] Service worker registration failed: SecurityError: Failed to register a ServiceWorker for scope ('http://localhost:3001/') with script ('http://localhost:3001/sw.js'): The script has an unsupported MIME type ('text/html'). @ http://localhost:3001/src/main.ts?t=1777562943471:565
[ 1281328ms] [WARNING] Failed to execute 'postMessage' on 'DOMWindow': The target origin provided ('https://www.youtube.com') does not match the recipient window's origin ('http://localhost:3001'). @ https://www.youtube.com/s/player/0980151a/www-widgetapi.vflset/www-widgetapi.js:209
[ 1281334ms] [LOG] i18next::translator: missingKey en-US translation common.remove common.remove @ http://localhost:3001/node_modules/.vite/deps/i18next.js?v=d584b076:207
[ 1281339ms] [LOG] i18next::translator: missingKey en-US translation common.remove common.remove @ http://localhost:3001/node_modules/.vite/deps/i18next.js?v=d584b076:207
[ 1281360ms] [WARNING] Failed to execute 'postMessage' on 'DOMWindow': The target origin provided ('https://www.youtube.com') does not match the recipient window's origin ('http://localhost:3001'). @ https://www.youtube.com/s/player/0980151a/www-widgetapi.vflset/www-widgetapi.js:209
[ 1281441ms] [LOG] i18next::translator: missingKey en-US translation common.remove common.remove @ http://localhost:3001/node_modules/.vite/deps/i18next.js?v=d584b076:207
[ 1281544ms] [LOG] i18next::translator: missingKey en-US translation common.remove common.remove @ http://localhost:3001/node_modules/.vite/deps/i18next.js?v=d584b076:207
[ 1281604ms] [WARNING] Failed to execute 'postMessage' on 'DOMWindow': The target origin provided ('https://www.youtube.com') does not match the recipient window's origin ('http://localhost:3001'). @ https://www.youtube.com/s/player/0980151a/www-widgetapi.vflset/www-widgetapi.js:209
[ 1281853ms] [WARNING] Failed to execute 'postMessage' on 'DOMWindow': The target origin provided ('https://www.youtube.com') does not match the recipient window's origin ('http://localhost:3001'). @ https://www.youtube.com/s/player/0980151a/www-widgetapi.vflset/www-widgetapi.js:209
[ 1281990ms] [WARNING] Image "circle-11" could not be loaded. Please make sure you have added the image with map.addImage() or a "sprite" property in your style. You can provide missing images by listening for the "styleimagemissing" map event. @ http://localhost:3001/node_modules/.vite/deps/maplibre-gl.js?v=d584b076:312
[ 1282103ms] [WARNING] Failed to execute 'postMessage' on 'DOMWindow': The target origin provided ('https://www.youtube.com') does not match the recipient window's origin ('http://localhost:3001'). @ https://www.youtube.com/s/player/0980151a/www-widgetapi.vflset/www-widgetapi.js:209
[ 1282487ms] [WARNING] Failed to execute 'postMessage' on 'DOMWindow': The target origin provided ('https://www.youtube.com') does not match the recipient window's origin ('http://localhost:3001'). @ https://www.youtube.com/s/player/0980151a/www-widgetapi.vflset/www-widgetapi.js:209
[ 1282604ms] [WARNING] Failed to execute 'postMessage' on 'DOMWindow': The target origin provided ('https://www.youtube.com') does not match the recipient window's origin ('http://localhost:3001'). @ https://www.youtube.com/s/player/0980151a/www-widgetapi.vflset/www-widgetapi.js:209
[ 1288091ms] [WARNING] [News] Digest fetch failed, using fallback: TimeoutError: signal timed out @ http://localhost:3001/src/app/data-loader.ts:304
[ 1288113ms] [WARNING] [News] Digest missing for "markets", limited per-feed fallback disabled @ http://localhost:3001/src/app/data-loader.ts:848
[ 1288114ms] [WARNING] [News] Digest missing for "disasters", limited per-feed fallback disabled @ http://localhost:3001/src/app/data-loader.ts:848
[ 1290018ms] [LOG] [Search] Indexing 0 news items (allNews total: 0) @ http://localhost:3001/src/app/search-manager.ts:690
[ 1314531ms] [ERROR] Loading the script 'https://abacus.kopassus.monitor/script.js' violates the following Content Security Policy directive: "script-src 'self' 'sha256-LnMFPWZxTgVOr2VYwIh9mhQ3l/l3+a3SfNOLERnuHfY=' 'sha256-4Z2xtr1B9QQugoojE/nbpOViG+8l2B7CZVlKgC78AeQ=' 'sha256-903UI9my1I7mqHoiVeZSc56yd50YoRJTB2269QqL76w=' 'sha256-EytE6o1N8rwzpVFMrF+WvBZr2y5UhFLw79o1/4VqS0s=' 'wasm-unsafe-eval' https://www.youtube.com https://static.cloudflareinsights.com https://vercel.live https://challenges.cloudflare.com https://abacus.worldmonitor.app https://*.clerk.accounts.dev https://*.dodopayments.com https://js.stripe.com". Note that 'script-src-elem' was not explicitly set, so 'script-src' is used as a fallback. The action has been blocked. @ http://localhost:3001/?lat=-0.3633&lon=113.5484&zoom=3.71&view=indonesia&timeRange=7d&layers=conflicts%2Cbases%2Chotspots%2Cnuclear%2Csanctions%2Cweather%2Ceconomic%2Cwaterways%2Coutages%2Cmilitary%2Cnatural:0
[ 1314532ms] [ERROR] Executing inline script violates the following Content Security Policy directive 'script-src 'self' 'sha256-LnMFPWZxTgVOr2VYwIh9mhQ3l/l3+a3SfNOLERnuHfY=' 'sha256-4Z2xtr1B9QQugoojE/nbpOViG+8l2B7CZVlKgC78AeQ=' 'sha256-903UI9my1I7mqHoiVeZSc56yd50YoRJTB2269QqL76w=' 'sha256-EytE6o1N8rwzpVFMrF+WvBZr2y5UhFLw79o1/4VqS0s=' 'wasm-unsafe-eval' https://www.youtube.com https://static.cloudflareinsights.com https://vercel.live https://challenges.cloudflare.com https://abacus.worldmonitor.app https://*.clerk.accounts.dev https://*.dodopayments.com https://js.stripe.com'. Either the 'unsafe-inline' keyword, a hash ('sha256-BNN4UEEko1REertbvdEqNgt0fL5ykItf9IoM3JmlUwY='), or a nonce ('nonce-...') is required to enable inline execution. The action has been blocked. @ http://localhost:3001/?lat=-0.3633&lon=113.5484&zoom=3.71&view=indonesia&timeRange=7d&layers=conflicts%2Cbases%2Chotspots%2Cnuclear%2Csanctions%2Cweather%2Ceconomic%2Cwaterways%2Coutages%2Cmilitary%2Cnatural:121
[ 1316628ms] [ERROR] [feeds] DEFAULT_ENABLED name "Breaking Defense" not found in FULL_FEEDS! @ http://localhost:3001/src/config/feeds.ts:1171
[ 1316628ms] [LOG] [feeds] 107 unique default-enabled sources / 204 total @ http://localhost:3001/src/config/feeds.ts:1173
[ 1316889ms] [WARNING] THREE.THREE.Clock: This module has been deprecated. Please use THREE.Timer instead. @ http://localhost:3001/node_modules/.vite/deps/chunk-JENIRZW7.js?v=d584b076:296
[ 1316899ms] [ERROR] Loading the script 'https://va.vercel-scripts.com/v1/script.debug.js' violates the following Content Security Policy directive: "script-src 'self' 'sha256-LnMFPWZxTgVOr2VYwIh9mhQ3l/l3+a3SfNOLERnuHfY=' 'sha256-4Z2xtr1B9QQugoojE/nbpOViG+8l2B7CZVlKgC78AeQ=' 'sha256-903UI9my1I7mqHoiVeZSc56yd50YoRJTB2269QqL76w=' 'sha256-EytE6o1N8rwzpVFMrF+WvBZr2y5UhFLw79o1/4VqS0s=' 'wasm-unsafe-eval' https://www.youtube.com https://static.cloudflareinsights.com https://vercel.live https://challenges.cloudflare.com https://abacus.worldmonitor.app https://*.clerk.accounts.dev https://*.dodopayments.com https://js.stripe.com". Note that 'script-src-elem' was not explicitly set, so 'script-src' is used as a fallback. The action has been blocked. @ http://localhost:3001/node_modules/.vite/deps/@vercel_analytics.js?v=d584b076:185
[ 1316902ms] [LOG] [App] Variant check: stored="indonesia", current="indonesia" @ http://localhost:3001/src/App.ts?t=1777562979795:393
[ 1316903ms] [LOG] [App] Loaded panel settings from storage: [positive-feed, progress, counters, spotlight, breakthroughs, digest, species, renewable, giving, insights, commodity-news, liquidity-shifts, positioning-247, gold-silver, energy, mining-news, critical-minerals, base-metals, mining-companies, supply-chain, commodity-regulation, energy-complex, pipeline-status, oil-inventories, gold-intelligence, heatmap, macro-signals, trade-policy, sanctions-pressure, economic, gulf-economies, gcc-investments, consumer-prices, airline-intel, polymarket, world-clock, monitors, latest-brief, energy-risk-overview, chokepoint-strip, storage-facility-map, fuel-shortages, energy-disruptions, hormuz-tracker, energy-crisis, fuel-prices, climate, live-webcams, windy-webcams, ai, startups, vcblogs, regionalStartups, unicorns, accelerators, security, policy, layoffs, finance, crypto, hardware, cloud, dev, github, ipo, funding, producthunt, events, internet-disruptions, service-status, tech-readiness, etf-flows, stablecoins, tech-hubs, ai-regulation, stock-analysis, stock-backtest, daily-market-brief, markets-news, forex, bonds, commodities-news, crypto-news, crypto-heatmap, defi-tokens, ai-tokens, other-tokens, centralbanks, economic-news, macro-tiles, fear-greed, aaii-sentiment, market-breadth, fsi, yield-curve, earnings-calendar, economic-calendar, cot-positioning, derivatives, fintech] @ http://localhost:3001/src/App.ts?t=1777562979795:513
[ 1316907ms] [LOG] [entitlements] No VITE_CONVEX_URL — skipping Convex subscription @ http://localhost:3001/src/services/entitlements.ts:11
[ 1316907ms] [WARNING] [billing] No VITE_CONVEX_URL -- skipping subscription watch @ http://localhost:3001/src/services/billing.ts:19
[ 1316971ms] [LOG] [Vercel Web Analytics] Failed to load script from https://va.vercel-scripts.com/v1/script.debug.js. Please check if any ad blockers are enabled and try again. @ http://localhost:3001/node_modules/.vite/deps/@vercel_analytics.js?v=d584b076:181
[ 1317078ms] [INFO] 🌐 i18next is made possible by our own product, Locize — consider powering your project with managed localization (AI, CDN, integrations): https://locize.com 💙 @ http://localhost:3001/node_modules/.vite/deps/i18next.js?v=d584b076:1803
[ 1317081ms] [LOG] i18next: languageChanged en-US @ http://localhost:3001/node_modules/.vite/deps/i18next.js?v=d584b076:207
[ 1317081ms] [LOG] i18next: initialized {debug: true, initAsync: true, ns: Array(1), defaultNS: Array(1), fallbackLng: Array(1)} @ http://localhost:3001/node_modules/.vite/deps/i18next.js?v=d584b076:207
[ 1317106ms] [WARNING] [clerk] VITE_CLERK_PUBLISHABLE_KEY not set, auth disabled @ http://localhost:3001/src/services/clerk.ts:62
[ 1317131ms] [LOG] [MapContainer] Initializing deck.gl map (desktop mode) @ http://localhost:3001/src/components/MapContainer.ts:110
[ 1317167ms] [LOG] i18next::translator: missingKey en-US translation components.deckgl.layers.commodityPorts components.deckgl.layers.commodityPorts @ http://localhost:3001/node_modules/.vite/deps/i18next.js?v=d584b076:207
[ 1317168ms] [LOG] i18next::translator: missingKey en-US translation components.deckgl.layers.webcams components.deckgl.layers.webcams @ http://localhost:3001/node_modules/.vite/deps/i18next.js?v=d584b076:207
[ 1317168ms] [LOG] i18next::translator: missingKey en-US translation components.deckgl.layers.miningSites components.deckgl.layers.miningSites @ http://localhost:3001/node_modules/.vite/deps/i18next.js?v=d584b076:207
[ 1317168ms] [LOG] i18next::translator: missingKey en-US translation components.deckgl.layers.processingPlants components.deckgl.layers.processingPlants @ http://localhost:3001/node_modules/.vite/deps/i18next.js?v=d584b076:207
[ 1317168ms] [LOG] i18next::translator: missingKey en-US translation components.deckgl.layers.resilienceScore components.deckgl.layers.resilienceScore @ http://localhost:3001/node_modules/.vite/deps/i18next.js?v=d584b076:207
[ 1317169ms] [LOG] i18next::translator: missingKey en-US translation components.deckgl.layers.diseaseOutbreaks components.deckgl.layers.diseaseOutbreaks @ http://localhost:3001/node_modules/.vite/deps/i18next.js?v=d584b076:207
[ 1317169ms] [LOG] i18next::translator: missingKey en-US translation components.deckgl.layers.sanctions components.deckgl.layers.sanctions @ http://localhost:3001/node_modules/.vite/deps/i18next.js?v=d584b076:207
[ 1317178ms] [LOG] i18next::translator: missingKey en-US translation panels.cctvIpStream.infoTooltip panels.cctvIpStream.infoTooltip @ http://localhost:3001/node_modules/.vite/deps/i18next.js?v=d584b076:207
[ 1317249ms] [LOG] i18next::translator: missingKey en-US translation panels.disasters panels.disasters @ http://localhost:3001/node_modules/.vite/deps/i18next.js?v=d584b076:207
[ 1317249ms] [LOG] i18next::translator: missingKey en-US translation panels.positiveFeed panels.positiveFeed @ http://localhost:3001/node_modules/.vite/deps/i18next.js?v=d584b076:207
[ 1317250ms] [LOG] i18next::translator: missingKey en-US translation panels.progress panels.progress @ http://localhost:3001/node_modules/.vite/deps/i18next.js?v=d584b076:207
[ 1317250ms] [LOG] i18next::translator: missingKey en-US translation panels.counters panels.counters @ http://localhost:3001/node_modules/.vite/deps/i18next.js?v=d584b076:207
[ 1317250ms] [LOG] i18next::translator: missingKey en-US translation panels.spotlight panels.spotlight @ http://localhost:3001/node_modules/.vite/deps/i18next.js?v=d584b076:207
[ 1317251ms] [LOG] i18next::translator: missingKey en-US translation panels.breakthroughs panels.breakthroughs @ http://localhost:3001/node_modules/.vite/deps/i18next.js?v=d584b076:207
[ 1317251ms] [LOG] i18next::translator: missingKey en-US translation panels.digest panels.digest @ http://localhost:3001/node_modules/.vite/deps/i18next.js?v=d584b076:207
[ 1317251ms] [LOG] i18next::translator: missingKey en-US translation panels.species panels.species @ http://localhost:3001/node_modules/.vite/deps/i18next.js?v=d584b076:207
[ 1317251ms] [LOG] i18next::translator: missingKey en-US translation panels.renewable panels.renewable @ http://localhost:3001/node_modules/.vite/deps/i18next.js?v=d584b076:207
[ 1317252ms] [LOG] i18next::translator: missingKey en-US translation panels.commodityNews panels.commodityNews @ http://localhost:3001/node_modules/.vite/deps/i18next.js?v=d584b076:207
[ 1317252ms] [LOG] i18next::translator: missingKey en-US translation panels.liquidityShifts panels.liquidityShifts @ http://localhost:3001/node_modules/.vite/deps/i18next.js?v=d584b076:207
[ 1317252ms] [LOG] i18next::translator: missingKey en-US translation panels.positioning-247 panels.positioning-247 @ http://localhost:3001/node_modules/.vite/deps/i18next.js?v=d584b076:207
[ 1317252ms] [LOG] i18next::translator: missingKey en-US translation panels.goldSilver panels.goldSilver @ http://localhost:3001/node_modules/.vite/deps/i18next.js?v=d584b076:207
[ 1317252ms] [LOG] i18next::translator: missingKey en-US translation panels.miningNews panels.miningNews @ http://localhost:3001/node_modules/.vite/deps/i18next.js?v=d584b076:207
[ 1317253ms] [LOG] i18next::translator: missingKey en-US translation panels.criticalMinerals panels.criticalMinerals @ http://localhost:3001/node_modules/.vite/deps/i18next.js?v=d584b076:207
[ 1317253ms] [LOG] i18next::translator: missingKey en-US translation panels.baseMetals panels.baseMetals @ http://localhost:3001/node_modules/.vite/deps/i18next.js?v=d584b076:207
[ 1317253ms] [LOG] i18next::translator: missingKey en-US translation panels.miningCompanies panels.miningCompanies @ http://localhost:3001/node_modules/.vite/deps/i18next.js?v=d584b076:207
[ 1317253ms] [LOG] i18next::translator: missingKey en-US translation panels.commodityRegulation panels.commodityRegulation @ http://localhost:3001/node_modules/.vite/deps/i18next.js?v=d584b076:207
[ 1317254ms] [LOG] i18next::translator: missingKey en-US translation panels.pipelineStatus panels.pipelineStatus @ http://localhost:3001/node_modules/.vite/deps/i18next.js?v=d584b076:207
[ 1317254ms] [LOG] i18next::translator: missingKey en-US translation panels.sanctionsPressure panels.sanctionsPressure @ http://localhost:3001/node_modules/.vite/deps/i18next.js?v=d584b076:207
[ 1317254ms] [LOG] i18next::translator: missingKey en-US translation panels.worldClock panels.worldClock @ http://localhost:3001/node_modules/.vite/deps/i18next.js?v=d584b076:207
[ 1317254ms] [LOG] i18next::translator: missingKey en-US translation panels.latestBrief panels.latestBrief @ http://localhost:3001/node_modules/.vite/deps/i18next.js?v=d584b076:207
[ 1317255ms] [LOG] i18next::translator: missingKey en-US translation panels.energyRiskOverview panels.energyRiskOverview @ http://localhost:3001/node_modules/.vite/deps/i18next.js?v=d584b076:207
[ 1317255ms] [LOG] i18next::translator: missingKey en-US translation panels.chokepointStrip panels.chokepointStrip @ http://localhost:3001/node_modules/.vite/deps/i18next.js?v=d584b076:207
[ 1317255ms] [LOG] i18next::translator: missingKey en-US translation panels.storageFacilityMap panels.storageFacilityMap @ http://localhost:3001/node_modules/.vite/deps/i18next.js?v=d584b076:207
[ 1317255ms] [LOG] i18next::translator: missingKey en-US translation panels.fuelShortages panels.fuelShortages @ http://localhost:3001/node_modules/.vite/deps/i18next.js?v=d584b076:207
[ 1317255ms] [LOG] i18next::translator: missingKey en-US translation panels.energyDisruptions panels.energyDisruptions @ http://localhost:3001/node_modules/.vite/deps/i18next.js?v=d584b076:207
[ 1317256ms] [LOG] i18next::translator: missingKey en-US translation panels.hormuzTracker panels.hormuzTracker @ http://localhost:3001/node_modules/.vite/deps/i18next.js?v=d584b076:207
[ 1317256ms] [LOG] i18next::translator: missingKey en-US translation panels.aiRegulation panels.aiRegulation @ http://localhost:3001/node_modules/.vite/deps/i18next.js?v=d584b076:207
[ 1317257ms] [LOG] i18next::translator: missingKey en-US translation panels.stockAnalysis panels.stockAnalysis @ http://localhost:3001/node_modules/.vite/deps/i18next.js?v=d584b076:207
[ 1317257ms] [LOG] i18next::translator: missingKey en-US translation panels.stockBacktest panels.stockBacktest @ http://localhost:3001/node_modules/.vite/deps/i18next.js?v=d584b076:207
[ 1317257ms] [LOG] i18next::translator: missingKey en-US translation panels.dailyMarketBrief panels.dailyMarketBrief @ http://localhost:3001/node_modules/.vite/deps/i18next.js?v=d584b076:207
[ 1317257ms] [LOG] i18next::translator: missingKey en-US translation panels.marketsNews panels.marketsNews @ http://localhost:3001/node_modules/.vite/deps/i18next.js?v=d584b076:207
[ 1317257ms] [LOG] i18next::translator: missingKey en-US translation panels.forex panels.forex @ http://localhost:3001/node_modules/.vite/deps/i18next.js?v=d584b076:207
[ 1317257ms] [LOG] i18next::translator: missingKey en-US translation panels.bonds panels.bonds @ http://localhost:3001/node_modules/.vite/deps/i18next.js?v=d584b076:207
[ 1317258ms] [LOG] i18next::translator: missingKey en-US translation panels.commoditiesNews panels.commoditiesNews @ http://localhost:3001/node_modules/.vite/deps/i18next.js?v=d584b076:207
[ 1317258ms] [LOG] i18next::translator: missingKey en-US translation panels.cryptoNews panels.cryptoNews @ http://localhost:3001/node_modules/.vite/deps/i18next.js?v=d584b076:207
[ 1317258ms] [LOG] i18next::translator: missingKey en-US translation panels.cryptoHeatmap panels.cryptoHeatmap @ http://localhost:3001/node_modules/.vite/deps/i18next.js?v=d584b076:207
[ 1317259ms] [LOG] i18next::translator: missingKey en-US translation panels.defiTokens panels.defiTokens @ http://localhost:3001/node_modules/.vite/deps/i18next.js?v=d584b076:207
[ 1317259ms] [LOG] i18next::translator: missingKey en-US translation panels.aiTokens panels.aiTokens @ http://localhost:3001/node_modules/.vite/deps/i18next.js?v=d584b076:207
[ 1317259ms] [LOG] i18next::translator: missingKey en-US translation panels.otherTokens panels.otherTokens @ http://localhost:3001/node_modules/.vite/deps/i18next.js?v=d584b076:207
[ 1317259ms] [LOG] i18next::translator: missingKey en-US translation panels.centralbanks panels.centralbanks @ http://localhost:3001/node_modules/.vite/deps/i18next.js?v=d584b076:207
[ 1317259ms] [LOG] i18next::translator: missingKey en-US translation panels.economicNews panels.economicNews @ http://localhost:3001/node_modules/.vite/deps/i18next.js?v=d584b076:207
[ 1317260ms] [LOG] i18next::translator: missingKey en-US translation panels.macroTiles panels.macroTiles @ http://localhost:3001/node_modules/.vite/deps/i18next.js?v=d584b076:207
[ 1317260ms] [LOG] i18next::translator: missingKey en-US translation panels.aaiiSentiment panels.aaiiSentiment @ http://localhost:3001/node_modules/.vite/deps/i18next.js?v=d584b076:207
[ 1317260ms] [LOG] i18next::translator: missingKey en-US translation panels.fsi panels.fsi @ http://localhost:3001/node_modules/.vite/deps/i18next.js?v=d584b076:207
[ 1317260ms] [LOG] i18next::translator: missingKey en-US translation panels.yieldCurve panels.yieldCurve @ http://localhost:3001/node_modules/.vite/deps/i18next.js?v=d584b076:207
[ 1317260ms] [LOG] i18next::translator: missingKey en-US translation panels.earningsCalendar panels.earningsCalendar @ http://localhost:3001/node_modules/.vite/deps/i18next.js?v=d584b076:207
[ 1317260ms] [LOG] i18next::translator: missingKey en-US translation panels.economicCalendar panels.economicCalendar @ http://localhost:3001/node_modules/.vite/deps/i18next.js?v=d584b076:207
[ 1317261ms] [LOG] i18next::translator: missingKey en-US translation panels.cotPositioning panels.cotPositioning @ http://localhost:3001/node_modules/.vite/deps/i18next.js?v=d584b076:207
[ 1317261ms] [LOG] i18next::translator: missingKey en-US translation panels.derivatives panels.derivatives @ http://localhost:3001/node_modules/.vite/deps/i18next.js?v=d584b076:207
[ 1317261ms] [LOG] i18next::translator: missingKey en-US translation panels.fintech panels.fintech @ http://localhost:3001/node_modules/.vite/deps/i18next.js?v=d584b076:207
[ 1317261ms] [LOG] i18next::translator: missingKey en-US translation panels.institutional panels.institutional @ http://localhost:3001/node_modules/.vite/deps/i18next.js?v=d584b076:207
[ 1317261ms] [LOG] i18next::translator: missingKey en-US translation panels.analysis panels.analysis @ http://localhost:3001/node_modules/.vite/deps/i18next.js?v=d584b076:207
[ 1317262ms] [LOG] i18next::translator: missingKey en-US translation panels.gccNews panels.gccNews @ http://localhost:3001/node_modules/.vite/deps/i18next.js?v=d584b076:207
[ 1317262ms] [LOG] i18next::translator: missingKey en-US translation panels.forecast panels.forecast @ http://localhost:3001/node_modules/.vite/deps/i18next.js?v=d584b076:207
[ 1317262ms] [LOG] i18next::translator: missingKey en-US translation panels.militaryCorrelation panels.militaryCorrelation @ http://localhost:3001/node_modules/.vite/deps/i18next.js?v=d584b076:207
[ 1317262ms] [LOG] i18next::translator: missingKey en-US translation panels.escalationCorrelation panels.escalationCorrelation @ http://localhost:3001/node_modules/.vite/deps/i18next.js?v=d584b076:207
[ 1317263ms] [LOG] i18next::translator: missingKey en-US translation panels.economicCorrelation panels.economicCorrelation @ http://localhost:3001/node_modules/.vite/deps/i18next.js?v=d584b076:207
[ 1317263ms] [LOG] i18next::translator: missingKey en-US translation panels.disasterCorrelation panels.disasterCorrelation @ http://localhost:3001/node_modules/.vite/deps/i18next.js?v=d584b076:207
[ 1317263ms] [LOG] i18next::translator: missingKey en-US translation panels.chatAnalyst panels.chatAnalyst @ http://localhost:3001/node_modules/.vite/deps/i18next.js?v=d584b076:207
[ 1317263ms] [LOG] i18next::translator: missingKey en-US translation panels.diseaseOutbreaks panels.diseaseOutbreaks @ http://localhost:3001/node_modules/.vite/deps/i18next.js?v=d584b076:207
[ 1317263ms] [LOG] i18next::translator: missingKey en-US translation panels.socialVelocity panels.socialVelocity @ http://localhost:3001/node_modules/.vite/deps/i18next.js?v=d584b076:207
[ 1317264ms] [LOG] i18next::translator: missingKey en-US translation panels.defensePatents panels.defensePatents @ http://localhost:3001/node_modules/.vite/deps/i18next.js?v=d584b076:207
[ 1317264ms] [LOG] i18next::translator: missingKey en-US translation panels.radiationWatch panels.radiationWatch @ http://localhost:3001/node_modules/.vite/deps/i18next.js?v=d584b076:207
[ 1317264ms] [LOG] i18next::translator: missingKey en-US translation panels.thermalEscalation panels.thermalEscalation @ http://localhost:3001/node_modules/.vite/deps/i18next.js?v=d584b076:207
[ 1317264ms] [LOG] i18next::translator: missingKey en-US translation panels.nationalDebt panels.nationalDebt @ http://localhost:3001/node_modules/.vite/deps/i18next.js?v=d584b076:207
[ 1317264ms] [LOG] i18next::translator: missingKey en-US translation panels.crossSourceSignals panels.crossSourceSignals @ http://localhost:3001/node_modules/.vite/deps/i18next.js?v=d584b076:207
[ 1317265ms] [LOG] i18next::translator: missingKey en-US translation panels.regionalIntelligence panels.regionalIntelligence @ http://localhost:3001/node_modules/.vite/deps/i18next.js?v=d584b076:207
[ 1317384ms] [LOG] i18next::translator: missingKey en-US translation webcams.expand webcams.expand @ http://localhost:3001/node_modules/.vite/deps/i18next.js?v=d584b076:207
[ 1317384ms] [LOG] i18next::translator: missingKey en-US translation common.remove common.remove @ http://localhost:3001/node_modules/.vite/deps/i18next.js?v=d584b076:207
[ 1317384ms] [LOG] i18next::translator: missingKey en-US translation webcams.expand webcams.expand @ http://localhost:3001/node_modules/.vite/deps/i18next.js?v=d584b076:207
[ 1317385ms] [LOG] i18next::translator: missingKey en-US translation common.remove common.remove @ http://localhost:3001/node_modules/.vite/deps/i18next.js?v=d584b076:207
[ 1317385ms] [LOG] i18next::translator: missingKey en-US translation webcams.expand webcams.expand @ http://localhost:3001/node_modules/.vite/deps/i18next.js?v=d584b076:207
[ 1317386ms] [LOG] i18next::translator: missingKey en-US translation common.remove common.remove @ http://localhost:3001/node_modules/.vite/deps/i18next.js?v=d584b076:207
[ 1317387ms] [LOG] i18next::translator: missingKey en-US translation webcams.expand webcams.expand @ http://localhost:3001/node_modules/.vite/deps/i18next.js?v=d584b076:207
[ 1317387ms] [LOG] i18next::translator: missingKey en-US translation common.remove common.remove @ http://localhost:3001/node_modules/.vite/deps/i18next.js?v=d584b076:207
[ 1317622ms] [ERROR] Failed to load resource: the server responded with a status of 404 (Not Found) @ http://localhost:3001/api/health/v1/list-disease-outbreaks:0
[ 1317622ms] [ERROR] Failed to load resource: the server responded with a status of 503 (Service Unavailable) @ http://localhost:3001/api/gpsjam:0
[ 1317631ms] [LOG] i18next::translator: missingKey en-US translation common.remove common.remove @ http://localhost:3001/node_modules/.vite/deps/i18next.js?v=d584b076:207
[ 1317642ms] [ERROR] [App] Telegram intel fetch failed: SyntaxError: Unexpected token 'i', "import { g"... is not valid JSON @ http://localhost:3001/src/app/data-loader.ts:2939
[ 1317689ms] [ERROR] [App] Telegram intel fetch failed: SyntaxError: Unexpected token 'i', "import { g"... is not valid JSON @ http://localhost:3001/src/app/data-loader.ts:2939
[ 1317744ms] [WARNING] [clerk] getClerkToken: no session (clerkInstance=false, user=false) @ http://localhost:3001/src/services/clerk.ts:127
[ 1317853ms] [ERROR] [Polymarket] Failed: Error: No markets returned — upstream may be down @ http://localhost:3001/src/utils/circuit-breaker.ts:298
[ 1317875ms] [ERROR] [Military Flight Tracking] Failed: Error: No flights returned — upstream may be down @ http://localhost:3001/src/utils/circuit-breaker.ts:298
[ 1317932ms] [ERROR] Failed to load resource: the server responded with a status of 404 (Not Found) @ http://localhost:3001/api/radiation/v1/list-radiation-observations?max_items=18:0
[ 1317935ms] [ERROR] Failed to load resource: the server responded with a status of 404 (Not Found) @ http://localhost:3001/api/thermal/v1/list-thermal-escalations?max_items=12:0
[ 1317939ms] [ERROR] [NWS Weather] Failed: SyntaxError: Unexpected token 'i', "import { g"... is not valid JSON @ http://localhost:3001/src/utils/circuit-breaker.ts:298
[ 1317940ms] [ERROR] [Radiation Watch] Failed: ApiError: Request failed with status 404 @ http://localhost:3001/src/utils/circuit-breaker.ts:298
[ 1317940ms] [ERROR] Failed to load resource: the server responded with a status of 404 (Not Found) @ http://localhost:3001/api/forecast/v1/get-forecasts:0
[ 1317941ms] [ERROR] [Thermal Escalation] Failed: ApiError: Request failed with status 404 @ http://localhost:3001/src/utils/circuit-breaker.ts:298
[ 1317959ms] [ERROR] Failed to load resource: the server responded with a status of 404 (Not Found) @ http://localhost:3001/api/forecast/v1/get-simulation-outcome:0
[ 1317993ms] [ERROR] Failed to load resource: the server responded with a status of 404 (Not Found) @ http://localhost:3001/api/sanctions/v1/list-sanctions-pressure?max_items=30:0
[ 1317993ms] [ERROR] [Sanctions Pressure] Failed: ApiError: Request failed with status 404 @ http://localhost:3001/src/utils/circuit-breaker.ts:298
[ 1318033ms] [LOG] [Intelligence] All signals loaded for CII calculation @ http://localhost:3001/src/app/data-loader.ts:1966
[ 1318207ms] [ERROR] The script has an unsupported MIME type ('text/html'). @ :0
[ 1318183ms] [WARNING] Failed to execute 'postMessage' on 'DOMWindow': The target origin provided ('https://www.youtube.com') does not match the recipient window's origin ('http://localhost:3001'). @ https://www.youtube.com/s/player/0980151a/www-widgetapi.vflset/www-widgetapi.js:209
[ 1318260ms] [WARNING] [PWA] Service worker registration failed: SecurityError: Failed to register a ServiceWorker for scope ('http://localhost:3001/') with script ('http://localhost:3001/sw.js'): The script has an unsupported MIME type ('text/html'). @ http://localhost:3001/src/main.ts?t=1777562979795:565
[ 1318310ms] [LOG] i18next::translator: missingKey en-US translation common.remove common.remove @ http://localhost:3001/node_modules/.vite/deps/i18next.js?v=d584b076:207
[ 1318762ms] [WARNING] Failed to execute 'postMessage' on 'DOMWindow': The target origin provided ('https://www.youtube.com') does not match the recipient window's origin ('http://localhost:3001'). @ https://www.youtube.com/s/player/0980151a/www-widgetapi.vflset/www-widgetapi.js:209
[ 1318827ms] [LOG] i18next::translator: missingKey en-US translation common.remove common.remove @ http://localhost:3001/node_modules/.vite/deps/i18next.js?v=d584b076:207
[ 1318932ms] [WARNING] Failed to execute 'postMessage' on 'DOMWindow': The target origin provided ('https://www.youtube.com') does not match the recipient window's origin ('http://localhost:3001'). @ https://www.youtube.com/s/player/0980151a/www-widgetapi.vflset/www-widgetapi.js:209
[ 1319007ms] [LOG] i18next::translator: missingKey en-US translation common.remove common.remove @ http://localhost:3001/node_modules/.vite/deps/i18next.js?v=d584b076:207
[ 1319127ms] [WARNING] Image "circle-11" could not be loaded. Please make sure you have added the image with map.addImage() or a "sprite" property in your style. You can provide missing images by listening for the "styleimagemissing" map event. @ http://localhost:3001/node_modules/.vite/deps/maplibre-gl.js?v=d584b076:312
[ 1319182ms] [WARNING] Failed to execute 'postMessage' on 'DOMWindow': The target origin provided ('https://www.youtube.com') does not match the recipient window's origin ('http://localhost:3001'). @ https://www.youtube.com/s/player/0980151a/www-widgetapi.vflset/www-widgetapi.js:209
[ 1319431ms] [WARNING] Failed to execute 'postMessage' on 'DOMWindow': The target origin provided ('https://www.youtube.com') does not match the recipient window's origin ('http://localhost:3001'). @ https://www.youtube.com/s/player/0980151a/www-widgetapi.vflset/www-widgetapi.js:209
[ 1319718ms] [WARNING] Failed to execute 'postMessage' on 'DOMWindow': The target origin provided ('https://www.youtube.com') does not match the recipient window's origin ('http://localhost:3001'). @ https://www.youtube.com/s/player/0980151a/www-widgetapi.vflset/www-widgetapi.js:209
[ 1319932ms] [WARNING] Failed to execute 'postMessage' on 'DOMWindow': The target origin provided ('https://www.youtube.com') does not match the recipient window's origin ('http://localhost:3001'). @ https://www.youtube.com/s/player/0980151a/www-widgetapi.vflset/www-widgetapi.js:209
[ 1320250ms] [WARNING] Failed to execute 'postMessage' on 'DOMWindow': The target origin provided ('https://www.youtube.com') does not match the recipient window's origin ('http://localhost:3001'). @ https://www.youtube.com/s/player/0980151a/www-widgetapi.vflset/www-widgetapi.js:209
[ 1320434ms] [WARNING] Failed to execute 'postMessage' on 'DOMWindow': The target origin provided ('https://www.youtube.com') does not match the recipient window's origin ('http://localhost:3001'). @ https://www.youtube.com/s/player/0980151a/www-widgetapi.vflset/www-widgetapi.js:209
[ 1320797ms] [WARNING] Failed to execute 'postMessage' on 'DOMWindow': The target origin provided ('https://www.youtube.com') does not match the recipient window's origin ('http://localhost:3001'). @ https://www.youtube.com/s/player/0980151a/www-widgetapi.vflset/www-widgetapi.js:209
[ 1320932ms] [WARNING] Failed to execute 'postMessage' on 'DOMWindow': The target origin provided ('https://www.youtube.com') does not match the recipient window's origin ('http://localhost:3001'). @ https://www.youtube.com/s/player/0980151a/www-widgetapi.vflset/www-widgetapi.js:209
[ 1321183ms] [WARNING] Failed to execute 'postMessage' on 'DOMWindow': The target origin provided ('https://www.youtube.com') does not match the recipient window's origin ('http://localhost:3001'). @ https://www.youtube.com/s/player/0980151a/www-widgetapi.vflset/www-widgetapi.js:209
[ 1325527ms] [WARNING] [News] Digest fetch failed, using fallback: TimeoutError: signal timed out @ http://localhost:3001/src/app/data-loader.ts:304
[ 1325541ms] [WARNING] [News] Digest missing for "markets", limited per-feed fallback disabled @ http://localhost:3001/src/app/data-loader.ts:848
[ 1325541ms] [WARNING] [News] Digest missing for "disasters", limited per-feed fallback disabled @ http://localhost:3001/src/app/data-loader.ts:848
[ 1327385ms] [LOG] [Search] Indexing 0 news items (allNews total: 0) @ http://localhost:3001/src/app/search-manager.ts:690
[ 1345068ms] [ERROR] Loading the script 'https://abacus.kopassus.monitor/script.js' violates the following Content Security Policy directive: "script-src 'self' 'sha256-LnMFPWZxTgVOr2VYwIh9mhQ3l/l3+a3SfNOLERnuHfY=' 'sha256-4Z2xtr1B9QQugoojE/nbpOViG+8l2B7CZVlKgC78AeQ=' 'sha256-903UI9my1I7mqHoiVeZSc56yd50YoRJTB2269QqL76w=' 'sha256-EytE6o1N8rwzpVFMrF+WvBZr2y5UhFLw79o1/4VqS0s=' 'wasm-unsafe-eval' https://www.youtube.com https://static.cloudflareinsights.com https://vercel.live https://challenges.cloudflare.com https://abacus.worldmonitor.app https://*.clerk.accounts.dev https://*.dodopayments.com https://js.stripe.com". Note that 'script-src-elem' was not explicitly set, so 'script-src' is used as a fallback. The action has been blocked. @ http://localhost:3001/?lat=-0.3633&lon=113.5484&zoom=3.71&view=indonesia&timeRange=7d&layers=conflicts%2Cbases%2Chotspots%2Cnuclear%2Csanctions%2Cweather%2Ceconomic%2Cwaterways%2Coutages%2Cmilitary%2Cnatural:0
[ 1345069ms] [ERROR] Executing inline script violates the following Content Security Policy directive 'script-src 'self' 'sha256-LnMFPWZxTgVOr2VYwIh9mhQ3l/l3+a3SfNOLERnuHfY=' 'sha256-4Z2xtr1B9QQugoojE/nbpOViG+8l2B7CZVlKgC78AeQ=' 'sha256-903UI9my1I7mqHoiVeZSc56yd50YoRJTB2269QqL76w=' 'sha256-EytE6o1N8rwzpVFMrF+WvBZr2y5UhFLw79o1/4VqS0s=' 'wasm-unsafe-eval' https://www.youtube.com https://static.cloudflareinsights.com https://vercel.live https://challenges.cloudflare.com https://abacus.worldmonitor.app https://*.clerk.accounts.dev https://*.dodopayments.com https://js.stripe.com'. Either the 'unsafe-inline' keyword, a hash ('sha256-BNN4UEEko1REertbvdEqNgt0fL5ykItf9IoM3JmlUwY='), or a nonce ('nonce-...') is required to enable inline execution. The action has been blocked. @ http://localhost:3001/?lat=-0.3633&lon=113.5484&zoom=3.71&view=indonesia&timeRange=7d&layers=conflicts%2Cbases%2Chotspots%2Cnuclear%2Csanctions%2Cweather%2Ceconomic%2Cwaterways%2Coutages%2Cmilitary%2Cnatural:121
[ 1346742ms] [ERROR] [feeds] DEFAULT_ENABLED name "Breaking Defense" not found in FULL_FEEDS! @ http://localhost:3001/src/config/feeds.ts:1171
[ 1346742ms] [LOG] [feeds] 107 unique default-enabled sources / 204 total @ http://localhost:3001/src/config/feeds.ts:1173
[ 1347012ms] [WARNING] THREE.THREE.Clock: This module has been deprecated. Please use THREE.Timer instead. @ http://localhost:3001/node_modules/.vite/deps/chunk-JENIRZW7.js?v=d584b076:296
[ 1347023ms] [ERROR] Loading the script 'https://va.vercel-scripts.com/v1/script.debug.js' violates the following Content Security Policy directive: "script-src 'self' 'sha256-LnMFPWZxTgVOr2VYwIh9mhQ3l/l3+a3SfNOLERnuHfY=' 'sha256-4Z2xtr1B9QQugoojE/nbpOViG+8l2B7CZVlKgC78AeQ=' 'sha256-903UI9my1I7mqHoiVeZSc56yd50YoRJTB2269QqL76w=' 'sha256-EytE6o1N8rwzpVFMrF+WvBZr2y5UhFLw79o1/4VqS0s=' 'wasm-unsafe-eval' https://www.youtube.com https://static.cloudflareinsights.com https://vercel.live https://challenges.cloudflare.com https://abacus.worldmonitor.app https://*.clerk.accounts.dev https://*.dodopayments.com https://js.stripe.com". Note that 'script-src-elem' was not explicitly set, so 'script-src' is used as a fallback. The action has been blocked. @ http://localhost:3001/node_modules/.vite/deps/@vercel_analytics.js?v=d584b076:185
[ 1347026ms] [LOG] [App] Variant check: stored="indonesia", current="indonesia" @ http://localhost:3001/src/App.ts?t=1777563010365:393
[ 1347027ms] [LOG] [App] Loaded panel settings from storage: [positive-feed, progress, counters, spotlight, breakthroughs, digest, species, renewable, giving, insights, commodity-news, liquidity-shifts, positioning-247, gold-silver, energy, mining-news, critical-minerals, base-metals, mining-companies, supply-chain, commodity-regulation, energy-complex, pipeline-status, oil-inventories, gold-intelligence, heatmap, macro-signals, trade-policy, sanctions-pressure, economic, gulf-economies, gcc-investments, consumer-prices, airline-intel, polymarket, world-clock, monitors, latest-brief, energy-risk-overview, chokepoint-strip, storage-facility-map, fuel-shortages, energy-disruptions, hormuz-tracker, energy-crisis, fuel-prices, climate, live-webcams, windy-webcams, ai, startups, vcblogs, regionalStartups, unicorns, accelerators, security, policy, layoffs, finance, crypto, hardware, cloud, dev, github, ipo, funding, producthunt, events, internet-disruptions, service-status, tech-readiness, etf-flows, stablecoins, tech-hubs, ai-regulation, stock-analysis, stock-backtest, daily-market-brief, markets-news, forex, bonds, commodities-news, crypto-news, crypto-heatmap, defi-tokens, ai-tokens, other-tokens, centralbanks, economic-news, macro-tiles, fear-greed, aaii-sentiment, market-breadth, fsi, yield-curve, earnings-calendar, economic-calendar, cot-positioning, derivatives, fintech] @ http://localhost:3001/src/App.ts?t=1777563010365:513
[ 1347031ms] [LOG] [entitlements] No VITE_CONVEX_URL — skipping Convex subscription @ http://localhost:3001/src/services/entitlements.ts:11
[ 1347031ms] [WARNING] [billing] No VITE_CONVEX_URL -- skipping subscription watch @ http://localhost:3001/src/services/billing.ts:19
[ 1347093ms] [LOG] [Vercel Web Analytics] Failed to load script from https://va.vercel-scripts.com/v1/script.debug.js. Please check if any ad blockers are enabled and try again. @ http://localhost:3001/node_modules/.vite/deps/@vercel_analytics.js?v=d584b076:181
[ 1347153ms] [INFO] 🌐 i18next is made possible by our own product, Locize — consider powering your project with managed localization (AI, CDN, integrations): https://locize.com 💙 @ http://localhost:3001/node_modules/.vite/deps/i18next.js?v=d584b076:1803
[ 1347159ms] [LOG] i18next: languageChanged en-US @ http://localhost:3001/node_modules/.vite/deps/i18next.js?v=d584b076:207
[ 1347159ms] [LOG] i18next: initialized {debug: true, initAsync: true, ns: Array(1), defaultNS: Array(1), fallbackLng: Array(1)} @ http://localhost:3001/node_modules/.vite/deps/i18next.js?v=d584b076:207
[ 1347216ms] [WARNING] [clerk] VITE_CLERK_PUBLISHABLE_KEY not set, auth disabled @ http://localhost:3001/src/services/clerk.ts:62
[ 1347247ms] [LOG] [MapContainer] Initializing deck.gl map (desktop mode) @ http://localhost:3001/src/components/MapContainer.ts:110
[ 1347296ms] [LOG] i18next::translator: missingKey en-US translation components.deckgl.layers.commodityPorts components.deckgl.layers.commodityPorts @ http://localhost:3001/node_modules/.vite/deps/i18next.js?v=d584b076:207
[ 1347297ms] [LOG] i18next::translator: missingKey en-US translation components.deckgl.layers.webcams components.deckgl.layers.webcams @ http://localhost:3001/node_modules/.vite/deps/i18next.js?v=d584b076:207
[ 1347297ms] [LOG] i18next::translator: missingKey en-US translation components.deckgl.layers.miningSites components.deckgl.layers.miningSites @ http://localhost:3001/node_modules/.vite/deps/i18next.js?v=d584b076:207
[ 1347297ms] [LOG] i18next::translator: missingKey en-US translation components.deckgl.layers.processingPlants components.deckgl.layers.processingPlants @ http://localhost:3001/node_modules/.vite/deps/i18next.js?v=d584b076:207
[ 1347298ms] [LOG] i18next::translator: missingKey en-US translation components.deckgl.layers.resilienceScore components.deckgl.layers.resilienceScore @ http://localhost:3001/node_modules/.vite/deps/i18next.js?v=d584b076:207
[ 1347298ms] [LOG] i18next::translator: missingKey en-US translation components.deckgl.layers.diseaseOutbreaks components.deckgl.layers.diseaseOutbreaks @ http://localhost:3001/node_modules/.vite/deps/i18next.js?v=d584b076:207
[ 1347299ms] [LOG] i18next::translator: missingKey en-US translation components.deckgl.layers.sanctions components.deckgl.layers.sanctions @ http://localhost:3001/node_modules/.vite/deps/i18next.js?v=d584b076:207
[ 1347307ms] [LOG] i18next::translator: missingKey en-US translation panels.cctvIpStream.infoTooltip panels.cctvIpStream.infoTooltip @ http://localhost:3001/node_modules/.vite/deps/i18next.js?v=d584b076:207
[ 1347387ms] [LOG] i18next::translator: missingKey en-US translation panels.disasters panels.disasters @ http://localhost:3001/node_modules/.vite/deps/i18next.js?v=d584b076:207
[ 1347387ms] [LOG] i18next::translator: missingKey en-US translation panels.positiveFeed panels.positiveFeed @ http://localhost:3001/node_modules/.vite/deps/i18next.js?v=d584b076:207
[ 1347388ms] [LOG] i18next::translator: missingKey en-US translation panels.progress panels.progress @ http://localhost:3001/node_modules/.vite/deps/i18next.js?v=d584b076:207
[ 1347388ms] [LOG] i18next::translator: missingKey en-US translation panels.counters panels.counters @ http://localhost:3001/node_modules/.vite/deps/i18next.js?v=d584b076:207
[ 1347388ms] [LOG] i18next::translator: missingKey en-US translation panels.spotlight panels.spotlight @ http://localhost:3001/node_modules/.vite/deps/i18next.js?v=d584b076:207
[ 1347389ms] [LOG] i18next::translator: missingKey en-US translation panels.breakthroughs panels.breakthroughs @ http://localhost:3001/node_modules/.vite/deps/i18next.js?v=d584b076:207
[ 1347389ms] [LOG] i18next::translator: missingKey en-US translation panels.digest panels.digest @ http://localhost:3001/node_modules/.vite/deps/i18next.js?v=d584b076:207
[ 1347389ms] [LOG] i18next::translator: missingKey en-US translation panels.species panels.species @ http://localhost:3001/node_modules/.vite/deps/i18next.js?v=d584b076:207
[ 1347390ms] [LOG] i18next::translator: missingKey en-US translation panels.renewable panels.renewable @ http://localhost:3001/node_modules/.vite/deps/i18next.js?v=d584b076:207
[ 1347390ms] [LOG] i18next::translator: missingKey en-US translation panels.commodityNews panels.commodityNews @ http://localhost:3001/node_modules/.vite/deps/i18next.js?v=d584b076:207
[ 1347390ms] [LOG] i18next::translator: missingKey en-US translation panels.liquidityShifts panels.liquidityShifts @ http://localhost:3001/node_modules/.vite/deps/i18next.js?v=d584b076:207
[ 1347390ms] [LOG] i18next::translator: missingKey en-US translation panels.positioning-247 panels.positioning-247 @ http://localhost:3001/node_modules/.vite/deps/i18next.js?v=d584b076:207
[ 1347390ms] [LOG] i18next::translator: missingKey en-US translation panels.goldSilver panels.goldSilver @ http://localhost:3001/node_modules/.vite/deps/i18next.js?v=d584b076:207
[ 1347391ms] [LOG] i18next::translator: missingKey en-US translation panels.miningNews panels.miningNews @ http://localhost:3001/node_modules/.vite/deps/i18next.js?v=d584b076:207
[ 1347391ms] [LOG] i18next::translator: missingKey en-US translation panels.criticalMinerals panels.criticalMinerals @ http://localhost:3001/node_modules/.vite/deps/i18next.js?v=d584b076:207
[ 1347391ms] [LOG] i18next::translator: missingKey en-US translation panels.baseMetals panels.baseMetals @ http://localhost:3001/node_modules/.vite/deps/i18next.js?v=d584b076:207
[ 1347391ms] [LOG] i18next::translator: missingKey en-US translation panels.miningCompanies panels.miningCompanies @ http://localhost:3001/node_modules/.vite/deps/i18next.js?v=d584b076:207
[ 1347391ms] [LOG] i18next::translator: missingKey en-US translation panels.commodityRegulation panels.commodityRegulation @ http://localhost:3001/node_modules/.vite/deps/i18next.js?v=d584b076:207
[ 1347392ms] [LOG] i18next::translator: missingKey en-US translation panels.pipelineStatus panels.pipelineStatus @ http://localhost:3001/node_modules/.vite/deps/i18next.js?v=d584b076:207
[ 1347392ms] [LOG] i18next::translator: missingKey en-US translation panels.sanctionsPressure panels.sanctionsPressure @ http://localhost:3001/node_modules/.vite/deps/i18next.js?v=d584b076:207
[ 1347392ms] [LOG] i18next::translator: missingKey en-US translation panels.worldClock panels.worldClock @ http://localhost:3001/node_modules/.vite/deps/i18next.js?v=d584b076:207
[ 1347393ms] [LOG] i18next::translator: missingKey en-US translation panels.latestBrief panels.latestBrief @ http://localhost:3001/node_modules/.vite/deps/i18next.js?v=d584b076:207
[ 1347393ms] [LOG] i18next::translator: missingKey en-US translation panels.energyRiskOverview panels.energyRiskOverview @ http://localhost:3001/node_modules/.vite/deps/i18next.js?v=d584b076:207
[ 1347393ms] [LOG] i18next::translator: missingKey en-US translation panels.chokepointStrip panels.chokepointStrip @ http://localhost:3001/node_modules/.vite/deps/i18next.js?v=d584b076:207
[ 1347393ms] [LOG] i18next::translator: missingKey en-US translation panels.storageFacilityMap panels.storageFacilityMap @ http://localhost:3001/node_modules/.vite/deps/i18next.js?v=d584b076:207
[ 1347393ms] [LOG] i18next::translator: missingKey en-US translation panels.fuelShortages panels.fuelShortages @ http://localhost:3001/node_modules/.vite/deps/i18next.js?v=d584b076:207
[ 1347393ms] [LOG] i18next::translator: missingKey en-US translation panels.energyDisruptions panels.energyDisruptions @ http://localhost:3001/node_modules/.vite/deps/i18next.js?v=d584b076:207
[ 1347394ms] [LOG] i18next::translator: missingKey en-US translation panels.hormuzTracker panels.hormuzTracker @ http://localhost:3001/node_modules/.vite/deps/i18next.js?v=d584b076:207
[ 1347395ms] [LOG] i18next::translator: missingKey en-US translation panels.aiRegulation panels.aiRegulation @ http://localhost:3001/node_modules/.vite/deps/i18next.js?v=d584b076:207
[ 1347395ms] [LOG] i18next::translator: missingKey en-US translation panels.stockAnalysis panels.stockAnalysis @ http://localhost:3001/node_modules/.vite/deps/i18next.js?v=d584b076:207
[ 1347395ms] [LOG] i18next::translator: missingKey en-US translation panels.stockBacktest panels.stockBacktest @ http://localhost:3001/node_modules/.vite/deps/i18next.js?v=d584b076:207
[ 1347395ms] [LOG] i18next::translator: missingKey en-US translation panels.dailyMarketBrief panels.dailyMarketBrief @ http://localhost:3001/node_modules/.vite/deps/i18next.js?v=d584b076:207
[ 1347395ms] [LOG] i18next::translator: missingKey en-US translation panels.marketsNews panels.marketsNews @ http://localhost:3001/node_modules/.vite/deps/i18next.js?v=d584b076:207
[ 1347396ms] [LOG] i18next::translator: missingKey en-US translation panels.forex panels.forex @ http://localhost:3001/node_modules/.vite/deps/i18next.js?v=d584b076:207
[ 1347396ms] [LOG] i18next::translator: missingKey en-US translation panels.bonds panels.bonds @ http://localhost:3001/node_modules/.vite/deps/i18next.js?v=d584b076:207
[ 1347396ms] [LOG] i18next::translator: missingKey en-US translation panels.commoditiesNews panels.commoditiesNews @ http://localhost:3001/node_modules/.vite/deps/i18next.js?v=d584b076:207
[ 1347396ms] [LOG] i18next::translator: missingKey en-US translation panels.cryptoNews panels.cryptoNews @ http://localhost:3001/node_modules/.vite/deps/i18next.js?v=d584b076:207
[ 1347396ms] [LOG] i18next::translator: missingKey en-US translation panels.cryptoHeatmap panels.cryptoHeatmap @ http://localhost:3001/node_modules/.vite/deps/i18next.js?v=d584b076:207
[ 1347397ms] [LOG] i18next::translator: missingKey en-US translation panels.defiTokens panels.defiTokens @ http://localhost:3001/node_modules/.vite/deps/i18next.js?v=d584b076:207
[ 1347397ms] [LOG] i18next::translator: missingKey en-US translation panels.aiTokens panels.aiTokens @ http://localhost:3001/node_modules/.vite/deps/i18next.js?v=d584b076:207
[ 1347397ms] [LOG] i18next::translator: missingKey en-US translation panels.otherTokens panels.otherTokens @ http://localhost:3001/node_modules/.vite/deps/i18next.js?v=d584b076:207
[ 1347397ms] [LOG] i18next::translator: missingKey en-US translation panels.centralbanks panels.centralbanks @ http://localhost:3001/node_modules/.vite/deps/i18next.js?v=d584b076:207
[ 1347397ms] [LOG] i18next::translator: missingKey en-US translation panels.economicNews panels.economicNews @ http://localhost:3001/node_modules/.vite/deps/i18next.js?v=d584b076:207
[ 1347397ms] [LOG] i18next::translator: missingKey en-US translation panels.macroTiles panels.macroTiles @ http://localhost:3001/node_modules/.vite/deps/i18next.js?v=d584b076:207
[ 1347398ms] [LOG] i18next::translator: missingKey en-US translation panels.aaiiSentiment panels.aaiiSentiment @ http://localhost:3001/node_modules/.vite/deps/i18next.js?v=d584b076:207
[ 1347398ms] [LOG] i18next::translator: missingKey en-US translation panels.fsi panels.fsi @ http://localhost:3001/node_modules/.vite/deps/i18next.js?v=d584b076:207
[ 1347398ms] [LOG] i18next::translator: missingKey en-US translation panels.yieldCurve panels.yieldCurve @ http://localhost:3001/node_modules/.vite/deps/i18next.js?v=d584b076:207
[ 1347398ms] [LOG] i18next::translator: missingKey en-US translation panels.earningsCalendar panels.earningsCalendar @ http://localhost:3001/node_modules/.vite/deps/i18next.js?v=d584b076:207
[ 1347398ms] [LOG] i18next::translator: missingKey en-US translation panels.economicCalendar panels.economicCalendar @ http://localhost:3001/node_modules/.vite/deps/i18next.js?v=d584b076:207
[ 1347399ms] [LOG] i18next::translator: missingKey en-US translation panels.cotPositioning panels.cotPositioning @ http://localhost:3001/node_modules/.vite/deps/i18next.js?v=d584b076:207
[ 1347399ms] [LOG] i18next::translator: missingKey en-US translation panels.derivatives panels.derivatives @ http://localhost:3001/node_modules/.vite/deps/i18next.js?v=d584b076:207
[ 1347399ms] [LOG] i18next::translator: missingKey en-US translation panels.fintech panels.fintech @ http://localhost:3001/node_modules/.vite/deps/i18next.js?v=d584b076:207
[ 1347399ms] [LOG] i18next::translator: missingKey en-US translation panels.institutional panels.institutional @ http://localhost:3001/node_modules/.vite/deps/i18next.js?v=d584b076:207
[ 1347399ms] [LOG] i18next::translator: missingKey en-US translation panels.analysis panels.analysis @ http://localhost:3001/node_modules/.vite/deps/i18next.js?v=d584b076:207
[ 1347399ms] [LOG] i18next::translator: missingKey en-US translation panels.gccNews panels.gccNews @ http://localhost:3001/node_modules/.vite/deps/i18next.js?v=d584b076:207
[ 1347400ms] [LOG] i18next::translator: missingKey en-US translation panels.forecast panels.forecast @ http://localhost:3001/node_modules/.vite/deps/i18next.js?v=d584b076:207
[ 1347400ms] [LOG] i18next::translator: missingKey en-US translation panels.militaryCorrelation panels.militaryCorrelation @ http://localhost:3001/node_modules/.vite/deps/i18next.js?v=d584b076:207
[ 1347400ms] [LOG] i18next::translator: missingKey en-US translation panels.escalationCorrelation panels.escalationCorrelation @ http://localhost:3001/node_modules/.vite/deps/i18next.js?v=d584b076:207
[ 1347400ms] [LOG] i18next::translator: missingKey en-US translation panels.economicCorrelation panels.economicCorrelation @ http://localhost:3001/node_modules/.vite/deps/i18next.js?v=d584b076:207
[ 1347400ms] [LOG] i18next::translator: missingKey en-US translation panels.disasterCorrelation panels.disasterCorrelation @ http://localhost:3001/node_modules/.vite/deps/i18next.js?v=d584b076:207
[ 1347401ms] [LOG] i18next::translator: missingKey en-US translation panels.chatAnalyst panels.chatAnalyst @ http://localhost:3001/node_modules/.vite/deps/i18next.js?v=d584b076:207
[ 1347401ms] [LOG] i18next::translator: missingKey en-US translation panels.diseaseOutbreaks panels.diseaseOutbreaks @ http://localhost:3001/node_modules/.vite/deps/i18next.js?v=d584b076:207
[ 1347402ms] [LOG] i18next::translator: missingKey en-US translation panels.socialVelocity panels.socialVelocity @ http://localhost:3001/node_modules/.vite/deps/i18next.js?v=d584b076:207
[ 1347402ms] [LOG] i18next::translator: missingKey en-US translation panels.defensePatents panels.defensePatents @ http://localhost:3001/node_modules/.vite/deps/i18next.js?v=d584b076:207
[ 1347402ms] [LOG] i18next::translator: missingKey en-US translation panels.radiationWatch panels.radiationWatch @ http://localhost:3001/node_modules/.vite/deps/i18next.js?v=d584b076:207
[ 1347402ms] [LOG] i18next::translator: missingKey en-US translation panels.thermalEscalation panels.thermalEscalation @ http://localhost:3001/node_modules/.vite/deps/i18next.js?v=d584b076:207
[ 1347403ms] [LOG] i18next::translator: missingKey en-US translation panels.nationalDebt panels.nationalDebt @ http://localhost:3001/node_modules/.vite/deps/i18next.js?v=d584b076:207
[ 1347403ms] [LOG] i18next::translator: missingKey en-US translation panels.crossSourceSignals panels.crossSourceSignals @ http://localhost:3001/node_modules/.vite/deps/i18next.js?v=d584b076:207
[ 1347403ms] [LOG] i18next::translator: missingKey en-US translation panels.regionalIntelligence panels.regionalIntelligence @ http://localhost:3001/node_modules/.vite/deps/i18next.js?v=d584b076:207
[ 1347525ms] [LOG] i18next::translator: missingKey en-US translation webcams.expand webcams.expand @ http://localhost:3001/node_modules/.vite/deps/i18next.js?v=d584b076:207
[ 1347526ms] [LOG] i18next::translator: missingKey en-US translation common.remove common.remove @ http://localhost:3001/node_modules/.vite/deps/i18next.js?v=d584b076:207
[ 1347526ms] [LOG] i18next::translator: missingKey en-US translation webcams.expand webcams.expand @ http://localhost:3001/node_modules/.vite/deps/i18next.js?v=d584b076:207
[ 1347526ms] [LOG] i18next::translator: missingKey en-US translation common.remove common.remove @ http://localhost:3001/node_modules/.vite/deps/i18next.js?v=d584b076:207
[ 1347526ms] [LOG] i18next::translator: missingKey en-US translation webcams.expand webcams.expand @ http://localhost:3001/node_modules/.vite/deps/i18next.js?v=d584b076:207
[ 1347527ms] [LOG] i18next::translator: missingKey en-US translation common.remove common.remove @ http://localhost:3001/node_modules/.vite/deps/i18next.js?v=d584b076:207
[ 1347527ms] [LOG] i18next::translator: missingKey en-US translation webcams.expand webcams.expand @ http://localhost:3001/node_modules/.vite/deps/i18next.js?v=d584b076:207
[ 1347527ms] [LOG] i18next::translator: missingKey en-US translation common.remove common.remove @ http://localhost:3001/node_modules/.vite/deps/i18next.js?v=d584b076:207
[ 1347802ms] [ERROR] Failed to load resource: the server responded with a status of 404 (Not Found) @ http://localhost:3001/api/health/v1/list-disease-outbreaks:0
[ 1347836ms] [ERROR] Failed to load resource: the server responded with a status of 503 (Service Unavailable) @ http://localhost:3001/api/gpsjam:0
[ 1347844ms] [ERROR] [App] Telegram intel fetch failed: SyntaxError: Unexpected token 'i', "import { g"... is not valid JSON @ http://localhost:3001/src/app/data-loader.ts:2939
[ 1347851ms] [WARNING] [clerk] getClerkToken: no session (clerkInstance=false, user=false) @ http://localhost:3001/src/services/clerk.ts:127
[ 1347883ms] [LOG] i18next::translator: missingKey en-US translation common.remove common.remove @ http://localhost:3001/node_modules/.vite/deps/i18next.js?v=d584b076:207
[ 1348098ms] [LOG] i18next::translator: missingKey en-US translation common.remove common.remove @ http://localhost:3001/node_modules/.vite/deps/i18next.js?v=d584b076:207
[ 1348164ms] [ERROR] [Polymarket] Failed: Error: No markets returned — upstream may be down @ http://localhost:3001/src/utils/circuit-breaker.ts:298
[ 1348187ms] [ERROR] [Military Flight Tracking] Failed: Error: No flights returned — upstream may be down @ http://localhost:3001/src/utils/circuit-breaker.ts:298
[ 1348205ms] [ERROR] [NWS Weather] Failed: SyntaxError: Unexpected token 'i', "import { g"... is not valid JSON @ http://localhost:3001/src/utils/circuit-breaker.ts:298
[ 1348207ms] [ERROR] [App] Telegram intel fetch failed: SyntaxError: Unexpected token 'i', "import { g"... is not valid JSON @ http://localhost:3001/src/app/data-loader.ts:2939
[ 1348207ms] [ERROR] Failed to load resource: the server responded with a status of 404 (Not Found) @ http://localhost:3001/api/radiation/v1/list-radiation-observations?max_items=18:0
[ 1348208ms] [ERROR] Failed to load resource: the server responded with a status of 404 (Not Found) @ http://localhost:3001/api/thermal/v1/list-thermal-escalations?max_items=12:0
[ 1348208ms] [ERROR] [Radiation Watch] Failed: ApiError: Request failed with status 404 @ http://localhost:3001/src/utils/circuit-breaker.ts:298
[ 1348209ms] [ERROR] [Thermal Escalation] Failed: ApiError: Request failed with status 404 @ http://localhost:3001/src/utils/circuit-breaker.ts:298
[ 1348256ms] [ERROR] Failed to load resource: the server responded with a status of 404 (Not Found) @ http://localhost:3001/api/sanctions/v1/list-sanctions-pressure?max_items=30:0
[ 1348257ms] [ERROR] Failed to load resource: the server responded with a status of 404 (Not Found) @ http://localhost:3001/api/forecast/v1/get-forecasts:0
[ 1348258ms] [ERROR] [Sanctions Pressure] Failed: ApiError: Request failed with status 404 @ http://localhost:3001/src/utils/circuit-breaker.ts:298
[ 1348261ms] [ERROR] Failed to load resource: the server responded with a status of 404 (Not Found) @ http://localhost:3001/api/forecast/v1/get-simulation-outcome:0
[ 1348278ms] [LOG] [Intelligence] All signals loaded for CII calculation @ http://localhost:3001/src/app/data-loader.ts:1966
[ 1348344ms] [WARNING] Failed to execute 'postMessage' on 'DOMWindow': The target origin provided ('https://www.youtube.com') does not match the recipient window's origin ('http://localhost:3001'). @ https://www.youtube.com/s/player/0980151a/www-widgetapi.vflset/www-widgetapi.js:209
[ 1349217ms] [WARNING] Failed to execute 'postMessage' on 'DOMWindow': The target origin provided ('https://www.youtube.com') does not match the recipient window's origin ('http://localhost:3001'). @ https://www.youtube.com/s/player/0980151a/www-widgetapi.vflset/www-widgetapi.js:209
[ 1349343ms] [WARNING] Failed to execute 'postMessage' on 'DOMWindow': The target origin provided ('https://www.youtube.com') does not match the recipient window's origin ('http://localhost:3001'). @ https://www.youtube.com/s/player/0980151a/www-widgetapi.vflset/www-widgetapi.js:209
[ 1349594ms] [WARNING] Failed to execute 'postMessage' on 'DOMWindow': The target origin provided ('https://www.youtube.com') does not match the recipient window's origin ('http://localhost:3001'). @ https://www.youtube.com/s/player/0980151a/www-widgetapi.vflset/www-widgetapi.js:209
[ 1349843ms] [WARNING] Failed to execute 'postMessage' on 'DOMWindow': The target origin provided ('https://www.youtube.com') does not match the recipient window's origin ('http://localhost:3001'). @ https://www.youtube.com/s/player/0980151a/www-widgetapi.vflset/www-widgetapi.js:209
[ 1349908ms] [ERROR] The script has an unsupported MIME type ('text/html'). @ :0
[ 1349909ms] [WARNING] [PWA] Service worker registration failed: SecurityError: Failed to register a ServiceWorker for scope ('http://localhost:3001/') with script ('http://localhost:3001/sw.js'): The script has an unsupported MIME type ('text/html'). @ http://localhost:3001/src/main.ts?t=1777563010365:565
[ 1350005ms] [LOG] i18next::translator: missingKey en-US translation common.remove common.remove @ http://localhost:3001/node_modules/.vite/deps/i18next.js?v=d584b076:207
[ 1350093ms] [WARNING] Failed to execute 'postMessage' on 'DOMWindow': The target origin provided ('https://www.youtube.com') does not match the recipient window's origin ('http://localhost:3001'). @ https://www.youtube.com/s/player/0980151a/www-widgetapi.vflset/www-widgetapi.js:209
[ 1350269ms] [WARNING] Image "circle-11" could not be loaded. Please make sure you have added the image with map.addImage() or a "sprite" property in your style. You can provide missing images by listening for the "styleimagemissing" map event. @ http://localhost:3001/node_modules/.vite/deps/maplibre-gl.js?v=d584b076:312
[ 1350295ms] [LOG] i18next::translator: missingKey en-US translation common.remove common.remove @ http://localhost:3001/node_modules/.vite/deps/i18next.js?v=d584b076:207
[ 1350376ms] [WARNING] Failed to execute 'postMessage' on 'DOMWindow': The target origin provided ('https://www.youtube.com') does not match the recipient window's origin ('http://localhost:3001'). @ https://www.youtube.com/s/player/0980151a/www-widgetapi.vflset/www-widgetapi.js:209
[ 1355694ms] [WARNING] [News] Digest fetch failed, using fallback: TimeoutError: signal timed out @ http://localhost:3001/src/app/data-loader.ts:304
[ 1355706ms] [WARNING] [News] Digest missing for "markets", limited per-feed fallback disabled @ http://localhost:3001/src/app/data-loader.ts:848
[ 1355707ms] [WARNING] [News] Digest missing for "disasters", limited per-feed fallback disabled @ http://localhost:3001/src/app/data-loader.ts:848
[ 1357534ms] [LOG] [Search] Indexing 0 news items (allNews total: 0) @ http://localhost:3001/src/app/search-manager.ts:690
[ 1359753ms] [ERROR] Loading the script 'https://abacus.kopassus.monitor/script.js' violates the following Content Security Policy directive: "script-src 'self' 'sha256-LnMFPWZxTgVOr2VYwIh9mhQ3l/l3+a3SfNOLERnuHfY=' 'sha256-4Z2xtr1B9QQugoojE/nbpOViG+8l2B7CZVlKgC78AeQ=' 'sha256-903UI9my1I7mqHoiVeZSc56yd50YoRJTB2269QqL76w=' 'sha256-EytE6o1N8rwzpVFMrF+WvBZr2y5UhFLw79o1/4VqS0s=' 'wasm-unsafe-eval' https://www.youtube.com https://static.cloudflareinsights.com https://vercel.live https://challenges.cloudflare.com https://abacus.worldmonitor.app https://*.clerk.accounts.dev https://*.dodopayments.com https://js.stripe.com". Note that 'script-src-elem' was not explicitly set, so 'script-src' is used as a fallback. The action has been blocked. @ http://localhost:3001/?lat=-0.3633&lon=113.5484&zoom=3.71&view=indonesia&timeRange=7d&layers=conflicts%2Cbases%2Chotspots%2Cnuclear%2Csanctions%2Cweather%2Ceconomic%2Cwaterways%2Coutages%2Cmilitary%2Cnatural:0
[ 1359753ms] [ERROR] Executing inline script violates the following Content Security Policy directive 'script-src 'self' 'sha256-LnMFPWZxTgVOr2VYwIh9mhQ3l/l3+a3SfNOLERnuHfY=' 'sha256-4Z2xtr1B9QQugoojE/nbpOViG+8l2B7CZVlKgC78AeQ=' 'sha256-903UI9my1I7mqHoiVeZSc56yd50YoRJTB2269QqL76w=' 'sha256-EytE6o1N8rwzpVFMrF+WvBZr2y5UhFLw79o1/4VqS0s=' 'wasm-unsafe-eval' https://www.youtube.com https://static.cloudflareinsights.com https://vercel.live https://challenges.cloudflare.com https://abacus.worldmonitor.app https://*.clerk.accounts.dev https://*.dodopayments.com https://js.stripe.com'. Either the 'unsafe-inline' keyword, a hash ('sha256-BNN4UEEko1REertbvdEqNgt0fL5ykItf9IoM3JmlUwY='), or a nonce ('nonce-...') is required to enable inline execution. The action has been blocked. @ http://localhost:3001/?lat=-0.3633&lon=113.5484&zoom=3.71&view=indonesia&timeRange=7d&layers=conflicts%2Cbases%2Chotspots%2Cnuclear%2Csanctions%2Cweather%2Ceconomic%2Cwaterways%2Coutages%2Cmilitary%2Cnatural:121
[ 1362016ms] [ERROR] [feeds] DEFAULT_ENABLED name "Breaking Defense" not found in FULL_FEEDS! @ http://localhost:3001/src/config/feeds.ts:1171
[ 1362016ms] [LOG] [feeds] 107 unique default-enabled sources / 204 total @ http://localhost:3001/src/config/feeds.ts:1173
[ 1362282ms] [WARNING] THREE.THREE.Clock: This module has been deprecated. Please use THREE.Timer instead. @ http://localhost:3001/node_modules/.vite/deps/chunk-JENIRZW7.js?v=d584b076:296
[ 1362294ms] [ERROR] Loading the script 'https://va.vercel-scripts.com/v1/script.debug.js' violates the following Content Security Policy directive: "script-src 'self' 'sha256-LnMFPWZxTgVOr2VYwIh9mhQ3l/l3+a3SfNOLERnuHfY=' 'sha256-4Z2xtr1B9QQugoojE/nbpOViG+8l2B7CZVlKgC78AeQ=' 'sha256-903UI9my1I7mqHoiVeZSc56yd50YoRJTB2269QqL76w=' 'sha256-EytE6o1N8rwzpVFMrF+WvBZr2y5UhFLw79o1/4VqS0s=' 'wasm-unsafe-eval' https://www.youtube.com https://static.cloudflareinsights.com https://vercel.live https://challenges.cloudflare.com https://abacus.worldmonitor.app https://*.clerk.accounts.dev https://*.dodopayments.com https://js.stripe.com". Note that 'script-src-elem' was not explicitly set, so 'script-src' is used as a fallback. The action has been blocked. @ http://localhost:3001/node_modules/.vite/deps/@vercel_analytics.js?v=d584b076:185
[ 1362297ms] [LOG] [App] Variant check: stored="indonesia", current="indonesia" @ http://localhost:3001/src/App.ts?t=1777563025051:393
[ 1362298ms] [LOG] [App] Loaded panel settings from storage: [positive-feed, progress, counters, spotlight, breakthroughs, digest, species, renewable, giving, insights, commodity-news, liquidity-shifts, positioning-247, gold-silver, energy, mining-news, critical-minerals, base-metals, mining-companies, supply-chain, commodity-regulation, energy-complex, pipeline-status, oil-inventories, gold-intelligence, heatmap, macro-signals, trade-policy, sanctions-pressure, economic, gulf-economies, gcc-investments, consumer-prices, airline-intel, polymarket, world-clock, monitors, latest-brief, energy-risk-overview, chokepoint-strip, storage-facility-map, fuel-shortages, energy-disruptions, hormuz-tracker, energy-crisis, fuel-prices, climate, live-webcams, windy-webcams, ai, startups, vcblogs, regionalStartups, unicorns, accelerators, security, policy, layoffs, finance, crypto, hardware, cloud, dev, github, ipo, funding, producthunt, events, internet-disruptions, service-status, tech-readiness, etf-flows, stablecoins, tech-hubs, ai-regulation, stock-analysis, stock-backtest, daily-market-brief, markets-news, forex, bonds, commodities-news, crypto-news, crypto-heatmap, defi-tokens, ai-tokens, other-tokens, centralbanks, economic-news, macro-tiles, fear-greed, aaii-sentiment, market-breadth, fsi, yield-curve, earnings-calendar, economic-calendar, cot-positioning, derivatives, fintech] @ http://localhost:3001/src/App.ts?t=1777563025051:513
[ 1362301ms] [LOG] [entitlements] No VITE_CONVEX_URL — skipping Convex subscription @ http://localhost:3001/src/services/entitlements.ts:11
[ 1362301ms] [WARNING] [billing] No VITE_CONVEX_URL -- skipping subscription watch @ http://localhost:3001/src/services/billing.ts:19
[ 1362354ms] [LOG] [Vercel Web Analytics] Failed to load script from https://va.vercel-scripts.com/v1/script.debug.js. Please check if any ad blockers are enabled and try again. @ http://localhost:3001/node_modules/.vite/deps/@vercel_analytics.js?v=d584b076:181
[ 1362425ms] [INFO] 🌐 i18next is made possible by our own product, Locize — consider powering your project with managed localization (AI, CDN, integrations): https://locize.com 💙 @ http://localhost:3001/node_modules/.vite/deps/i18next.js?v=d584b076:1803
[ 1362429ms] [LOG] i18next: languageChanged en-US @ http://localhost:3001/node_modules/.vite/deps/i18next.js?v=d584b076:207
[ 1362429ms] [LOG] i18next: initialized {debug: true, initAsync: true, ns: Array(1), defaultNS: Array(1), fallbackLng: Array(1)} @ http://localhost:3001/node_modules/.vite/deps/i18next.js?v=d584b076:207
[ 1362481ms] [WARNING] [clerk] VITE_CLERK_PUBLISHABLE_KEY not set, auth disabled @ http://localhost:3001/src/services/clerk.ts:62
[ 1362504ms] [LOG] [MapContainer] Initializing deck.gl map (desktop mode) @ http://localhost:3001/src/components/MapContainer.ts:110
[ 1362537ms] [LOG] i18next::translator: missingKey en-US translation components.deckgl.layers.commodityPorts components.deckgl.layers.commodityPorts @ http://localhost:3001/node_modules/.vite/deps/i18next.js?v=d584b076:207
[ 1362537ms] [LOG] i18next::translator: missingKey en-US translation components.deckgl.layers.webcams components.deckgl.layers.webcams @ http://localhost:3001/node_modules/.vite/deps/i18next.js?v=d584b076:207
[ 1362537ms] [LOG] i18next::translator: missingKey en-US translation components.deckgl.layers.miningSites components.deckgl.layers.miningSites @ http://localhost:3001/node_modules/.vite/deps/i18next.js?v=d584b076:207
[ 1362537ms] [LOG] i18next::translator: missingKey en-US translation components.deckgl.layers.processingPlants components.deckgl.layers.processingPlants @ http://localhost:3001/node_modules/.vite/deps/i18next.js?v=d584b076:207
[ 1362538ms] [LOG] i18next::translator: missingKey en-US translation components.deckgl.layers.resilienceScore components.deckgl.layers.resilienceScore @ http://localhost:3001/node_modules/.vite/deps/i18next.js?v=d584b076:207
[ 1362539ms] [LOG] i18next::translator: missingKey en-US translation components.deckgl.layers.diseaseOutbreaks components.deckgl.layers.diseaseOutbreaks @ http://localhost:3001/node_modules/.vite/deps/i18next.js?v=d584b076:207
[ 1362539ms] [LOG] i18next::translator: missingKey en-US translation components.deckgl.layers.sanctions components.deckgl.layers.sanctions @ http://localhost:3001/node_modules/.vite/deps/i18next.js?v=d584b076:207
[ 1362548ms] [LOG] i18next::translator: missingKey en-US translation panels.cctvIpStream.infoTooltip panels.cctvIpStream.infoTooltip @ http://localhost:3001/node_modules/.vite/deps/i18next.js?v=d584b076:207
[ 1362622ms] [LOG] i18next::translator: missingKey en-US translation panels.disasters panels.disasters @ http://localhost:3001/node_modules/.vite/deps/i18next.js?v=d584b076:207
[ 1362622ms] [LOG] i18next::translator: missingKey en-US translation panels.positiveFeed panels.positiveFeed @ http://localhost:3001/node_modules/.vite/deps/i18next.js?v=d584b076:207
[ 1362622ms] [LOG] i18next::translator: missingKey en-US translation panels.progress panels.progress @ http://localhost:3001/node_modules/.vite/deps/i18next.js?v=d584b076:207
[ 1362622ms] [LOG] i18next::translator: missingKey en-US translation panels.counters panels.counters @ http://localhost:3001/node_modules/.vite/deps/i18next.js?v=d584b076:207
[ 1362623ms] [LOG] i18next::translator: missingKey en-US translation panels.spotlight panels.spotlight @ http://localhost:3001/node_modules/.vite/deps/i18next.js?v=d584b076:207
[ 1362623ms] [LOG] i18next::translator: missingKey en-US translation panels.breakthroughs panels.breakthroughs @ http://localhost:3001/node_modules/.vite/deps/i18next.js?v=d584b076:207
[ 1362623ms] [LOG] i18next::translator: missingKey en-US translation panels.digest panels.digest @ http://localhost:3001/node_modules/.vite/deps/i18next.js?v=d584b076:207
[ 1362623ms] [LOG] i18next::translator: missingKey en-US translation panels.species panels.species @ http://localhost:3001/node_modules/.vite/deps/i18next.js?v=d584b076:207
[ 1362623ms] [LOG] i18next::translator: missingKey en-US translation panels.renewable panels.renewable @ http://localhost:3001/node_modules/.vite/deps/i18next.js?v=d584b076:207
[ 1362623ms] [LOG] i18next::translator: missingKey en-US translation panels.commodityNews panels.commodityNews @ http://localhost:3001/node_modules/.vite/deps/i18next.js?v=d584b076:207
[ 1362624ms] [LOG] i18next::translator: missingKey en-US translation panels.liquidityShifts panels.liquidityShifts @ http://localhost:3001/node_modules/.vite/deps/i18next.js?v=d584b076:207
[ 1362624ms] [LOG] i18next::translator: missingKey en-US translation panels.positioning-247 panels.positioning-247 @ http://localhost:3001/node_modules/.vite/deps/i18next.js?v=d584b076:207
[ 1362624ms] [LOG] i18next::translator: missingKey en-US translation panels.goldSilver panels.goldSilver @ http://localhost:3001/node_modules/.vite/deps/i18next.js?v=d584b076:207
[ 1362624ms] [LOG] i18next::translator: missingKey en-US translation panels.miningNews panels.miningNews @ http://localhost:3001/node_modules/.vite/deps/i18next.js?v=d584b076:207
[ 1362624ms] [LOG] i18next::translator: missingKey en-US translation panels.criticalMinerals panels.criticalMinerals @ http://localhost:3001/node_modules/.vite/deps/i18next.js?v=d584b076:207
[ 1362624ms] [LOG] i18next::translator: missingKey en-US translation panels.baseMetals panels.baseMetals @ http://localhost:3001/node_modules/.vite/deps/i18next.js?v=d584b076:207
[ 1362625ms] [LOG] i18next::translator: missingKey en-US translation panels.miningCompanies panels.miningCompanies @ http://localhost:3001/node_modules/.vite/deps/i18next.js?v=d584b076:207
[ 1362625ms] [LOG] i18next::translator: missingKey en-US translation panels.commodityRegulation panels.commodityRegulation @ http://localhost:3001/node_modules/.vite/deps/i18next.js?v=d584b076:207
[ 1362625ms] [LOG] i18next::translator: missingKey en-US translation panels.pipelineStatus panels.pipelineStatus @ http://localhost:3001/node_modules/.vite/deps/i18next.js?v=d584b076:207
[ 1362625ms] [LOG] i18next::translator: missingKey en-US translation panels.sanctionsPressure panels.sanctionsPressure @ http://localhost:3001/node_modules/.vite/deps/i18next.js?v=d584b076:207
[ 1362626ms] [LOG] i18next::translator: missingKey en-US translation panels.worldClock panels.worldClock @ http://localhost:3001/node_modules/.vite/deps/i18next.js?v=d584b076:207
[ 1362626ms] [LOG] i18next::translator: missingKey en-US translation panels.latestBrief panels.latestBrief @ http://localhost:3001/node_modules/.vite/deps/i18next.js?v=d584b076:207
[ 1362626ms] [LOG] i18next::translator: missingKey en-US translation panels.energyRiskOverview panels.energyRiskOverview @ http://localhost:3001/node_modules/.vite/deps/i18next.js?v=d584b076:207
[ 1362626ms] [LOG] i18next::translator: missingKey en-US translation panels.chokepointStrip panels.chokepointStrip @ http://localhost:3001/node_modules/.vite/deps/i18next.js?v=d584b076:207
[ 1362626ms] [LOG] i18next::translator: missingKey en-US translation panels.storageFacilityMap panels.storageFacilityMap @ http://localhost:3001/node_modules/.vite/deps/i18next.js?v=d584b076:207
[ 1362626ms] [LOG] i18next::translator: missingKey en-US translation panels.fuelShortages panels.fuelShortages @ http://localhost:3001/node_modules/.vite/deps/i18next.js?v=d584b076:207
[ 1362627ms] [LOG] i18next::translator: missingKey en-US translation panels.energyDisruptions panels.energyDisruptions @ http://localhost:3001/node_modules/.vite/deps/i18next.js?v=d584b076:207
[ 1362627ms] [LOG] i18next::translator: missingKey en-US translation panels.hormuzTracker panels.hormuzTracker @ http://localhost:3001/node_modules/.vite/deps/i18next.js?v=d584b076:207
[ 1362628ms] [LOG] i18next::translator: missingKey en-US translation panels.aiRegulation panels.aiRegulation @ http://localhost:3001/node_modules/.vite/deps/i18next.js?v=d584b076:207
[ 1362628ms] [LOG] i18next::translator: missingKey en-US translation panels.stockAnalysis panels.stockAnalysis @ http://localhost:3001/node_modules/.vite/deps/i18next.js?v=d584b076:207
[ 1362628ms] [LOG] i18next::translator: missingKey en-US translation panels.stockBacktest panels.stockBacktest @ http://localhost:3001/node_modules/.vite/deps/i18next.js?v=d584b076:207
[ 1362628ms] [LOG] i18next::translator: missingKey en-US translation panels.dailyMarketBrief panels.dailyMarketBrief @ http://localhost:3001/node_modules/.vite/deps/i18next.js?v=d584b076:207
[ 1362629ms] [LOG] i18next::translator: missingKey en-US translation panels.marketsNews panels.marketsNews @ http://localhost:3001/node_modules/.vite/deps/i18next.js?v=d584b076:207
[ 1362629ms] [LOG] i18next::translator: missingKey en-US translation panels.forex panels.forex @ http://localhost:3001/node_modules/.vite/deps/i18next.js?v=d584b076:207
[ 1362629ms] [LOG] i18next::translator: missingKey en-US translation panels.bonds panels.bonds @ http://localhost:3001/node_modules/.vite/deps/i18next.js?v=d584b076:207
[ 1362629ms] [LOG] i18next::translator: missingKey en-US translation panels.commoditiesNews panels.commoditiesNews @ http://localhost:3001/node_modules/.vite/deps/i18next.js?v=d584b076:207
[ 1362629ms] [LOG] i18next::translator: missingKey en-US translation panels.cryptoNews panels.cryptoNews @ http://localhost:3001/node_modules/.vite/deps/i18next.js?v=d584b076:207
[ 1362629ms] [LOG] i18next::translator: missingKey en-US translation panels.cryptoHeatmap panels.cryptoHeatmap @ http://localhost:3001/node_modules/.vite/deps/i18next.js?v=d584b076:207
[ 1362630ms] [LOG] i18next::translator: missingKey en-US translation panels.defiTokens panels.defiTokens @ http://localhost:3001/node_modules/.vite/deps/i18next.js?v=d584b076:207
[ 1362630ms] [LOG] i18next::translator: missingKey en-US translation panels.aiTokens panels.aiTokens @ http://localhost:3001/node_modules/.vite/deps/i18next.js?v=d584b076:207
[ 1362630ms] [LOG] i18next::translator: missingKey en-US translation panels.otherTokens panels.otherTokens @ http://localhost:3001/node_modules/.vite/deps/i18next.js?v=d584b076:207
[ 1362630ms] [LOG] i18next::translator: missingKey en-US translation panels.centralbanks panels.centralbanks @ http://localhost:3001/node_modules/.vite/deps/i18next.js?v=d584b076:207
[ 1362630ms] [LOG] i18next::translator: missingKey en-US translation panels.economicNews panels.economicNews @ http://localhost:3001/node_modules/.vite/deps/i18next.js?v=d584b076:207
[ 1362630ms] [LOG] i18next::translator: missingKey en-US translation panels.macroTiles panels.macroTiles @ http://localhost:3001/node_modules/.vite/deps/i18next.js?v=d584b076:207
[ 1362631ms] [LOG] i18next::translator: missingKey en-US translation panels.aaiiSentiment panels.aaiiSentiment @ http://localhost:3001/node_modules/.vite/deps/i18next.js?v=d584b076:207
[ 1362631ms] [LOG] i18next::translator: missingKey en-US translation panels.fsi panels.fsi @ http://localhost:3001/node_modules/.vite/deps/i18next.js?v=d584b076:207
[ 1362631ms] [LOG] i18next::translator: missingKey en-US translation panels.yieldCurve panels.yieldCurve @ http://localhost:3001/node_modules/.vite/deps/i18next.js?v=d584b076:207
[ 1362631ms] [LOG] i18next::translator: missingKey en-US translation panels.earningsCalendar panels.earningsCalendar @ http://localhost:3001/node_modules/.vite/deps/i18next.js?v=d584b076:207
[ 1362631ms] [LOG] i18next::translator: missingKey en-US translation panels.economicCalendar panels.economicCalendar @ http://localhost:3001/node_modules/.vite/deps/i18next.js?v=d584b076:207
[ 1362631ms] [LOG] i18next::translator: missingKey en-US translation panels.cotPositioning panels.cotPositioning @ http://localhost:3001/node_modules/.vite/deps/i18next.js?v=d584b076:207
[ 1362632ms] [LOG] i18next::translator: missingKey en-US translation panels.derivatives panels.derivatives @ http://localhost:3001/node_modules/.vite/deps/i18next.js?v=d584b076:207
[ 1362632ms] [LOG] i18next::translator: missingKey en-US translation panels.fintech panels.fintech @ http://localhost:3001/node_modules/.vite/deps/i18next.js?v=d584b076:207
[ 1362632ms] [LOG] i18next::translator: missingKey en-US translation panels.institutional panels.institutional @ http://localhost:3001/node_modules/.vite/deps/i18next.js?v=d584b076:207
[ 1362632ms] [LOG] i18next::translator: missingKey en-US translation panels.analysis panels.analysis @ http://localhost:3001/node_modules/.vite/deps/i18next.js?v=d584b076:207
[ 1362632ms] [LOG] i18next::translator: missingKey en-US translation panels.gccNews panels.gccNews @ http://localhost:3001/node_modules/.vite/deps/i18next.js?v=d584b076:207
[ 1362632ms] [LOG] i18next::translator: missingKey en-US translation panels.forecast panels.forecast @ http://localhost:3001/node_modules/.vite/deps/i18next.js?v=d584b076:207
[ 1362633ms] [LOG] i18next::translator: missingKey en-US translation panels.militaryCorrelation panels.militaryCorrelation @ http://localhost:3001/node_modules/.vite/deps/i18next.js?v=d584b076:207
[ 1362633ms] [LOG] i18next::translator: missingKey en-US translation panels.escalationCorrelation panels.escalationCorrelation @ http://localhost:3001/node_modules/.vite/deps/i18next.js?v=d584b076:207
[ 1362633ms] [LOG] i18next::translator: missingKey en-US translation panels.economicCorrelation panels.economicCorrelation @ http://localhost:3001/node_modules/.vite/deps/i18next.js?v=d584b076:207
[ 1362634ms] [LOG] i18next::translator: missingKey en-US translation panels.disasterCorrelation panels.disasterCorrelation @ http://localhost:3001/node_modules/.vite/deps/i18next.js?v=d584b076:207
[ 1362634ms] [LOG] i18next::translator: missingKey en-US translation panels.chatAnalyst panels.chatAnalyst @ http://localhost:3001/node_modules/.vite/deps/i18next.js?v=d584b076:207
[ 1362634ms] [LOG] i18next::translator: missingKey en-US translation panels.diseaseOutbreaks panels.diseaseOutbreaks @ http://localhost:3001/node_modules/.vite/deps/i18next.js?v=d584b076:207
[ 1362635ms] [LOG] i18next::translator: missingKey en-US translation panels.socialVelocity panels.socialVelocity @ http://localhost:3001/node_modules/.vite/deps/i18next.js?v=d584b076:207
[ 1362635ms] [LOG] i18next::translator: missingKey en-US translation panels.defensePatents panels.defensePatents @ http://localhost:3001/node_modules/.vite/deps/i18next.js?v=d584b076:207
[ 1362635ms] [LOG] i18next::translator: missingKey en-US translation panels.radiationWatch panels.radiationWatch @ http://localhost:3001/node_modules/.vite/deps/i18next.js?v=d584b076:207
[ 1362635ms] [LOG] i18next::translator: missingKey en-US translation panels.thermalEscalation panels.thermalEscalation @ http://localhost:3001/node_modules/.vite/deps/i18next.js?v=d584b076:207
[ 1362636ms] [LOG] i18next::translator: missingKey en-US translation panels.nationalDebt panels.nationalDebt @ http://localhost:3001/node_modules/.vite/deps/i18next.js?v=d584b076:207
[ 1362636ms] [LOG] i18next::translator: missingKey en-US translation panels.crossSourceSignals panels.crossSourceSignals @ http://localhost:3001/node_modules/.vite/deps/i18next.js?v=d584b076:207
[ 1362636ms] [LOG] i18next::translator: missingKey en-US translation panels.regionalIntelligence panels.regionalIntelligence @ http://localhost:3001/node_modules/.vite/deps/i18next.js?v=d584b076:207
[ 1362794ms] [LOG] i18next::translator: missingKey en-US translation webcams.expand webcams.expand @ http://localhost:3001/node_modules/.vite/deps/i18next.js?v=d584b076:207
[ 1362794ms] [LOG] i18next::translator: missingKey en-US translation common.remove common.remove @ http://localhost:3001/node_modules/.vite/deps/i18next.js?v=d584b076:207
[ 1362795ms] [LOG] i18next::translator: missingKey en-US translation webcams.expand webcams.expand @ http://localhost:3001/node_modules/.vite/deps/i18next.js?v=d584b076:207
[ 1362795ms] [LOG] i18next::translator: missingKey en-US translation common.remove common.remove @ http://localhost:3001/node_modules/.vite/deps/i18next.js?v=d584b076:207
[ 1362796ms] [LOG] i18next::translator: missingKey en-US translation webcams.expand webcams.expand @ http://localhost:3001/node_modules/.vite/deps/i18next.js?v=d584b076:207
[ 1362796ms] [LOG] i18next::translator: missingKey en-US translation common.remove common.remove @ http://localhost:3001/node_modules/.vite/deps/i18next.js?v=d584b076:207
[ 1362796ms] [LOG] i18next::translator: missingKey en-US translation webcams.expand webcams.expand @ http://localhost:3001/node_modules/.vite/deps/i18next.js?v=d584b076:207
[ 1362797ms] [LOG] i18next::translator: missingKey en-US translation common.remove common.remove @ http://localhost:3001/node_modules/.vite/deps/i18next.js?v=d584b076:207
[ 1363098ms] [WARNING] [clerk] getClerkToken: no session (clerkInstance=false, user=false) @ http://localhost:3001/src/services/clerk.ts:127
[ 1363199ms] [ERROR] Failed to load resource: the server responded with a status of 404 (Not Found) @ http://localhost:3001/api/health/v1/list-disease-outbreaks:0
[ 1363201ms] [ERROR] Failed to load resource: the server responded with a status of 503 (Service Unavailable) @ http://localhost:3001/api/gpsjam:0
[ 1363227ms] [ERROR] [App] Telegram intel fetch failed: SyntaxError: Unexpected token 'i', "import { g"... is not valid JSON @ http://localhost:3001/src/app/data-loader.ts:2939
[ 1363276ms] [ERROR] [Polymarket] Failed: Error: No markets returned — upstream may be down @ http://localhost:3001/src/utils/circuit-breaker.ts:298
[ 1363301ms] [ERROR] [Military Flight Tracking] Failed: Error: No flights returned — upstream may be down @ http://localhost:3001/src/utils/circuit-breaker.ts:298
[ 1363313ms] [ERROR] Failed to load resource: the server responded with a status of 404 (Not Found) @ http://localhost:3001/api/radiation/v1/list-radiation-observations?max_items=18:0
[ 1363314ms] [ERROR] [Radiation Watch] Failed: ApiError: Request failed with status 404 @ http://localhost:3001/src/utils/circuit-breaker.ts:298
[ 1363314ms] [ERROR] Failed to load resource: the server responded with a status of 404 (Not Found) @ http://localhost:3001/api/thermal/v1/list-thermal-escalations?max_items=12:0
[ 1363315ms] [ERROR] [Thermal Escalation] Failed: ApiError: Request failed with status 404 @ http://localhost:3001/src/utils/circuit-breaker.ts:298
[ 1363335ms] [ERROR] [NWS Weather] Failed: SyntaxError: Unexpected token 'i', "import { g"... is not valid JSON @ http://localhost:3001/src/utils/circuit-breaker.ts:298
[ 1363412ms] [ERROR] Failed to load resource: the server responded with a status of 404 (Not Found) @ http://localhost:3001/api/sanctions/v1/list-sanctions-pressure?max_items=30:0
[ 1363414ms] [ERROR] [Sanctions Pressure] Failed: ApiError: Request failed with status 404 @ http://localhost:3001/src/utils/circuit-breaker.ts:298
[ 1363430ms] [ERROR] [App] Telegram intel fetch failed: SyntaxError: Unexpected token 'i', "import { g"... is not valid JSON @ http://localhost:3001/src/app/data-loader.ts:2939
[ 1363430ms] [ERROR] Failed to load resource: the server responded with a status of 404 (Not Found) @ http://localhost:3001/api/forecast/v1/get-forecasts:0
[ 1363434ms] [ERROR] Failed to load resource: the server responded with a status of 404 (Not Found) @ http://localhost:3001/api/forecast/v1/get-simulation-outcome:0
[ 1363445ms] [LOG] [Intelligence] All signals loaded for CII calculation @ http://localhost:3001/src/app/data-loader.ts:1966
[ 1363624ms] [LOG] i18next::translator: missingKey en-US translation common.remove common.remove @ http://localhost:3001/node_modules/.vite/deps/i18next.js?v=d584b076:207
[ 1363629ms] [WARNING] Failed to execute 'postMessage' on 'DOMWindow': The target origin provided ('https://www.youtube.com') does not match the recipient window's origin ('http://localhost:3001'). @ https://www.youtube.com/s/player/0980151a/www-widgetapi.vflset/www-widgetapi.js:209
[ 1364789ms] [WARNING] Failed to execute 'postMessage' on 'DOMWindow': The target origin provided ('https://www.youtube.com') does not match the recipient window's origin ('http://localhost:3001'). @ https://www.youtube.com/s/player/0980151a/www-widgetapi.vflset/www-widgetapi.js:209
[ 1364790ms] [LOG] i18next::translator: missingKey en-US translation common.remove common.remove @ http://localhost:3001/node_modules/.vite/deps/i18next.js?v=d584b076:207
[ 1364845ms] [LOG] i18next::translator: missingKey en-US translation common.remove common.remove @ http://localhost:3001/node_modules/.vite/deps/i18next.js?v=d584b076:207
[ 1364879ms] [WARNING] Failed to execute 'postMessage' on 'DOMWindow': The target origin provided ('https://www.youtube.com') does not match the recipient window's origin ('http://localhost:3001'). @ https://www.youtube.com/s/player/0980151a/www-widgetapi.vflset/www-widgetapi.js:209
[ 1364889ms] [LOG] i18next::translator: missingKey en-US translation common.remove common.remove @ http://localhost:3001/node_modules/.vite/deps/i18next.js?v=d584b076:207
[ 1365066ms] [ERROR] The script has an unsupported MIME type ('text/html'). @ :0
[ 1365067ms] [WARNING] [PWA] Service worker registration failed: SecurityError: Failed to register a ServiceWorker for scope ('http://localhost:3001/') with script ('http://localhost:3001/sw.js'): The script has an unsupported MIME type ('text/html'). @ http://localhost:3001/src/main.ts?t=1777563025051:565
[ 1365129ms] [WARNING] Failed to execute 'postMessage' on 'DOMWindow': The target origin provided ('https://www.youtube.com') does not match the recipient window's origin ('http://localhost:3001'). @ https://www.youtube.com/s/player/0980151a/www-widgetapi.vflset/www-widgetapi.js:209
[ 1365334ms] [WARNING] Image "circle-11" could not be loaded. Please make sure you have added the image with map.addImage() or a "sprite" property in your style. You can provide missing images by listening for the "styleimagemissing" map event. @ http://localhost:3001/node_modules/.vite/deps/maplibre-gl.js?v=d584b076:312
[ 1365413ms] [WARNING] Failed to execute 'postMessage' on 'DOMWindow': The target origin provided ('https://www.youtube.com') does not match the recipient window's origin ('http://localhost:3001'). @ https://www.youtube.com/s/player/0980151a/www-widgetapi.vflset/www-widgetapi.js:209
[ 1365628ms] [WARNING] Failed to execute 'postMessage' on 'DOMWindow': The target origin provided ('https://www.youtube.com') does not match the recipient window's origin ('http://localhost:3001'). @ https://www.youtube.com/s/player/0980151a/www-widgetapi.vflset/www-widgetapi.js:209
[ 1365880ms] [WARNING] Failed to execute 'postMessage' on 'DOMWindow': The target origin provided ('https://www.youtube.com') does not match the recipient window's origin ('http://localhost:3001'). @ https://www.youtube.com/s/player/0980151a/www-widgetapi.vflset/www-widgetapi.js:209
[ 1366369ms] [WARNING] Failed to execute 'postMessage' on 'DOMWindow': The target origin provided ('https://www.youtube.com') does not match the recipient window's origin ('http://localhost:3001'). @ https://www.youtube.com/s/player/0980151a/www-widgetapi.vflset/www-widgetapi.js:209
[ 1366417ms] [WARNING] Failed to execute 'postMessage' on 'DOMWindow': The target origin provided ('https://www.youtube.com') does not match the recipient window's origin ('http://localhost:3001'). @ https://www.youtube.com/s/player/0980151a/www-widgetapi.vflset/www-widgetapi.js:209
[ 1370423ms] [INFO] [News] Digest fetched: 16 categories @ http://localhost:3001/src/app/data-loader.ts:298
[ 1370433ms] [WARNING] [News] Digest missing for "markets", limited per-feed fallback disabled @ http://localhost:3001/src/app/data-loader.ts:848
[ 1370434ms] [WARNING] [News] Digest missing for "disasters", limited per-feed fallback disabled @ http://localhost:3001/src/app/data-loader.ts:848
[ 1372282ms] [LOG] [Search] Indexing 0 news items (allNews total: 0) @ http://localhost:3001/src/app/search-manager.ts:690
[ 1418189ms] [ERROR] Loading the script 'https://abacus.kopassus.monitor/script.js' violates the following Content Security Policy directive: "script-src 'self' 'sha256-LnMFPWZxTgVOr2VYwIh9mhQ3l/l3+a3SfNOLERnuHfY=' 'sha256-4Z2xtr1B9QQugoojE/nbpOViG+8l2B7CZVlKgC78AeQ=' 'sha256-903UI9my1I7mqHoiVeZSc56yd50YoRJTB2269QqL76w=' 'sha256-EytE6o1N8rwzpVFMrF+WvBZr2y5UhFLw79o1/4VqS0s=' 'wasm-unsafe-eval' https://www.youtube.com https://static.cloudflareinsights.com https://vercel.live https://challenges.cloudflare.com https://abacus.worldmonitor.app https://*.clerk.accounts.dev https://*.dodopayments.com https://js.stripe.com". Note that 'script-src-elem' was not explicitly set, so 'script-src' is used as a fallback. The action has been blocked. @ http://localhost:3001/?lat=-0.3633&lon=113.5484&zoom=3.71&view=indonesia&timeRange=7d&layers=conflicts%2Cbases%2Chotspots%2Cnuclear%2Csanctions%2Cweather%2Ceconomic%2Cwaterways%2Coutages%2Cmilitary%2Cnatural:0
[ 1418189ms] [ERROR] Executing inline script violates the following Content Security Policy directive 'script-src 'self' 'sha256-LnMFPWZxTgVOr2VYwIh9mhQ3l/l3+a3SfNOLERnuHfY=' 'sha256-4Z2xtr1B9QQugoojE/nbpOViG+8l2B7CZVlKgC78AeQ=' 'sha256-903UI9my1I7mqHoiVeZSc56yd50YoRJTB2269QqL76w=' 'sha256-EytE6o1N8rwzpVFMrF+WvBZr2y5UhFLw79o1/4VqS0s=' 'wasm-unsafe-eval' https://www.youtube.com https://static.cloudflareinsights.com https://vercel.live https://challenges.cloudflare.com https://abacus.worldmonitor.app https://*.clerk.accounts.dev https://*.dodopayments.com https://js.stripe.com'. Either the 'unsafe-inline' keyword, a hash ('sha256-BNN4UEEko1REertbvdEqNgt0fL5ykItf9IoM3JmlUwY='), or a nonce ('nonce-...') is required to enable inline execution. The action has been blocked. @ http://localhost:3001/?lat=-0.3633&lon=113.5484&zoom=3.71&view=indonesia&timeRange=7d&layers=conflicts%2Cbases%2Chotspots%2Cnuclear%2Csanctions%2Cweather%2Ceconomic%2Cwaterways%2Coutages%2Cmilitary%2Cnatural:121
[ 1419189ms] [ERROR] [feeds] DEFAULT_ENABLED name "Breaking Defense" not found in FULL_FEEDS! @ http://localhost:3001/src/config/feeds.ts:1171
[ 1419189ms] [LOG] [feeds] 107 unique default-enabled sources / 204 total @ http://localhost:3001/src/config/feeds.ts:1173
[ 1419413ms] [WARNING] THREE.THREE.Clock: This module has been deprecated. Please use THREE.Timer instead. @ http://localhost:3001/node_modules/.vite/deps/chunk-JENIRZW7.js?v=d584b076:296
[ 1419420ms] [ERROR] Loading the script 'https://va.vercel-scripts.com/v1/script.debug.js' violates the following Content Security Policy directive: "script-src 'self' 'sha256-LnMFPWZxTgVOr2VYwIh9mhQ3l/l3+a3SfNOLERnuHfY=' 'sha256-4Z2xtr1B9QQugoojE/nbpOViG+8l2B7CZVlKgC78AeQ=' 'sha256-903UI9my1I7mqHoiVeZSc56yd50YoRJTB2269QqL76w=' 'sha256-EytE6o1N8rwzpVFMrF+WvBZr2y5UhFLw79o1/4VqS0s=' 'wasm-unsafe-eval' https://www.youtube.com https://static.cloudflareinsights.com https://vercel.live https://challenges.cloudflare.com https://abacus.worldmonitor.app https://*.clerk.accounts.dev https://*.dodopayments.com https://js.stripe.com". Note that 'script-src-elem' was not explicitly set, so 'script-src' is used as a fallback. The action has been blocked. @ http://localhost:3001/node_modules/.vite/deps/@vercel_analytics.js?v=d584b076:185
[ 1419422ms] [LOG] [App] Variant check: stored="indonesia", current="indonesia" @ http://localhost:3001/src/App.ts?t=1777563083681:393
[ 1419423ms] [LOG] [App] Loaded panel settings from storage: [positive-feed, progress, counters, spotlight, breakthroughs, digest, species, renewable, giving, insights, commodity-news, liquidity-shifts, positioning-247, gold-silver, energy, mining-news, critical-minerals, base-metals, mining-companies, supply-chain, commodity-regulation, energy-complex, pipeline-status, oil-inventories, gold-intelligence, heatmap, macro-signals, trade-policy, sanctions-pressure, economic, gulf-economies, gcc-investments, consumer-prices, airline-intel, polymarket, world-clock, monitors, latest-brief, energy-risk-overview, chokepoint-strip, storage-facility-map, fuel-shortages, energy-disruptions, hormuz-tracker, energy-crisis, fuel-prices, climate, live-webcams, windy-webcams, ai, startups, vcblogs, regionalStartups, unicorns, accelerators, security, policy, layoffs, finance, crypto, hardware, cloud, dev, github, ipo, funding, producthunt, events, internet-disruptions, service-status, tech-readiness, etf-flows, stablecoins, tech-hubs, ai-regulation, stock-analysis, stock-backtest, daily-market-brief, markets-news, forex, bonds, commodities-news, crypto-news, crypto-heatmap, defi-tokens, ai-tokens, other-tokens, centralbanks, economic-news, macro-tiles, fear-greed, aaii-sentiment, market-breadth, fsi, yield-curve, earnings-calendar, economic-calendar, cot-positioning, derivatives, fintech] @ http://localhost:3001/src/App.ts?t=1777563083681:513
[ 1419428ms] [LOG] [entitlements] No VITE_CONVEX_URL — skipping Convex subscription @ http://localhost:3001/src/services/entitlements.ts:11
[ 1419428ms] [WARNING] [billing] No VITE_CONVEX_URL -- skipping subscription watch @ http://localhost:3001/src/services/billing.ts:19
[ 1419477ms] [LOG] [Vercel Web Analytics] Failed to load script from https://va.vercel-scripts.com/v1/script.debug.js. Please check if any ad blockers are enabled and try again. @ http://localhost:3001/node_modules/.vite/deps/@vercel_analytics.js?v=d584b076:181
[ 1419485ms] [INFO] 🌐 i18next is made possible by our own product, Locize — consider powering your project with managed localization (AI, CDN, integrations): https://locize.com 💙 @ http://localhost:3001/node_modules/.vite/deps/i18next.js?v=d584b076:1803
[ 1419489ms] [LOG] i18next: languageChanged en-US @ http://localhost:3001/node_modules/.vite/deps/i18next.js?v=d584b076:207
[ 1419489ms] [LOG] i18next: initialized {debug: true, initAsync: true, ns: Array(1), defaultNS: Array(1), fallbackLng: Array(1)} @ http://localhost:3001/node_modules/.vite/deps/i18next.js?v=d584b076:207
[ 1419549ms] [WARNING] [clerk] VITE_CLERK_PUBLISHABLE_KEY not set, auth disabled @ http://localhost:3001/src/services/clerk.ts:62
[ 1419571ms] [LOG] [MapContainer] Initializing deck.gl map (desktop mode) @ http://localhost:3001/src/components/MapContainer.ts:110
[ 1419594ms] [LOG] i18next::translator: missingKey en-US translation components.deckgl.layers.commodityPorts components.deckgl.layers.commodityPorts @ http://localhost:3001/node_modules/.vite/deps/i18next.js?v=d584b076:207
[ 1419594ms] [LOG] i18next::translator: missingKey en-US translation components.deckgl.layers.webcams components.deckgl.layers.webcams @ http://localhost:3001/node_modules/.vite/deps/i18next.js?v=d584b076:207
[ 1419594ms] [LOG] i18next::translator: missingKey en-US translation components.deckgl.layers.miningSites components.deckgl.layers.miningSites @ http://localhost:3001/node_modules/.vite/deps/i18next.js?v=d584b076:207
[ 1419594ms] [LOG] i18next::translator: missingKey en-US translation components.deckgl.layers.processingPlants components.deckgl.layers.processingPlants @ http://localhost:3001/node_modules/.vite/deps/i18next.js?v=d584b076:207
[ 1419594ms] [LOG] i18next::translator: missingKey en-US translation components.deckgl.layers.resilienceScore components.deckgl.layers.resilienceScore @ http://localhost:3001/node_modules/.vite/deps/i18next.js?v=d584b076:207
[ 1419595ms] [LOG] i18next::translator: missingKey en-US translation components.deckgl.layers.diseaseOutbreaks components.deckgl.layers.diseaseOutbreaks @ http://localhost:3001/node_modules/.vite/deps/i18next.js?v=d584b076:207
[ 1419595ms] [LOG] i18next::translator: missingKey en-US translation components.deckgl.layers.sanctions components.deckgl.layers.sanctions @ http://localhost:3001/node_modules/.vite/deps/i18next.js?v=d584b076:207
[ 1419601ms] [LOG] i18next::translator: missingKey en-US translation panels.cctvIpStream.infoTooltip panels.cctvIpStream.infoTooltip @ http://localhost:3001/node_modules/.vite/deps/i18next.js?v=d584b076:207
[ 1419651ms] [LOG] i18next::translator: missingKey en-US translation panels.disasters panels.disasters @ http://localhost:3001/node_modules/.vite/deps/i18next.js?v=d584b076:207
[ 1419652ms] [LOG] i18next::translator: missingKey en-US translation panels.positiveFeed panels.positiveFeed @ http://localhost:3001/node_modules/.vite/deps/i18next.js?v=d584b076:207
[ 1419652ms] [LOG] i18next::translator: missingKey en-US translation panels.progress panels.progress @ http://localhost:3001/node_modules/.vite/deps/i18next.js?v=d584b076:207
[ 1419652ms] [LOG] i18next::translator: missingKey en-US translation panels.counters panels.counters @ http://localhost:3001/node_modules/.vite/deps/i18next.js?v=d584b076:207
[ 1419652ms] [LOG] i18next::translator: missingKey en-US translation panels.spotlight panels.spotlight @ http://localhost:3001/node_modules/.vite/deps/i18next.js?v=d584b076:207
[ 1419652ms] [LOG] i18next::translator: missingKey en-US translation panels.breakthroughs panels.breakthroughs @ http://localhost:3001/node_modules/.vite/deps/i18next.js?v=d584b076:207
[ 1419652ms] [LOG] i18next::translator: missingKey en-US translation panels.digest panels.digest @ http://localhost:3001/node_modules/.vite/deps/i18next.js?v=d584b076:207
[ 1419652ms] [LOG] i18next::translator: missingKey en-US translation panels.species panels.species @ http://localhost:3001/node_modules/.vite/deps/i18next.js?v=d584b076:207
[ 1419652ms] [LOG] i18next::translator: missingKey en-US translation panels.renewable panels.renewable @ http://localhost:3001/node_modules/.vite/deps/i18next.js?v=d584b076:207
[ 1419653ms] [LOG] i18next::translator: missingKey en-US translation panels.commodityNews panels.commodityNews @ http://localhost:3001/node_modules/.vite/deps/i18next.js?v=d584b076:207
[ 1419653ms] [LOG] i18next::translator: missingKey en-US translation panels.liquidityShifts panels.liquidityShifts @ http://localhost:3001/node_modules/.vite/deps/i18next.js?v=d584b076:207
[ 1419653ms] [LOG] i18next::translator: missingKey en-US translation panels.positioning-247 panels.positioning-247 @ http://localhost:3001/node_modules/.vite/deps/i18next.js?v=d584b076:207
[ 1419653ms] [LOG] i18next::translator: missingKey en-US translation panels.goldSilver panels.goldSilver @ http://localhost:3001/node_modules/.vite/deps/i18next.js?v=d584b076:207
[ 1419653ms] [LOG] i18next::translator: missingKey en-US translation panels.miningNews panels.miningNews @ http://localhost:3001/node_modules/.vite/deps/i18next.js?v=d584b076:207
[ 1419653ms] [LOG] i18next::translator: missingKey en-US translation panels.criticalMinerals panels.criticalMinerals @ http://localhost:3001/node_modules/.vite/deps/i18next.js?v=d584b076:207
[ 1419653ms] [LOG] i18next::translator: missingKey en-US translation panels.baseMetals panels.baseMetals @ http://localhost:3001/node_modules/.vite/deps/i18next.js?v=d584b076:207
[ 1419653ms] [LOG] i18next::translator: missingKey en-US translation panels.miningCompanies panels.miningCompanies @ http://localhost:3001/node_modules/.vite/deps/i18next.js?v=d584b076:207
[ 1419653ms] [LOG] i18next::translator: missingKey en-US translation panels.commodityRegulation panels.commodityRegulation @ http://localhost:3001/node_modules/.vite/deps/i18next.js?v=d584b076:207
[ 1419654ms] [LOG] i18next::translator: missingKey en-US translation panels.pipelineStatus panels.pipelineStatus @ http://localhost:3001/node_modules/.vite/deps/i18next.js?v=d584b076:207
[ 1419654ms] [LOG] i18next::translator: missingKey en-US translation panels.sanctionsPressure panels.sanctionsPressure @ http://localhost:3001/node_modules/.vite/deps/i18next.js?v=d584b076:207
[ 1419654ms] [LOG] i18next::translator: missingKey en-US translation panels.worldClock panels.worldClock @ http://localhost:3001/node_modules/.vite/deps/i18next.js?v=d584b076:207
[ 1419654ms] [LOG] i18next::translator: missingKey en-US translation panels.latestBrief panels.latestBrief @ http://localhost:3001/node_modules/.vite/deps/i18next.js?v=d584b076:207
[ 1419654ms] [LOG] i18next::translator: missingKey en-US translation panels.energyRiskOverview panels.energyRiskOverview @ http://localhost:3001/node_modules/.vite/deps/i18next.js?v=d584b076:207
[ 1419654ms] [LOG] i18next::translator: missingKey en-US translation panels.chokepointStrip panels.chokepointStrip @ http://localhost:3001/node_modules/.vite/deps/i18next.js?v=d584b076:207
[ 1419654ms] [LOG] i18next::translator: missingKey en-US translation panels.storageFacilityMap panels.storageFacilityMap @ http://localhost:3001/node_modules/.vite/deps/i18next.js?v=d584b076:207
[ 1419655ms] [LOG] i18next::translator: missingKey en-US translation panels.fuelShortages panels.fuelShortages @ http://localhost:3001/node_modules/.vite/deps/i18next.js?v=d584b076:207
[ 1419655ms] [LOG] i18next::translator: missingKey en-US translation panels.energyDisruptions panels.energyDisruptions @ http://localhost:3001/node_modules/.vite/deps/i18next.js?v=d584b076:207
[ 1419655ms] [LOG] i18next::translator: missingKey en-US translation panels.hormuzTracker panels.hormuzTracker @ http://localhost:3001/node_modules/.vite/deps/i18next.js?v=d584b076:207
[ 1419655ms] [LOG] i18next::translator: missingKey en-US translation panels.aiRegulation panels.aiRegulation @ http://localhost:3001/node_modules/.vite/deps/i18next.js?v=d584b076:207
[ 1419655ms] [LOG] i18next::translator: missingKey en-US translation panels.stockAnalysis panels.stockAnalysis @ http://localhost:3001/node_modules/.vite/deps/i18next.js?v=d584b076:207
[ 1419656ms] [LOG] i18next::translator: missingKey en-US translation panels.stockBacktest panels.stockBacktest @ http://localhost:3001/node_modules/.vite/deps/i18next.js?v=d584b076:207
[ 1419656ms] [LOG] i18next::translator: missingKey en-US translation panels.dailyMarketBrief panels.dailyMarketBrief @ http://localhost:3001/node_modules/.vite/deps/i18next.js?v=d584b076:207
[ 1419656ms] [LOG] i18next::translator: missingKey en-US translation panels.marketsNews panels.marketsNews @ http://localhost:3001/node_modules/.vite/deps/i18next.js?v=d584b076:207
[ 1419656ms] [LOG] i18next::translator: missingKey en-US translation panels.forex panels.forex @ http://localhost:3001/node_modules/.vite/deps/i18next.js?v=d584b076:207
[ 1419656ms] [LOG] i18next::translator: missingKey en-US translation panels.bonds panels.bonds @ http://localhost:3001/node_modules/.vite/deps/i18next.js?v=d584b076:207
[ 1419656ms] [LOG] i18next::translator: missingKey en-US translation panels.commoditiesNews panels.commoditiesNews @ http://localhost:3001/node_modules/.vite/deps/i18next.js?v=d584b076:207
[ 1419656ms] [LOG] i18next::translator: missingKey en-US translation panels.cryptoNews panels.cryptoNews @ http://localhost:3001/node_modules/.vite/deps/i18next.js?v=d584b076:207
[ 1419656ms] [LOG] i18next::translator: missingKey en-US translation panels.cryptoHeatmap panels.cryptoHeatmap @ http://localhost:3001/node_modules/.vite/deps/i18next.js?v=d584b076:207
[ 1419656ms] [LOG] i18next::translator: missingKey en-US translation panels.defiTokens panels.defiTokens @ http://localhost:3001/node_modules/.vite/deps/i18next.js?v=d584b076:207
[ 1419657ms] [LOG] i18next::translator: missingKey en-US translation panels.aiTokens panels.aiTokens @ http://localhost:3001/node_modules/.vite/deps/i18next.js?v=d584b076:207
[ 1419657ms] [LOG] i18next::translator: missingKey en-US translation panels.otherTokens panels.otherTokens @ http://localhost:3001/node_modules/.vite/deps/i18next.js?v=d584b076:207
[ 1419657ms] [LOG] i18next::translator: missingKey en-US translation panels.centralbanks panels.centralbanks @ http://localhost:3001/node_modules/.vite/deps/i18next.js?v=d584b076:207
[ 1419657ms] [LOG] i18next::translator: missingKey en-US translation panels.economicNews panels.economicNews @ http://localhost:3001/node_modules/.vite/deps/i18next.js?v=d584b076:207
[ 1419657ms] [LOG] i18next::translator: missingKey en-US translation panels.macroTiles panels.macroTiles @ http://localhost:3001/node_modules/.vite/deps/i18next.js?v=d584b076:207
[ 1419657ms] [LOG] i18next::translator: missingKey en-US translation panels.aaiiSentiment panels.aaiiSentiment @ http://localhost:3001/node_modules/.vite/deps/i18next.js?v=d584b076:207
[ 1419657ms] [LOG] i18next::translator: missingKey en-US translation panels.fsi panels.fsi @ http://localhost:3001/node_modules/.vite/deps/i18next.js?v=d584b076:207
[ 1419658ms] [LOG] i18next::translator: missingKey en-US translation panels.yieldCurve panels.yieldCurve @ http://localhost:3001/node_modules/.vite/deps/i18next.js?v=d584b076:207
[ 1419658ms] [LOG] i18next::translator: missingKey en-US translation panels.earningsCalendar panels.earningsCalendar @ http://localhost:3001/node_modules/.vite/deps/i18next.js?v=d584b076:207
[ 1419658ms] [LOG] i18next::translator: missingKey en-US translation panels.economicCalendar panels.economicCalendar @ http://localhost:3001/node_modules/.vite/deps/i18next.js?v=d584b076:207
[ 1419658ms] [LOG] i18next::translator: missingKey en-US translation panels.cotPositioning panels.cotPositioning @ http://localhost:3001/node_modules/.vite/deps/i18next.js?v=d584b076:207
[ 1419658ms] [LOG] i18next::translator: missingKey en-US translation panels.derivatives panels.derivatives @ http://localhost:3001/node_modules/.vite/deps/i18next.js?v=d584b076:207
[ 1419658ms] [LOG] i18next::translator: missingKey en-US translation panels.fintech panels.fintech @ http://localhost:3001/node_modules/.vite/deps/i18next.js?v=d584b076:207
[ 1419658ms] [LOG] i18next::translator: missingKey en-US translation panels.institutional panels.institutional @ http://localhost:3001/node_modules/.vite/deps/i18next.js?v=d584b076:207
[ 1419658ms] [LOG] i18next::translator: missingKey en-US translation panels.analysis panels.analysis @ http://localhost:3001/node_modules/.vite/deps/i18next.js?v=d584b076:207
[ 1419659ms] [LOG] i18next::translator: missingKey en-US translation panels.gccNews panels.gccNews @ http://localhost:3001/node_modules/.vite/deps/i18next.js?v=d584b076:207
[ 1419659ms] [LOG] i18next::translator: missingKey en-US translation panels.forecast panels.forecast @ http://localhost:3001/node_modules/.vite/deps/i18next.js?v=d584b076:207
[ 1419659ms] [LOG] i18next::translator: missingKey en-US translation panels.militaryCorrelation panels.militaryCorrelation @ http://localhost:3001/node_modules/.vite/deps/i18next.js?v=d584b076:207
[ 1419659ms] [LOG] i18next::translator: missingKey en-US translation panels.escalationCorrelation panels.escalationCorrelation @ http://localhost:3001/node_modules/.vite/deps/i18next.js?v=d584b076:207
[ 1419659ms] [LOG] i18next::translator: missingKey en-US translation panels.economicCorrelation panels.economicCorrelation @ http://localhost:3001/node_modules/.vite/deps/i18next.js?v=d584b076:207
[ 1419659ms] [LOG] i18next::translator: missingKey en-US translation panels.disasterCorrelation panels.disasterCorrelation @ http://localhost:3001/node_modules/.vite/deps/i18next.js?v=d584b076:207
[ 1419659ms] [LOG] i18next::translator: missingKey en-US translation panels.chatAnalyst panels.chatAnalyst @ http://localhost:3001/node_modules/.vite/deps/i18next.js?v=d584b076:207
[ 1419660ms] [LOG] i18next::translator: missingKey en-US translation panels.diseaseOutbreaks panels.diseaseOutbreaks @ http://localhost:3001/node_modules/.vite/deps/i18next.js?v=d584b076:207
[ 1419660ms] [LOG] i18next::translator: missingKey en-US translation panels.socialVelocity panels.socialVelocity @ http://localhost:3001/node_modules/.vite/deps/i18next.js?v=d584b076:207
[ 1419660ms] [LOG] i18next::translator: missingKey en-US translation panels.defensePatents panels.defensePatents @ http://localhost:3001/node_modules/.vite/deps/i18next.js?v=d584b076:207
[ 1419660ms] [LOG] i18next::translator: missingKey en-US translation panels.radiationWatch panels.radiationWatch @ http://localhost:3001/node_modules/.vite/deps/i18next.js?v=d584b076:207
[ 1419660ms] [LOG] i18next::translator: missingKey en-US translation panels.thermalEscalation panels.thermalEscalation @ http://localhost:3001/node_modules/.vite/deps/i18next.js?v=d584b076:207
[ 1419660ms] [LOG] i18next::translator: missingKey en-US translation panels.nationalDebt panels.nationalDebt @ http://localhost:3001/node_modules/.vite/deps/i18next.js?v=d584b076:207
[ 1419660ms] [LOG] i18next::translator: missingKey en-US translation panels.crossSourceSignals panels.crossSourceSignals @ http://localhost:3001/node_modules/.vite/deps/i18next.js?v=d584b076:207
[ 1419660ms] [LOG] i18next::translator: missingKey en-US translation panels.regionalIntelligence panels.regionalIntelligence @ http://localhost:3001/node_modules/.vite/deps/i18next.js?v=d584b076:207
[ 1419735ms] [LOG] i18next::translator: missingKey en-US translation webcams.expand webcams.expand @ http://localhost:3001/node_modules/.vite/deps/i18next.js?v=d584b076:207
[ 1419735ms] [LOG] i18next::translator: missingKey en-US translation common.remove common.remove @ http://localhost:3001/node_modules/.vite/deps/i18next.js?v=d584b076:207
[ 1419736ms] [LOG] i18next::translator: missingKey en-US translation webcams.expand webcams.expand @ http://localhost:3001/node_modules/.vite/deps/i18next.js?v=d584b076:207
[ 1419736ms] [LOG] i18next::translator: missingKey en-US translation common.remove common.remove @ http://localhost:3001/node_modules/.vite/deps/i18next.js?v=d584b076:207
[ 1419736ms] [LOG] i18next::translator: missingKey en-US translation webcams.expand webcams.expand @ http://localhost:3001/node_modules/.vite/deps/i18next.js?v=d584b076:207
[ 1419736ms] [LOG] i18next::translator: missingKey en-US translation common.remove common.remove @ http://localhost:3001/node_modules/.vite/deps/i18next.js?v=d584b076:207
[ 1419737ms] [LOG] i18next::translator: missingKey en-US translation webcams.expand webcams.expand @ http://localhost:3001/node_modules/.vite/deps/i18next.js?v=d584b076:207
[ 1419737ms] [LOG] i18next::translator: missingKey en-US translation common.remove common.remove @ http://localhost:3001/node_modules/.vite/deps/i18next.js?v=d584b076:207
[ 1419908ms] [ERROR] The script has an unsupported MIME type ('text/html'). @ :0
[ 1419942ms] [WARNING] [PWA] Service worker registration failed: SecurityError: Failed to register a ServiceWorker for scope ('http://localhost:3001/') with script ('http://localhost:3001/sw.js'): The script has an unsupported MIME type ('text/html'). @ http://localhost:3001/src/main.ts?t=1777563083681:565
[ 1419980ms] [LOG] i18next::translator: missingKey en-US translation common.remove common.remove @ http://localhost:3001/node_modules/.vite/deps/i18next.js?v=d584b076:207
[ 1419995ms] [ERROR] Failed to load resource: the server responded with a status of 404 (Not Found) @ http://localhost:3001/api/health/v1/list-disease-outbreaks:0
[ 1420009ms] [ERROR] Failed to load resource: the server responded with a status of 503 (Service Unavailable) @ http://localhost:3001/api/gpsjam:0
[ 1420019ms] [ERROR] [App] Telegram intel fetch failed: SyntaxError: Unexpected token 'i', "import { g"... is not valid JSON @ http://localhost:3001/src/app/data-loader.ts:2939
[ 1420045ms] [ERROR] [App] Telegram intel fetch failed: SyntaxError: Unexpected token 'i', "import { g"... is not valid JSON @ http://localhost:3001/src/app/data-loader.ts:2939
[ 1420050ms] [WARNING] [clerk] getClerkToken: no session (clerkInstance=false, user=false) @ http://localhost:3001/src/services/clerk.ts:127
[ 1420057ms] [ERROR] [Polymarket] Failed: Error: No markets returned — upstream may be down @ http://localhost:3001/src/utils/circuit-breaker.ts:298
[ 1420641ms] [WARNING] Image "circle-11" could not be loaded. Please make sure you have added the image with map.addImage() or a "sprite" property in your style. You can provide missing images by listening for the "styleimagemissing" map event. @ http://localhost:3001/node_modules/.vite/deps/maplibre-gl.js?v=d584b076:312
[ 1420655ms] [ERROR] Failed to load resource: the server responded with a status of 404 (Not Found) @ http://localhost:3001/api/radiation/v1/list-radiation-observations?max_items=18:0
[ 1420673ms] [ERROR] Failed to load resource: the server responded with a status of 404 (Not Found) @ http://localhost:3001/api/thermal/v1/list-thermal-escalations?max_items=12:0
[ 1420677ms] [ERROR] [NWS Weather] Failed: SyntaxError: Unexpected token 'i', "import { g"... is not valid JSON @ http://localhost:3001/src/utils/circuit-breaker.ts:298
[ 1420679ms] [ERROR] Failed to load resource: the server responded with a status of 404 (Not Found) @ http://localhost:3001/api/forecast/v1/get-forecasts:0
[ 1420679ms] [ERROR] Failed to load resource: the server responded with a status of 404 (Not Found) @ http://localhost:3001/api/forecast/v1/get-simulation-outcome:0
[ 1420683ms] [ERROR] [Military Flight Tracking] Failed: Error: No flights returned — upstream may be down @ http://localhost:3001/src/utils/circuit-breaker.ts:298
[ 1420691ms] [ERROR] [Radiation Watch] Failed: ApiError: Request failed with status 404 @ http://localhost:3001/src/utils/circuit-breaker.ts:298
[ 1420694ms] [ERROR] [Thermal Escalation] Failed: ApiError: Request failed with status 404 @ http://localhost:3001/src/utils/circuit-breaker.ts:298
[ 1420735ms] [ERROR] Failed to load resource: the server responded with a status of 404 (Not Found) @ http://localhost:3001/api/sanctions/v1/list-sanctions-pressure?max_items=30:0
[ 1420742ms] [ERROR] [Sanctions Pressure] Failed: ApiError: Request failed with status 404 @ http://localhost:3001/src/utils/circuit-breaker.ts:298
[ 1420747ms] [LOG] [Intelligence] All signals loaded for CII calculation @ http://localhost:3001/src/app/data-loader.ts:1966
[ 1420763ms] [LOG] i18next::translator: missingKey en-US translation common.remove common.remove @ http://localhost:3001/node_modules/.vite/deps/i18next.js?v=d584b076:207
[ 1421241ms] [LOG] i18next::translator: missingKey en-US translation common.remove common.remove @ http://localhost:3001/node_modules/.vite/deps/i18next.js?v=d584b076:207
[ 1421953ms] [LOG] i18next::translator: missingKey en-US translation common.remove common.remove @ http://localhost:3001/node_modules/.vite/deps/i18next.js?v=d584b076:207
[ 1427879ms] [WARNING] [News] Digest fetch failed, using fallback: TimeoutError: signal timed out @ http://localhost:3001/src/app/data-loader.ts:304
[ 1427883ms] [WARNING] [News] Digest missing for "markets", limited per-feed fallback disabled @ http://localhost:3001/src/app/data-loader.ts:848
[ 1427884ms] [WARNING] [News] Digest missing for "disasters", limited per-feed fallback disabled @ http://localhost:3001/src/app/data-loader.ts:848
[ 1429696ms] [LOG] [Search] Indexing 0 news items (allNews total: 0) @ http://localhost:3001/src/app/search-manager.ts:690
[ 1719612ms] [LOG] i18next::translator: missingKey en-US translation common.remove common.remove @ http://localhost:3001/node_modules/.vite/deps/i18next.js?v=d584b076:207
[ 1719613ms] [LOG] i18next::translator: missingKey en-US translation common.remove common.remove @ http://localhost:3001/node_modules/.vite/deps/i18next.js?v=d584b076:207
[ 1719613ms] [LOG] i18next::translator: missingKey en-US translation common.remove common.remove @ http://localhost:3001/node_modules/.vite/deps/i18next.js?v=d584b076:207
[ 1719613ms] [LOG] i18next::translator: missingKey en-US translation common.remove common.remove @ http://localhost:3001/node_modules/.vite/deps/i18next.js?v=d584b076:207
[ 1719669ms] [LOG] [App] User idle - pausing animations to save resources @ http://localhost:3001/src/app/event-handlers.ts:604
[ 1744611ms] [LOG] i18next::translator: missingKey en-US translation webcams.expand webcams.expand @ http://localhost:3001/node_modules/.vite/deps/i18next.js?v=d584b076:207
[ 1744611ms] [LOG] i18next::translator: missingKey en-US translation common.remove common.remove @ http://localhost:3001/node_modules/.vite/deps/i18next.js?v=d584b076:207
[ 1744611ms] [LOG] i18next::translator: missingKey en-US translation webcams.expand webcams.expand @ http://localhost:3001/node_modules/.vite/deps/i18next.js?v=d584b076:207
[ 1744611ms] [LOG] i18next::translator: missingKey en-US translation common.remove common.remove @ http://localhost:3001/node_modules/.vite/deps/i18next.js?v=d584b076:207
[ 1744611ms] [LOG] i18next::translator: missingKey en-US translation webcams.expand webcams.expand @ http://localhost:3001/node_modules/.vite/deps/i18next.js?v=d584b076:207
[ 1744612ms] [LOG] i18next::translator: missingKey en-US translation common.remove common.remove @ http://localhost:3001/node_modules/.vite/deps/i18next.js?v=d584b076:207
[ 1744612ms] [LOG] i18next::translator: missingKey en-US translation webcams.expand webcams.expand @ http://localhost:3001/node_modules/.vite/deps/i18next.js?v=d584b076:207
[ 1744612ms] [LOG] i18next::translator: missingKey en-US translation common.remove common.remove @ http://localhost:3001/node_modules/.vite/deps/i18next.js?v=d584b076:207
[ 1745118ms] [LOG] i18next::translator: missingKey en-US translation common.remove common.remove @ http://localhost:3001/node_modules/.vite/deps/i18next.js?v=d584b076:207
[ 1745162ms] [LOG] i18next::translator: missingKey en-US translation common.remove common.remove @ http://localhost:3001/node_modules/.vite/deps/i18next.js?v=d584b076:207
[ 1745672ms] [LOG] i18next::translator: missingKey en-US translation common.remove common.remove @ http://localhost:3001/node_modules/.vite/deps/i18next.js?v=d584b076:207
[ 1746168ms] [LOG] i18next::translator: missingKey en-US translation common.remove common.remove @ http://localhost:3001/node_modules/.vite/deps/i18next.js?v=d584b076:207
[ 1752446ms] [ERROR] Loading the script 'https://abacus.kopassus.monitor/script.js' violates the following Content Security Policy directive: "script-src 'self' 'sha256-LnMFPWZxTgVOr2VYwIh9mhQ3l/l3+a3SfNOLERnuHfY=' 'sha256-4Z2xtr1B9QQugoojE/nbpOViG+8l2B7CZVlKgC78AeQ=' 'sha256-903UI9my1I7mqHoiVeZSc56yd50YoRJTB2269QqL76w=' 'sha256-EytE6o1N8rwzpVFMrF+WvBZr2y5UhFLw79o1/4VqS0s=' 'wasm-unsafe-eval' https://www.youtube.com https://static.cloudflareinsights.com https://vercel.live https://challenges.cloudflare.com https://abacus.worldmonitor.app https://*.clerk.accounts.dev https://*.dodopayments.com https://js.stripe.com". Note that 'script-src-elem' was not explicitly set, so 'script-src' is used as a fallback. The action has been blocked. @ http://localhost:3001/?lat=-0.3633&lon=113.5484&zoom=3.71&view=indonesia&timeRange=7d&layers=conflicts%2Cbases%2Chotspots%2Cnuclear%2Csanctions%2Cweather%2Ceconomic%2Cwaterways%2Coutages%2Cmilitary%2Cnatural:0
[ 1752446ms] [ERROR] Executing inline script violates the following Content Security Policy directive 'script-src 'self' 'sha256-LnMFPWZxTgVOr2VYwIh9mhQ3l/l3+a3SfNOLERnuHfY=' 'sha256-4Z2xtr1B9QQugoojE/nbpOViG+8l2B7CZVlKgC78AeQ=' 'sha256-903UI9my1I7mqHoiVeZSc56yd50YoRJTB2269QqL76w=' 'sha256-EytE6o1N8rwzpVFMrF+WvBZr2y5UhFLw79o1/4VqS0s=' 'wasm-unsafe-eval' https://www.youtube.com https://static.cloudflareinsights.com https://vercel.live https://challenges.cloudflare.com https://abacus.worldmonitor.app https://*.clerk.accounts.dev https://*.dodopayments.com https://js.stripe.com'. Either the 'unsafe-inline' keyword, a hash ('sha256-BNN4UEEko1REertbvdEqNgt0fL5ykItf9IoM3JmlUwY='), or a nonce ('nonce-...') is required to enable inline execution. The action has been blocked. @ http://localhost:3001/?lat=-0.3633&lon=113.5484&zoom=3.71&view=indonesia&timeRange=7d&layers=conflicts%2Cbases%2Chotspots%2Cnuclear%2Csanctions%2Cweather%2Ceconomic%2Cwaterways%2Coutages%2Cmilitary%2Cnatural:121
[ 1754009ms] [ERROR] [feeds] DEFAULT_ENABLED name "Breaking Defense" not found in FULL_FEEDS! @ http://localhost:3001/src/config/feeds.ts:1171
[ 1754009ms] [LOG] [feeds] 107 unique default-enabled sources / 204 total @ http://localhost:3001/src/config/feeds.ts:1173
[ 1754131ms] [WARNING] THREE.THREE.Clock: This module has been deprecated. Please use THREE.Timer instead. @ http://localhost:3001/node_modules/.vite/deps/chunk-JENIRZW7.js?v=d584b076:296
[ 1754135ms] [ERROR] Loading the script 'https://va.vercel-scripts.com/v1/script.debug.js' violates the following Content Security Policy directive: "script-src 'self' 'sha256-LnMFPWZxTgVOr2VYwIh9mhQ3l/l3+a3SfNOLERnuHfY=' 'sha256-4Z2xtr1B9QQugoojE/nbpOViG+8l2B7CZVlKgC78AeQ=' 'sha256-903UI9my1I7mqHoiVeZSc56yd50YoRJTB2269QqL76w=' 'sha256-EytE6o1N8rwzpVFMrF+WvBZr2y5UhFLw79o1/4VqS0s=' 'wasm-unsafe-eval' https://www.youtube.com https://static.cloudflareinsights.com https://vercel.live https://challenges.cloudflare.com https://abacus.worldmonitor.app https://*.clerk.accounts.dev https://*.dodopayments.com https://js.stripe.com". Note that 'script-src-elem' was not explicitly set, so 'script-src' is used as a fallback. The action has been blocked. @ http://localhost:3001/node_modules/.vite/deps/@vercel_analytics.js?v=d584b076:185
[ 1754137ms] [LOG] [App] Variant check: stored="indonesia", current="indonesia" @ http://localhost:3001/src/App.ts:393
[ 1754137ms] [LOG] [App] Loaded panel settings from storage: [positive-feed, progress, counters, spotlight, breakthroughs, digest, species, renewable, giving, insights, commodity-news, liquidity-shifts, positioning-247, gold-silver, energy, mining-news, critical-minerals, base-metals, mining-companies, supply-chain, commodity-regulation, energy-complex, pipeline-status, oil-inventories, gold-intelligence, heatmap, macro-signals, trade-policy, sanctions-pressure, economic, gulf-economies, gcc-investments, consumer-prices, airline-intel, polymarket, world-clock, monitors, latest-brief, energy-risk-overview, chokepoint-strip, storage-facility-map, fuel-shortages, energy-disruptions, hormuz-tracker, energy-crisis, fuel-prices, climate, live-webcams, windy-webcams, ai, startups, vcblogs, regionalStartups, unicorns, accelerators, security, policy, layoffs, finance, crypto, hardware, cloud, dev, github, ipo, funding, producthunt, events, internet-disruptions, service-status, tech-readiness, etf-flows, stablecoins, tech-hubs, ai-regulation, stock-analysis, stock-backtest, daily-market-brief, markets-news, forex, bonds, commodities-news, crypto-news, crypto-heatmap, defi-tokens, ai-tokens, other-tokens, centralbanks, economic-news, macro-tiles, fear-greed, aaii-sentiment, market-breadth, fsi, yield-curve, earnings-calendar, economic-calendar, cot-positioning, derivatives, fintech] @ http://localhost:3001/src/App.ts:513
[ 1754138ms] [LOG] [entitlements] No VITE_CONVEX_URL — skipping Convex subscription @ http://localhost:3001/src/services/entitlements.ts:11
[ 1754138ms] [WARNING] [billing] No VITE_CONVEX_URL -- skipping subscription watch @ http://localhost:3001/src/services/billing.ts:19
[ 1754162ms] [LOG] [Vercel Web Analytics] Failed to load script from https://va.vercel-scripts.com/v1/script.debug.js. Please check if any ad blockers are enabled and try again. @ http://localhost:3001/node_modules/.vite/deps/@vercel_analytics.js?v=d584b076:181
[ 1754170ms] [INFO] 🌐 i18next is made possible by our own product, Locize — consider powering your project with managed localization (AI, CDN, integrations): https://locize.com 💙 @ http://localhost:3001/node_modules/.vite/deps/i18next.js?v=d584b076:1803
[ 1754171ms] [LOG] i18next: languageChanged en-US @ http://localhost:3001/node_modules/.vite/deps/i18next.js?v=d584b076:207
[ 1754172ms] [LOG] i18next: initialized {debug: true, initAsync: true, ns: Array(1), defaultNS: Array(1), fallbackLng: Array(1)} @ http://localhost:3001/node_modules/.vite/deps/i18next.js?v=d584b076:207
[ 1754201ms] [WARNING] [clerk] VITE_CLERK_PUBLISHABLE_KEY not set, auth disabled @ http://localhost:3001/src/services/clerk.ts:62
[ 1754216ms] [LOG] [MapContainer] Initializing deck.gl map (desktop mode) @ http://localhost:3001/src/components/MapContainer.ts:110
[ 1754232ms] [LOG] i18next::translator: missingKey en-US translation components.deckgl.layers.commodityPorts components.deckgl.layers.commodityPorts @ http://localhost:3001/node_modules/.vite/deps/i18next.js?v=d584b076:207
[ 1754232ms] [LOG] i18next::translator: missingKey en-US translation components.deckgl.layers.webcams components.deckgl.layers.webcams @ http://localhost:3001/node_modules/.vite/deps/i18next.js?v=d584b076:207
[ 1754232ms] [LOG] i18next::translator: missingKey en-US translation components.deckgl.layers.miningSites components.deckgl.layers.miningSites @ http://localhost:3001/node_modules/.vite/deps/i18next.js?v=d584b076:207
[ 1754232ms] [LOG] i18next::translator: missingKey en-US translation components.deckgl.layers.processingPlants components.deckgl.layers.processingPlants @ http://localhost:3001/node_modules/.vite/deps/i18next.js?v=d584b076:207
[ 1754232ms] [LOG] i18next::translator: missingKey en-US translation components.deckgl.layers.resilienceScore components.deckgl.layers.resilienceScore @ http://localhost:3001/node_modules/.vite/deps/i18next.js?v=d584b076:207
[ 1754232ms] [LOG] i18next::translator: missingKey en-US translation components.deckgl.layers.diseaseOutbreaks components.deckgl.layers.diseaseOutbreaks @ http://localhost:3001/node_modules/.vite/deps/i18next.js?v=d584b076:207
[ 1754233ms] [LOG] i18next::translator: missingKey en-US translation components.deckgl.layers.sanctions components.deckgl.layers.sanctions @ http://localhost:3001/node_modules/.vite/deps/i18next.js?v=d584b076:207
[ 1754237ms] [LOG] i18next::translator: missingKey en-US translation panels.cctvIpStream.infoTooltip panels.cctvIpStream.infoTooltip @ http://localhost:3001/node_modules/.vite/deps/i18next.js?v=d584b076:207
[ 1754269ms] [LOG] i18next::translator: missingKey en-US translation panels.disasters panels.disasters @ http://localhost:3001/node_modules/.vite/deps/i18next.js?v=d584b076:207
[ 1754269ms] [LOG] i18next::translator: missingKey en-US translation panels.positiveFeed panels.positiveFeed @ http://localhost:3001/node_modules/.vite/deps/i18next.js?v=d584b076:207
[ 1754269ms] [LOG] i18next::translator: missingKey en-US translation panels.progress panels.progress @ http://localhost:3001/node_modules/.vite/deps/i18next.js?v=d584b076:207
[ 1754269ms] [LOG] i18next::translator: missingKey en-US translation panels.counters panels.counters @ http://localhost:3001/node_modules/.vite/deps/i18next.js?v=d584b076:207
[ 1754269ms] [LOG] i18next::translator: missingKey en-US translation panels.spotlight panels.spotlight @ http://localhost:3001/node_modules/.vite/deps/i18next.js?v=d584b076:207
[ 1754269ms] [LOG] i18next::translator: missingKey en-US translation panels.breakthroughs panels.breakthroughs @ http://localhost:3001/node_modules/.vite/deps/i18next.js?v=d584b076:207
[ 1754269ms] [LOG] i18next::translator: missingKey en-US translation panels.digest panels.digest @ http://localhost:3001/node_modules/.vite/deps/i18next.js?v=d584b076:207
[ 1754269ms] [LOG] i18next::translator: missingKey en-US translation panels.species panels.species @ http://localhost:3001/node_modules/.vite/deps/i18next.js?v=d584b076:207
[ 1754269ms] [LOG] i18next::translator: missingKey en-US translation panels.renewable panels.renewable @ http://localhost:3001/node_modules/.vite/deps/i18next.js?v=d584b076:207
[ 1754270ms] [LOG] i18next::translator: missingKey en-US translation panels.commodityNews panels.commodityNews @ http://localhost:3001/node_modules/.vite/deps/i18next.js?v=d584b076:207
[ 1754270ms] [LOG] i18next::translator: missingKey en-US translation panels.liquidityShifts panels.liquidityShifts @ http://localhost:3001/node_modules/.vite/deps/i18next.js?v=d584b076:207
[ 1754270ms] [LOG] i18next::translator: missingKey en-US translation panels.positioning-247 panels.positioning-247 @ http://localhost:3001/node_modules/.vite/deps/i18next.js?v=d584b076:207
[ 1754270ms] [LOG] i18next::translator: missingKey en-US translation panels.goldSilver panels.goldSilver @ http://localhost:3001/node_modules/.vite/deps/i18next.js?v=d584b076:207
[ 1754270ms] [LOG] i18next::translator: missingKey en-US translation panels.miningNews panels.miningNews @ http://localhost:3001/node_modules/.vite/deps/i18next.js?v=d584b076:207
[ 1754270ms] [LOG] i18next::translator: missingKey en-US translation panels.criticalMinerals panels.criticalMinerals @ http://localhost:3001/node_modules/.vite/deps/i18next.js?v=d584b076:207
[ 1754270ms] [LOG] i18next::translator: missingKey en-US translation panels.baseMetals panels.baseMetals @ http://localhost:3001/node_modules/.vite/deps/i18next.js?v=d584b076:207
[ 1754270ms] [LOG] i18next::translator: missingKey en-US translation panels.miningCompanies panels.miningCompanies @ http://localhost:3001/node_modules/.vite/deps/i18next.js?v=d584b076:207
[ 1754270ms] [LOG] i18next::translator: missingKey en-US translation panels.commodityRegulation panels.commodityRegulation @ http://localhost:3001/node_modules/.vite/deps/i18next.js?v=d584b076:207
[ 1754270ms] [LOG] i18next::translator: missingKey en-US translation panels.pipelineStatus panels.pipelineStatus @ http://localhost:3001/node_modules/.vite/deps/i18next.js?v=d584b076:207
[ 1754270ms] [LOG] i18next::translator: missingKey en-US translation panels.sanctionsPressure panels.sanctionsPressure @ http://localhost:3001/node_modules/.vite/deps/i18next.js?v=d584b076:207
[ 1754270ms] [LOG] i18next::translator: missingKey en-US translation panels.worldClock panels.worldClock @ http://localhost:3001/node_modules/.vite/deps/i18next.js?v=d584b076:207
[ 1754270ms] [LOG] i18next::translator: missingKey en-US translation panels.latestBrief panels.latestBrief @ http://localhost:3001/node_modules/.vite/deps/i18next.js?v=d584b076:207
[ 1754270ms] [LOG] i18next::translator: missingKey en-US translation panels.energyRiskOverview panels.energyRiskOverview @ http://localhost:3001/node_modules/.vite/deps/i18next.js?v=d584b076:207
[ 1754271ms] [LOG] i18next::translator: missingKey en-US translation panels.chokepointStrip panels.chokepointStrip @ http://localhost:3001/node_modules/.vite/deps/i18next.js?v=d584b076:207
[ 1754271ms] [LOG] i18next::translator: missingKey en-US translation panels.storageFacilityMap panels.storageFacilityMap @ http://localhost:3001/node_modules/.vite/deps/i18next.js?v=d584b076:207
[ 1754271ms] [LOG] i18next::translator: missingKey en-US translation panels.fuelShortages panels.fuelShortages @ http://localhost:3001/node_modules/.vite/deps/i18next.js?v=d584b076:207
[ 1754271ms] [LOG] i18next::translator: missingKey en-US translation panels.energyDisruptions panels.energyDisruptions @ http://localhost:3001/node_modules/.vite/deps/i18next.js?v=d584b076:207
[ 1754271ms] [LOG] i18next::translator: missingKey en-US translation panels.hormuzTracker panels.hormuzTracker @ http://localhost:3001/node_modules/.vite/deps/i18next.js?v=d584b076:207
[ 1754271ms] [LOG] i18next::translator: missingKey en-US translation panels.aiRegulation panels.aiRegulation @ http://localhost:3001/node_modules/.vite/deps/i18next.js?v=d584b076:207
[ 1754271ms] [LOG] i18next::translator: missingKey en-US translation panels.stockAnalysis panels.stockAnalysis @ http://localhost:3001/node_modules/.vite/deps/i18next.js?v=d584b076:207
[ 1754271ms] [LOG] i18next::translator: missingKey en-US translation panels.stockBacktest panels.stockBacktest @ http://localhost:3001/node_modules/.vite/deps/i18next.js?v=d584b076:207
[ 1754271ms] [LOG] i18next::translator: missingKey en-US translation panels.dailyMarketBrief panels.dailyMarketBrief @ http://localhost:3001/node_modules/.vite/deps/i18next.js?v=d584b076:207
[ 1754271ms] [LOG] i18next::translator: missingKey en-US translation panels.marketsNews panels.marketsNews @ http://localhost:3001/node_modules/.vite/deps/i18next.js?v=d584b076:207
[ 1754271ms] [LOG] i18next::translator: missingKey en-US translation panels.forex panels.forex @ http://localhost:3001/node_modules/.vite/deps/i18next.js?v=d584b076:207
[ 1754271ms] [LOG] i18next::translator: missingKey en-US translation panels.bonds panels.bonds @ http://localhost:3001/node_modules/.vite/deps/i18next.js?v=d584b076:207
[ 1754272ms] [LOG] i18next::translator: missingKey en-US translation panels.commoditiesNews panels.commoditiesNews @ http://localhost:3001/node_modules/.vite/deps/i18next.js?v=d584b076:207
[ 1754272ms] [LOG] i18next::translator: missingKey en-US translation panels.cryptoNews panels.cryptoNews @ http://localhost:3001/node_modules/.vite/deps/i18next.js?v=d584b076:207
[ 1754272ms] [LOG] i18next::translator: missingKey en-US translation panels.cryptoHeatmap panels.cryptoHeatmap @ http://localhost:3001/node_modules/.vite/deps/i18next.js?v=d584b076:207
[ 1754272ms] [LOG] i18next::translator: missingKey en-US translation panels.defiTokens panels.defiTokens @ http://localhost:3001/node_modules/.vite/deps/i18next.js?v=d584b076:207
[ 1754272ms] [LOG] i18next::translator: missingKey en-US translation panels.aiTokens panels.aiTokens @ http://localhost:3001/node_modules/.vite/deps/i18next.js?v=d584b076:207
[ 1754272ms] [LOG] i18next::translator: missingKey en-US translation panels.otherTokens panels.otherTokens @ http://localhost:3001/node_modules/.vite/deps/i18next.js?v=d584b076:207
[ 1754272ms] [LOG] i18next::translator: missingKey en-US translation panels.centralbanks panels.centralbanks @ http://localhost:3001/node_modules/.vite/deps/i18next.js?v=d584b076:207
[ 1754272ms] [LOG] i18next::translator: missingKey en-US translation panels.economicNews panels.economicNews @ http://localhost:3001/node_modules/.vite/deps/i18next.js?v=d584b076:207
[ 1754272ms] [LOG] i18next::translator: missingKey en-US translation panels.macroTiles panels.macroTiles @ http://localhost:3001/node_modules/.vite/deps/i18next.js?v=d584b076:207
[ 1754272ms] [LOG] i18next::translator: missingKey en-US translation panels.aaiiSentiment panels.aaiiSentiment @ http://localhost:3001/node_modules/.vite/deps/i18next.js?v=d584b076:207
[ 1754272ms] [LOG] i18next::translator: missingKey en-US translation panels.fsi panels.fsi @ http://localhost:3001/node_modules/.vite/deps/i18next.js?v=d584b076:207
[ 1754272ms] [LOG] i18next::translator: missingKey en-US translation panels.yieldCurve panels.yieldCurve @ http://localhost:3001/node_modules/.vite/deps/i18next.js?v=d584b076:207
[ 1754272ms] [LOG] i18next::translator: missingKey en-US translation panels.earningsCalendar panels.earningsCalendar @ http://localhost:3001/node_modules/.vite/deps/i18next.js?v=d584b076:207
[ 1754272ms] [LOG] i18next::translator: missingKey en-US translation panels.economicCalendar panels.economicCalendar @ http://localhost:3001/node_modules/.vite/deps/i18next.js?v=d584b076:207
[ 1754272ms] [LOG] i18next::translator: missingKey en-US translation panels.cotPositioning panels.cotPositioning @ http://localhost:3001/node_modules/.vite/deps/i18next.js?v=d584b076:207
[ 1754272ms] [LOG] i18next::translator: missingKey en-US translation panels.derivatives panels.derivatives @ http://localhost:3001/node_modules/.vite/deps/i18next.js?v=d584b076:207
[ 1754273ms] [LOG] i18next::translator: missingKey en-US translation panels.fintech panels.fintech @ http://localhost:3001/node_modules/.vite/deps/i18next.js?v=d584b076:207
[ 1754273ms] [LOG] i18next::translator: missingKey en-US translation panels.institutional panels.institutional @ http://localhost:3001/node_modules/.vite/deps/i18next.js?v=d584b076:207
[ 1754273ms] [LOG] i18next::translator: missingKey en-US translation panels.analysis panels.analysis @ http://localhost:3001/node_modules/.vite/deps/i18next.js?v=d584b076:207
[ 1754273ms] [LOG] i18next::translator: missingKey en-US translation panels.gccNews panels.gccNews @ http://localhost:3001/node_modules/.vite/deps/i18next.js?v=d584b076:207
[ 1754273ms] [LOG] i18next::translator: missingKey en-US translation panels.forecast panels.forecast @ http://localhost:3001/node_modules/.vite/deps/i18next.js?v=d584b076:207
[ 1754274ms] [LOG] i18next::translator: missingKey en-US translation panels.militaryCorrelation panels.militaryCorrelation @ http://localhost:3001/node_modules/.vite/deps/i18next.js?v=d584b076:207
[ 1754274ms] [LOG] i18next::translator: missingKey en-US translation panels.escalationCorrelation panels.escalationCorrelation @ http://localhost:3001/node_modules/.vite/deps/i18next.js?v=d584b076:207
[ 1754274ms] [LOG] i18next::translator: missingKey en-US translation panels.economicCorrelation panels.economicCorrelation @ http://localhost:3001/node_modules/.vite/deps/i18next.js?v=d584b076:207
[ 1754274ms] [LOG] i18next::translator: missingKey en-US translation panels.disasterCorrelation panels.disasterCorrelation @ http://localhost:3001/node_modules/.vite/deps/i18next.js?v=d584b076:207
[ 1754274ms] [LOG] i18next::translator: missingKey en-US translation panels.chatAnalyst panels.chatAnalyst @ http://localhost:3001/node_modules/.vite/deps/i18next.js?v=d584b076:207
[ 1754275ms] [LOG] i18next::translator: missingKey en-US translation panels.diseaseOutbreaks panels.diseaseOutbreaks @ http://localhost:3001/node_modules/.vite/deps/i18next.js?v=d584b076:207
[ 1754275ms] [LOG] i18next::translator: missingKey en-US translation panels.socialVelocity panels.socialVelocity @ http://localhost:3001/node_modules/.vite/deps/i18next.js?v=d584b076:207
[ 1754275ms] [LOG] i18next::translator: missingKey en-US translation panels.defensePatents panels.defensePatents @ http://localhost:3001/node_modules/.vite/deps/i18next.js?v=d584b076:207
[ 1754276ms] [LOG] i18next::translator: missingKey en-US translation panels.radiationWatch panels.radiationWatch @ http://localhost:3001/node_modules/.vite/deps/i18next.js?v=d584b076:207
[ 1754276ms] [LOG] i18next::translator: missingKey en-US translation panels.thermalEscalation panels.thermalEscalation @ http://localhost:3001/node_modules/.vite/deps/i18next.js?v=d584b076:207
[ 1754276ms] [LOG] i18next::translator: missingKey en-US translation panels.nationalDebt panels.nationalDebt @ http://localhost:3001/node_modules/.vite/deps/i18next.js?v=d584b076:207
[ 1754276ms] [LOG] i18next::translator: missingKey en-US translation panels.crossSourceSignals panels.crossSourceSignals @ http://localhost:3001/node_modules/.vite/deps/i18next.js?v=d584b076:207
[ 1754276ms] [LOG] i18next::translator: missingKey en-US translation panels.regionalIntelligence panels.regionalIntelligence @ http://localhost:3001/node_modules/.vite/deps/i18next.js?v=d584b076:207
[ 1754291ms] [ERROR] The script has an unsupported MIME type ('text/html'). @ :0
[ 1754299ms] [WARNING] [PWA] Service worker registration failed: SecurityError: Failed to register a ServiceWorker for scope ('http://localhost:3001/') with script ('http://localhost:3001/sw.js'): The script has an unsupported MIME type ('text/html'). @ http://localhost:3001/src/main.ts:565
[ 1754310ms] [LOG] i18next::translator: missingKey en-US translation webcams.expand webcams.expand @ http://localhost:3001/node_modules/.vite/deps/i18next.js?v=d584b076:207
[ 1754310ms] [LOG] i18next::translator: missingKey en-US translation common.remove common.remove @ http://localhost:3001/node_modules/.vite/deps/i18next.js?v=d584b076:207
[ 1754310ms] [LOG] i18next::translator: missingKey en-US translation webcams.expand webcams.expand @ http://localhost:3001/node_modules/.vite/deps/i18next.js?v=d584b076:207
[ 1754311ms] [LOG] i18next::translator: missingKey en-US translation common.remove common.remove @ http://localhost:3001/node_modules/.vite/deps/i18next.js?v=d584b076:207
[ 1754311ms] [LOG] i18next::translator: missingKey en-US translation webcams.expand webcams.expand @ http://localhost:3001/node_modules/.vite/deps/i18next.js?v=d584b076:207
[ 1754311ms] [LOG] i18next::translator: missingKey en-US translation common.remove common.remove @ http://localhost:3001/node_modules/.vite/deps/i18next.js?v=d584b076:207
[ 1754311ms] [LOG] i18next::translator: missingKey en-US translation webcams.expand webcams.expand @ http://localhost:3001/node_modules/.vite/deps/i18next.js?v=d584b076:207
[ 1754311ms] [LOG] i18next::translator: missingKey en-US translation common.remove common.remove @ http://localhost:3001/node_modules/.vite/deps/i18next.js?v=d584b076:207
[ 1754541ms] [LOG] i18next::translator: missingKey en-US translation common.remove common.remove @ http://localhost:3001/node_modules/.vite/deps/i18next.js?v=d584b076:207
[ 1754616ms] [WARNING] Image "circle-11" could not be loaded. Please make sure you have added the image with map.addImage() or a "sprite" property in your style. You can provide missing images by listening for the "styleimagemissing" map event. @ http://localhost:3001/node_modules/.vite/deps/maplibre-gl.js?v=d584b076:312
[ 1754662ms] [WARNING] [clerk] getClerkToken: no session (clerkInstance=false, user=false) @ http://localhost:3001/src/services/clerk.ts:127
[ 1754880ms] [LOG] i18next::translator: missingKey en-US translation common.remove common.remove @ http://localhost:3001/node_modules/.vite/deps/i18next.js?v=d584b076:207
[ 1755075ms] [ERROR] Failed to load resource: the server responded with a status of 503 (Service Unavailable) @ http://localhost:3001/api/gpsjam:0
[ 1755076ms] [ERROR] Failed to load resource: the server responded with a status of 404 (Not Found) @ http://localhost:3001/api/health/v1/list-disease-outbreaks:0
[ 1755166ms] [ERROR] [App] Telegram intel fetch failed: SyntaxError: Unexpected token 'i', "import { g"... is not valid JSON @ http://localhost:3001/src/app/data-loader.ts:2939
[ 1755330ms] [ERROR] [Polymarket] Failed: Error: No markets returned — upstream may be down @ http://localhost:3001/src/utils/circuit-breaker.ts:298
[ 1755367ms] [ERROR] [Military Flight Tracking] Failed: Error: No flights returned — upstream may be down @ http://localhost:3001/src/utils/circuit-breaker.ts:298
[ 1755404ms] [ERROR] Failed to load resource: the server responded with a status of 404 (Not Found) @ http://localhost:3001/api/radiation/v1/list-radiation-observations?max_items=18:0
[ 1755404ms] [ERROR] [Radiation Watch] Failed: ApiError: Request failed with status 404 @ http://localhost:3001/src/utils/circuit-breaker.ts:298
[ 1755414ms] [ERROR] Failed to load resource: the server responded with a status of 404 (Not Found) @ http://localhost:3001/api/thermal/v1/list-thermal-escalations?max_items=12:0
[ 1755422ms] [ERROR] [Thermal Escalation] Failed: ApiError: Request failed with status 404 @ http://localhost:3001/src/utils/circuit-breaker.ts:298
[ 1755426ms] [LOG] i18next::translator: missingKey en-US translation common.remove common.remove @ http://localhost:3001/node_modules/.vite/deps/i18next.js?v=d584b076:207
[ 1755495ms] [ERROR] [NWS Weather] Failed: SyntaxError: Unexpected token 'i', "import { g"... is not valid JSON @ http://localhost:3001/src/utils/circuit-breaker.ts:298
[ 1755496ms] [ERROR] Failed to load resource: the server responded with a status of 404 (Not Found) @ http://localhost:3001/api/sanctions/v1/list-sanctions-pressure?max_items=30:0
[ 1755497ms] [ERROR] [Sanctions Pressure] Failed: ApiError: Request failed with status 404 @ http://localhost:3001/src/utils/circuit-breaker.ts:298
[ 1755497ms] [ERROR] [App] Telegram intel fetch failed: SyntaxError: Unexpected token 'i', "import { g"... is not valid JSON @ http://localhost:3001/src/app/data-loader.ts:2939
[ 1755587ms] [ERROR] Failed to load resource: the server responded with a status of 404 (Not Found) @ http://localhost:3001/api/forecast/v1/get-simulation-outcome:0
[ 1755595ms] [ERROR] Failed to load resource: the server responded with a status of 404 (Not Found) @ http://localhost:3001/api/forecast/v1/get-forecasts:0
[ 1755623ms] [LOG] [Intelligence] All signals loaded for CII calculation @ http://localhost:3001/src/app/data-loader.ts:1966
[ 1756062ms] [LOG] i18next::translator: missingKey en-US translation common.remove common.remove @ http://localhost:3001/node_modules/.vite/deps/i18next.js?v=d584b076:207
[ 1762633ms] [WARNING] [News] Digest fetch failed, using fallback: TimeoutError: signal timed out @ http://localhost:3001/src/app/data-loader.ts:304
[ 1762648ms] [WARNING] [News] Digest missing for "markets", limited per-feed fallback disabled @ http://localhost:3001/src/app/data-loader.ts:848
[ 1762649ms] [WARNING] [News] Digest missing for "disasters", limited per-feed fallback disabled @ http://localhost:3001/src/app/data-loader.ts:848
[ 1764481ms] [LOG] [Search] Indexing 0 news items (allNews total: 0) @ http://localhost:3001/src/app/search-manager.ts:690
[ 1863698ms] [ERROR] Loading the script 'https://abacus.kopassus.monitor/script.js' violates the following Content Security Policy directive: "script-src 'self' 'sha256-LnMFPWZxTgVOr2VYwIh9mhQ3l/l3+a3SfNOLERnuHfY=' 'sha256-4Z2xtr1B9QQugoojE/nbpOViG+8l2B7CZVlKgC78AeQ=' 'sha256-903UI9my1I7mqHoiVeZSc56yd50YoRJTB2269QqL76w=' 'sha256-EytE6o1N8rwzpVFMrF+WvBZr2y5UhFLw79o1/4VqS0s=' 'wasm-unsafe-eval' https://www.youtube.com https://static.cloudflareinsights.com https://vercel.live https://challenges.cloudflare.com https://abacus.worldmonitor.app https://*.clerk.accounts.dev https://*.dodopayments.com https://js.stripe.com". Note that 'script-src-elem' was not explicitly set, so 'script-src' is used as a fallback. The action has been blocked. @ http://localhost:3001/?lat=-5.8287&lon=141.0000&zoom=13.83&view=indonesia&timeRange=7d&layers=conflicts%2Cbases%2Chotspots%2Cnuclear%2Csanctions%2Cweather%2Ceconomic%2Cwaterways%2Coutages%2Cmilitary%2Cnatural:0
[ 1863698ms] [ERROR] Executing inline script violates the following Content Security Policy directive 'script-src 'self' 'sha256-LnMFPWZxTgVOr2VYwIh9mhQ3l/l3+a3SfNOLERnuHfY=' 'sha256-4Z2xtr1B9QQugoojE/nbpOViG+8l2B7CZVlKgC78AeQ=' 'sha256-903UI9my1I7mqHoiVeZSc56yd50YoRJTB2269QqL76w=' 'sha256-EytE6o1N8rwzpVFMrF+WvBZr2y5UhFLw79o1/4VqS0s=' 'wasm-unsafe-eval' https://www.youtube.com https://static.cloudflareinsights.com https://vercel.live https://challenges.cloudflare.com https://abacus.worldmonitor.app https://*.clerk.accounts.dev https://*.dodopayments.com https://js.stripe.com'. Either the 'unsafe-inline' keyword, a hash ('sha256-BNN4UEEko1REertbvdEqNgt0fL5ykItf9IoM3JmlUwY='), or a nonce ('nonce-...') is required to enable inline execution. The action has been blocked. @ http://localhost:3001/?lat=-5.8287&lon=141.0000&zoom=13.83&view=indonesia&timeRange=7d&layers=conflicts%2Cbases%2Chotspots%2Cnuclear%2Csanctions%2Cweather%2Ceconomic%2Cwaterways%2Coutages%2Cmilitary%2Cnatural:121
[ 1864721ms] [ERROR] [feeds] DEFAULT_ENABLED name "Breaking Defense" not found in FULL_FEEDS! @ http://localhost:3001/src/config/feeds.ts:1171
[ 1864721ms] [LOG] [feeds] 107 unique default-enabled sources / 204 total @ http://localhost:3001/src/config/feeds.ts:1173
[ 1864821ms] [WARNING] THREE.THREE.Clock: This module has been deprecated. Please use THREE.Timer instead. @ http://localhost:3001/node_modules/.vite/deps/chunk-JENIRZW7.js?v=d584b076:296
[ 1864825ms] [ERROR] Loading the script 'https://va.vercel-scripts.com/v1/script.debug.js' violates the following Content Security Policy directive: "script-src 'self' 'sha256-LnMFPWZxTgVOr2VYwIh9mhQ3l/l3+a3SfNOLERnuHfY=' 'sha256-4Z2xtr1B9QQugoojE/nbpOViG+8l2B7CZVlKgC78AeQ=' 'sha256-903UI9my1I7mqHoiVeZSc56yd50YoRJTB2269QqL76w=' 'sha256-EytE6o1N8rwzpVFMrF+WvBZr2y5UhFLw79o1/4VqS0s=' 'wasm-unsafe-eval' https://www.youtube.com https://static.cloudflareinsights.com https://vercel.live https://challenges.cloudflare.com https://abacus.worldmonitor.app https://*.clerk.accounts.dev https://*.dodopayments.com https://js.stripe.com". Note that 'script-src-elem' was not explicitly set, so 'script-src' is used as a fallback. The action has been blocked. @ http://localhost:3001/node_modules/.vite/deps/@vercel_analytics.js?v=d584b076:185
[ 1864826ms] [LOG] [App] Variant check: stored="null", current="indonesia" @ http://localhost:3001/src/App.ts:393
[ 1864826ms] [LOG] [App] Variant changed - seeding new defaults, disabling cross-variant panels @ http://localhost:3001/src/App.ts:395
[ 1864828ms] [LOG] [entitlements] No VITE_CONVEX_URL — skipping Convex subscription @ http://localhost:3001/src/services/entitlements.ts:11
[ 1864828ms] [WARNING] [billing] No VITE_CONVEX_URL -- skipping subscription watch @ http://localhost:3001/src/services/billing.ts:19
[ 1864855ms] [LOG] [Vercel Web Analytics] Failed to load script from https://va.vercel-scripts.com/v1/script.debug.js. Please check if any ad blockers are enabled and try again. @ http://localhost:3001/node_modules/.vite/deps/@vercel_analytics.js?v=d584b076:181
[ 1864862ms] [INFO] 🌐 i18next is made possible by our own product, Locize — consider powering your project with managed localization (AI, CDN, integrations): https://locize.com 💙 @ http://localhost:3001/node_modules/.vite/deps/i18next.js?v=d584b076:1803
[ 1864863ms] [LOG] i18next: languageChanged en-US @ http://localhost:3001/node_modules/.vite/deps/i18next.js?v=d584b076:207
[ 1864863ms] [LOG] i18next: initialized {debug: true, initAsync: true, ns: Array(1), defaultNS: Array(1), fallbackLng: Array(1)} @ http://localhost:3001/node_modules/.vite/deps/i18next.js?v=d584b076:207
[ 1864906ms] [WARNING] [clerk] VITE_CLERK_PUBLISHABLE_KEY not set, auth disabled @ http://localhost:3001/src/services/clerk.ts:62
[ 1864915ms] [LOG] [MapContainer] Initializing deck.gl map (desktop mode) @ http://localhost:3001/src/components/MapContainer.ts:110
[ 1864929ms] [LOG] i18next::translator: missingKey en-US translation components.deckgl.layers.commodityPorts components.deckgl.layers.commodityPorts @ http://localhost:3001/node_modules/.vite/deps/i18next.js?v=d584b076:207
[ 1864929ms] [LOG] i18next::translator: missingKey en-US translation components.deckgl.layers.webcams components.deckgl.layers.webcams @ http://localhost:3001/node_modules/.vite/deps/i18next.js?v=d584b076:207
[ 1864929ms] [LOG] i18next::translator: missingKey en-US translation components.deckgl.layers.miningSites components.deckgl.layers.miningSites @ http://localhost:3001/node_modules/.vite/deps/i18next.js?v=d584b076:207
[ 1864929ms] [LOG] i18next::translator: missingKey en-US translation components.deckgl.layers.processingPlants components.deckgl.layers.processingPlants @ http://localhost:3001/node_modules/.vite/deps/i18next.js?v=d584b076:207
[ 1864929ms] [LOG] i18next::translator: missingKey en-US translation components.deckgl.layers.resilienceScore components.deckgl.layers.resilienceScore @ http://localhost:3001/node_modules/.vite/deps/i18next.js?v=d584b076:207
[ 1864929ms] [LOG] i18next::translator: missingKey en-US translation components.deckgl.layers.diseaseOutbreaks components.deckgl.layers.diseaseOutbreaks @ http://localhost:3001/node_modules/.vite/deps/i18next.js?v=d584b076:207
[ 1864930ms] [LOG] i18next::translator: missingKey en-US translation components.deckgl.layers.sanctions components.deckgl.layers.sanctions @ http://localhost:3001/node_modules/.vite/deps/i18next.js?v=d584b076:207
[ 1864933ms] [LOG] i18next::translator: missingKey en-US translation panels.cctvIpStream.infoTooltip panels.cctvIpStream.infoTooltip @ http://localhost:3001/node_modules/.vite/deps/i18next.js?v=d584b076:207
[ 1864953ms] [ERROR] The script has an unsupported MIME type ('text/html'). @ :0
[ 1864958ms] [LOG] i18next::translator: missingKey en-US translation panels.disasters panels.disasters @ http://localhost:3001/node_modules/.vite/deps/i18next.js?v=d584b076:207
[ 1864958ms] [LOG] i18next::translator: missingKey en-US translation panels.positiveFeed panels.positiveFeed @ http://localhost:3001/node_modules/.vite/deps/i18next.js?v=d584b076:207
[ 1864958ms] [LOG] i18next::translator: missingKey en-US translation panels.progress panels.progress @ http://localhost:3001/node_modules/.vite/deps/i18next.js?v=d584b076:207
[ 1864958ms] [LOG] i18next::translator: missingKey en-US translation panels.counters panels.counters @ http://localhost:3001/node_modules/.vite/deps/i18next.js?v=d584b076:207
[ 1864958ms] [LOG] i18next::translator: missingKey en-US translation panels.spotlight panels.spotlight @ http://localhost:3001/node_modules/.vite/deps/i18next.js?v=d584b076:207
[ 1864958ms] [LOG] i18next::translator: missingKey en-US translation panels.breakthroughs panels.breakthroughs @ http://localhost:3001/node_modules/.vite/deps/i18next.js?v=d584b076:207
[ 1864958ms] [LOG] i18next::translator: missingKey en-US translation panels.digest panels.digest @ http://localhost:3001/node_modules/.vite/deps/i18next.js?v=d584b076:207
[ 1864958ms] [LOG] i18next::translator: missingKey en-US translation panels.species panels.species @ http://localhost:3001/node_modules/.vite/deps/i18next.js?v=d584b076:207
[ 1864958ms] [LOG] i18next::translator: missingKey en-US translation panels.renewable panels.renewable @ http://localhost:3001/node_modules/.vite/deps/i18next.js?v=d584b076:207
[ 1864958ms] [LOG] i18next::translator: missingKey en-US translation panels.commodityNews panels.commodityNews @ http://localhost:3001/node_modules/.vite/deps/i18next.js?v=d584b076:207
[ 1864958ms] [LOG] i18next::translator: missingKey en-US translation panels.liquidityShifts panels.liquidityShifts @ http://localhost:3001/node_modules/.vite/deps/i18next.js?v=d584b076:207
[ 1864958ms] [LOG] i18next::translator: missingKey en-US translation panels.positioning-247 panels.positioning-247 @ http://localhost:3001/node_modules/.vite/deps/i18next.js?v=d584b076:207
[ 1864959ms] [LOG] i18next::translator: missingKey en-US translation panels.goldSilver panels.goldSilver @ http://localhost:3001/node_modules/.vite/deps/i18next.js?v=d584b076:207
[ 1864959ms] [LOG] i18next::translator: missingKey en-US translation panels.miningNews panels.miningNews @ http://localhost:3001/node_modules/.vite/deps/i18next.js?v=d584b076:207
[ 1864959ms] [LOG] i18next::translator: missingKey en-US translation panels.criticalMinerals panels.criticalMinerals @ http://localhost:3001/node_modules/.vite/deps/i18next.js?v=d584b076:207
[ 1864959ms] [LOG] i18next::translator: missingKey en-US translation panels.baseMetals panels.baseMetals @ http://localhost:3001/node_modules/.vite/deps/i18next.js?v=d584b076:207
[ 1864959ms] [LOG] i18next::translator: missingKey en-US translation panels.miningCompanies panels.miningCompanies @ http://localhost:3001/node_modules/.vite/deps/i18next.js?v=d584b076:207
[ 1864959ms] [LOG] i18next::translator: missingKey en-US translation panels.commodityRegulation panels.commodityRegulation @ http://localhost:3001/node_modules/.vite/deps/i18next.js?v=d584b076:207
[ 1864959ms] [LOG] i18next::translator: missingKey en-US translation panels.pipelineStatus panels.pipelineStatus @ http://localhost:3001/node_modules/.vite/deps/i18next.js?v=d584b076:207
[ 1864959ms] [LOG] i18next::translator: missingKey en-US translation panels.sanctionsPressure panels.sanctionsPressure @ http://localhost:3001/node_modules/.vite/deps/i18next.js?v=d584b076:207
[ 1864959ms] [LOG] i18next::translator: missingKey en-US translation panels.worldClock panels.worldClock @ http://localhost:3001/node_modules/.vite/deps/i18next.js?v=d584b076:207
[ 1864959ms] [LOG] i18next::translator: missingKey en-US translation panels.latestBrief panels.latestBrief @ http://localhost:3001/node_modules/.vite/deps/i18next.js?v=d584b076:207
[ 1864959ms] [LOG] i18next::translator: missingKey en-US translation panels.energyRiskOverview panels.energyRiskOverview @ http://localhost:3001/node_modules/.vite/deps/i18next.js?v=d584b076:207
[ 1864959ms] [LOG] i18next::translator: missingKey en-US translation panels.chokepointStrip panels.chokepointStrip @ http://localhost:3001/node_modules/.vite/deps/i18next.js?v=d584b076:207
[ 1864959ms] [LOG] i18next::translator: missingKey en-US translation panels.storageFacilityMap panels.storageFacilityMap @ http://localhost:3001/node_modules/.vite/deps/i18next.js?v=d584b076:207
[ 1864959ms] [LOG] i18next::translator: missingKey en-US translation panels.fuelShortages panels.fuelShortages @ http://localhost:3001/node_modules/.vite/deps/i18next.js?v=d584b076:207
[ 1864959ms] [LOG] i18next::translator: missingKey en-US translation panels.energyDisruptions panels.energyDisruptions @ http://localhost:3001/node_modules/.vite/deps/i18next.js?v=d584b076:207
[ 1864960ms] [LOG] i18next::translator: missingKey en-US translation panels.hormuzTracker panels.hormuzTracker @ http://localhost:3001/node_modules/.vite/deps/i18next.js?v=d584b076:207
[ 1864960ms] [LOG] i18next::translator: missingKey en-US translation panels.aiRegulation panels.aiRegulation @ http://localhost:3001/node_modules/.vite/deps/i18next.js?v=d584b076:207
[ 1864960ms] [LOG] i18next::translator: missingKey en-US translation panels.stockAnalysis panels.stockAnalysis @ http://localhost:3001/node_modules/.vite/deps/i18next.js?v=d584b076:207
[ 1864960ms] [LOG] i18next::translator: missingKey en-US translation panels.stockBacktest panels.stockBacktest @ http://localhost:3001/node_modules/.vite/deps/i18next.js?v=d584b076:207
[ 1864960ms] [LOG] i18next::translator: missingKey en-US translation panels.dailyMarketBrief panels.dailyMarketBrief @ http://localhost:3001/node_modules/.vite/deps/i18next.js?v=d584b076:207
[ 1864960ms] [LOG] i18next::translator: missingKey en-US translation panels.marketsNews panels.marketsNews @ http://localhost:3001/node_modules/.vite/deps/i18next.js?v=d584b076:207
[ 1864960ms] [LOG] i18next::translator: missingKey en-US translation panels.forex panels.forex @ http://localhost:3001/node_modules/.vite/deps/i18next.js?v=d584b076:207
[ 1864960ms] [LOG] i18next::translator: missingKey en-US translation panels.bonds panels.bonds @ http://localhost:3001/node_modules/.vite/deps/i18next.js?v=d584b076:207
[ 1864960ms] [LOG] i18next::translator: missingKey en-US translation panels.commoditiesNews panels.commoditiesNews @ http://localhost:3001/node_modules/.vite/deps/i18next.js?v=d584b076:207
[ 1864960ms] [LOG] i18next::translator: missingKey en-US translation panels.cryptoNews panels.cryptoNews @ http://localhost:3001/node_modules/.vite/deps/i18next.js?v=d584b076:207
[ 1864960ms] [LOG] i18next::translator: missingKey en-US translation panels.cryptoHeatmap panels.cryptoHeatmap @ http://localhost:3001/node_modules/.vite/deps/i18next.js?v=d584b076:207
[ 1864961ms] [LOG] i18next::translator: missingKey en-US translation panels.defiTokens panels.defiTokens @ http://localhost:3001/node_modules/.vite/deps/i18next.js?v=d584b076:207
[ 1864961ms] [LOG] i18next::translator: missingKey en-US translation panels.aiTokens panels.aiTokens @ http://localhost:3001/node_modules/.vite/deps/i18next.js?v=d584b076:207
[ 1864961ms] [LOG] i18next::translator: missingKey en-US translation panels.otherTokens panels.otherTokens @ http://localhost:3001/node_modules/.vite/deps/i18next.js?v=d584b076:207
[ 1864961ms] [LOG] i18next::translator: missingKey en-US translation panels.centralbanks panels.centralbanks @ http://localhost:3001/node_modules/.vite/deps/i18next.js?v=d584b076:207
[ 1864961ms] [LOG] i18next::translator: missingKey en-US translation panels.economicNews panels.economicNews @ http://localhost:3001/node_modules/.vite/deps/i18next.js?v=d584b076:207
[ 1864961ms] [LOG] i18next::translator: missingKey en-US translation panels.macroTiles panels.macroTiles @ http://localhost:3001/node_modules/.vite/deps/i18next.js?v=d584b076:207
[ 1864961ms] [LOG] i18next::translator: missingKey en-US translation panels.aaiiSentiment panels.aaiiSentiment @ http://localhost:3001/node_modules/.vite/deps/i18next.js?v=d584b076:207
[ 1864961ms] [LOG] i18next::translator: missingKey en-US translation panels.fsi panels.fsi @ http://localhost:3001/node_modules/.vite/deps/i18next.js?v=d584b076:207
[ 1864961ms] [LOG] i18next::translator: missingKey en-US translation panels.yieldCurve panels.yieldCurve @ http://localhost:3001/node_modules/.vite/deps/i18next.js?v=d584b076:207
[ 1864961ms] [LOG] i18next::translator: missingKey en-US translation panels.earningsCalendar panels.earningsCalendar @ http://localhost:3001/node_modules/.vite/deps/i18next.js?v=d584b076:207
[ 1864961ms] [LOG] i18next::translator: missingKey en-US translation panels.economicCalendar panels.economicCalendar @ http://localhost:3001/node_modules/.vite/deps/i18next.js?v=d584b076:207
[ 1864961ms] [LOG] i18next::translator: missingKey en-US translation panels.cotPositioning panels.cotPositioning @ http://localhost:3001/node_modules/.vite/deps/i18next.js?v=d584b076:207
[ 1864961ms] [LOG] i18next::translator: missingKey en-US translation panels.derivatives panels.derivatives @ http://localhost:3001/node_modules/.vite/deps/i18next.js?v=d584b076:207
[ 1864961ms] [LOG] i18next::translator: missingKey en-US translation panels.fintech panels.fintech @ http://localhost:3001/node_modules/.vite/deps/i18next.js?v=d584b076:207
[ 1864961ms] [LOG] i18next::translator: missingKey en-US translation panels.institutional panels.institutional @ http://localhost:3001/node_modules/.vite/deps/i18next.js?v=d584b076:207
[ 1864961ms] [LOG] i18next::translator: missingKey en-US translation panels.analysis panels.analysis @ http://localhost:3001/node_modules/.vite/deps/i18next.js?v=d584b076:207
[ 1864962ms] [LOG] i18next::translator: missingKey en-US translation panels.gccNews panels.gccNews @ http://localhost:3001/node_modules/.vite/deps/i18next.js?v=d584b076:207
[ 1864962ms] [LOG] i18next::translator: missingKey en-US translation panels.forecast panels.forecast @ http://localhost:3001/node_modules/.vite/deps/i18next.js?v=d584b076:207
[ 1864962ms] [LOG] i18next::translator: missingKey en-US translation panels.militaryCorrelation panels.militaryCorrelation @ http://localhost:3001/node_modules/.vite/deps/i18next.js?v=d584b076:207
[ 1864962ms] [LOG] i18next::translator: missingKey en-US translation panels.escalationCorrelation panels.escalationCorrelation @ http://localhost:3001/node_modules/.vite/deps/i18next.js?v=d584b076:207
[ 1864962ms] [LOG] i18next::translator: missingKey en-US translation panels.economicCorrelation panels.economicCorrelation @ http://localhost:3001/node_modules/.vite/deps/i18next.js?v=d584b076:207
[ 1864962ms] [LOG] i18next::translator: missingKey en-US translation panels.disasterCorrelation panels.disasterCorrelation @ http://localhost:3001/node_modules/.vite/deps/i18next.js?v=d584b076:207
[ 1864962ms] [LOG] i18next::translator: missingKey en-US translation panels.chatAnalyst panels.chatAnalyst @ http://localhost:3001/node_modules/.vite/deps/i18next.js?v=d584b076:207
[ 1864962ms] [LOG] i18next::translator: missingKey en-US translation panels.diseaseOutbreaks panels.diseaseOutbreaks @ http://localhost:3001/node_modules/.vite/deps/i18next.js?v=d584b076:207
[ 1864962ms] [LOG] i18next::translator: missingKey en-US translation panels.socialVelocity panels.socialVelocity @ http://localhost:3001/node_modules/.vite/deps/i18next.js?v=d584b076:207
[ 1864962ms] [LOG] i18next::translator: missingKey en-US translation panels.defensePatents panels.defensePatents @ http://localhost:3001/node_modules/.vite/deps/i18next.js?v=d584b076:207
[ 1864962ms] [LOG] i18next::translator: missingKey en-US translation panels.radiationWatch panels.radiationWatch @ http://localhost:3001/node_modules/.vite/deps/i18next.js?v=d584b076:207
[ 1864962ms] [LOG] i18next::translator: missingKey en-US translation panels.thermalEscalation panels.thermalEscalation @ http://localhost:3001/node_modules/.vite/deps/i18next.js?v=d584b076:207
[ 1864962ms] [LOG] i18next::translator: missingKey en-US translation panels.nationalDebt panels.nationalDebt @ http://localhost:3001/node_modules/.vite/deps/i18next.js?v=d584b076:207
[ 1864963ms] [LOG] i18next::translator: missingKey en-US translation panels.crossSourceSignals panels.crossSourceSignals @ http://localhost:3001/node_modules/.vite/deps/i18next.js?v=d584b076:207
[ 1864963ms] [LOG] i18next::translator: missingKey en-US translation panels.regionalIntelligence panels.regionalIntelligence @ http://localhost:3001/node_modules/.vite/deps/i18next.js?v=d584b076:207
[ 1864980ms] [WARNING] [PWA] Service worker registration failed: SecurityError: Failed to register a ServiceWorker for scope ('http://localhost:3001/') with script ('http://localhost:3001/sw.js'): The script has an unsupported MIME type ('text/html'). @ http://localhost:3001/src/main.ts:565
[ 1864990ms] [LOG] i18next::translator: missingKey en-US translation webcams.expand webcams.expand @ http://localhost:3001/node_modules/.vite/deps/i18next.js?v=d584b076:207
[ 1864991ms] [LOG] i18next::translator: missingKey en-US translation common.remove common.remove @ http://localhost:3001/node_modules/.vite/deps/i18next.js?v=d584b076:207
[ 1864991ms] [LOG] i18next::translator: missingKey en-US translation webcams.expand webcams.expand @ http://localhost:3001/node_modules/.vite/deps/i18next.js?v=d584b076:207
[ 1864992ms] [LOG] i18next::translator: missingKey en-US translation common.remove common.remove @ http://localhost:3001/node_modules/.vite/deps/i18next.js?v=d584b076:207
[ 1864992ms] [LOG] i18next::translator: missingKey en-US translation webcams.expand webcams.expand @ http://localhost:3001/node_modules/.vite/deps/i18next.js?v=d584b076:207
[ 1864992ms] [LOG] i18next::translator: missingKey en-US translation common.remove common.remove @ http://localhost:3001/node_modules/.vite/deps/i18next.js?v=d584b076:207
[ 1864992ms] [LOG] i18next::translator: missingKey en-US translation webcams.expand webcams.expand @ http://localhost:3001/node_modules/.vite/deps/i18next.js?v=d584b076:207
[ 1864992ms] [LOG] i18next::translator: missingKey en-US translation common.remove common.remove @ http://localhost:3001/node_modules/.vite/deps/i18next.js?v=d584b076:207
[ 1865114ms] [WARNING] [clerk] getClerkToken: no session (clerkInstance=false, user=false) @ http://localhost:3001/src/services/clerk.ts:127
[ 1865134ms] [ERROR] Failed to load resource: the server responded with a status of 404 (Not Found) @ http://localhost:3001/api/health/v1/list-disease-outbreaks:0
[ 1865135ms] [ERROR] Failed to load resource: the server responded with a status of 503 (Service Unavailable) @ http://localhost:3001/api/gpsjam:0
[ 1865136ms] [ERROR] [App] Telegram intel fetch failed: SyntaxError: Unexpected token 'i', "import { g"... is not valid JSON @ http://localhost:3001/src/app/data-loader.ts:2939
[ 1865138ms] [ERROR] [Polymarket] Failed: Error: No markets returned — upstream may be down @ http://localhost:3001/src/utils/circuit-breaker.ts:298
[ 1865145ms] [ERROR] [Military Flight Tracking] Failed: Error: No flights returned — upstream may be down @ http://localhost:3001/src/utils/circuit-breaker.ts:298
[ 1865147ms] [ERROR] Failed to load resource: the server responded with a status of 404 (Not Found) @ http://localhost:3001/api/radiation/v1/list-radiation-observations?max_items=18:0
[ 1865148ms] [ERROR] [Radiation Watch] Failed: ApiError: Request failed with status 404 @ http://localhost:3001/src/utils/circuit-breaker.ts:298
[ 1865153ms] [ERROR] Failed to load resource: the server responded with a status of 404 (Not Found) @ http://localhost:3001/api/thermal/v1/list-thermal-escalations?max_items=12:0
[ 1865153ms] [ERROR] [Thermal Escalation] Failed: ApiError: Request failed with status 404 @ http://localhost:3001/src/utils/circuit-breaker.ts:298
[ 1865155ms] [ERROR] [NWS Weather] Failed: SyntaxError: Unexpected token 'i', "import { g"... is not valid JSON @ http://localhost:3001/src/utils/circuit-breaker.ts:298
[ 1865418ms] [ERROR] Failed to load resource: the server responded with a status of 404 (Not Found) @ http://localhost:3001/api/sanctions/v1/list-sanctions-pressure?max_items=30:0
[ 1865419ms] [ERROR] [Sanctions Pressure] Failed: ApiError: Request failed with status 404 @ http://localhost:3001/src/utils/circuit-breaker.ts:298
[ 1866045ms] [ERROR] Failed to load resource: the server responded with a status of 404 (Not Found) @ http://localhost:3001/api/forecast/v1/get-simulation-outcome:0
[ 1866045ms] [ERROR] Failed to load resource: the server responded with a status of 404 (Not Found) @ http://localhost:3001/api/forecast/v1/get-forecasts:0
[ 1866051ms] [ERROR] [App] Telegram intel fetch failed: SyntaxError: Unexpected token 'i', "import { g"... is not valid JSON @ http://localhost:3001/src/app/data-loader.ts:2939
[ 1866055ms] [LOG] [Intelligence] All signals loaded for CII calculation @ http://localhost:3001/src/app/data-loader.ts:1966
[ 1866055ms] [LOG] i18next::translator: missingKey en-US translation common.remove common.remove @ http://localhost:3001/node_modules/.vite/deps/i18next.js?v=d584b076:207
[ 1866109ms] [LOG] i18next::translator: missingKey en-US translation common.remove common.remove @ http://localhost:3001/node_modules/.vite/deps/i18next.js?v=d584b076:207
[ 1866457ms] [LOG] i18next::translator: missingKey en-US translation common.remove common.remove @ http://localhost:3001/node_modules/.vite/deps/i18next.js?v=d584b076:207
[ 1866538ms] [LOG] i18next::translator: missingKey en-US translation common.remove common.remove @ http://localhost:3001/node_modules/.vite/deps/i18next.js?v=d584b076:207
[ 1873076ms] [WARNING] [News] Digest fetch failed, using fallback: TimeoutError: signal timed out @ http://localhost:3001/src/app/data-loader.ts:304
[ 1873081ms] [WARNING] [News] Digest missing for "markets", limited per-feed fallback disabled @ http://localhost:3001/src/app/data-loader.ts:848
[ 1873081ms] [WARNING] [News] Digest missing for "disasters", limited per-feed fallback disabled @ http://localhost:3001/src/app/data-loader.ts:848
[ 1874895ms] [LOG] [Search] Indexing 0 news items (allNews total: 0) @ http://localhost:3001/src/app/search-manager.ts:690
[ 1888666ms] [LOG] [vite] server connection lost. Polling for restart... @ http://localhost:3001/@vite/client:963
[ 1888900ms] [ERROR] Loading the script 'https://abacus.kopassus.monitor/script.js' violates the following Content Security Policy directive: "script-src 'self' 'sha256-LnMFPWZxTgVOr2VYwIh9mhQ3l/l3+a3SfNOLERnuHfY=' 'sha256-4Z2xtr1B9QQugoojE/nbpOViG+8l2B7CZVlKgC78AeQ=' 'sha256-903UI9my1I7mqHoiVeZSc56yd50YoRJTB2269QqL76w=' 'sha256-EytE6o1N8rwzpVFMrF+WvBZr2y5UhFLw79o1/4VqS0s=' 'wasm-unsafe-eval' https://www.youtube.com https://static.cloudflareinsights.com https://vercel.live https://challenges.cloudflare.com https://abacus.worldmonitor.app https://*.clerk.accounts.dev https://*.dodopayments.com https://js.stripe.com". Note that 'script-src-elem' was not explicitly set, so 'script-src' is used as a fallback. The action has been blocked. @ http://localhost:3001/?lat=-5.8287&lon=141.0000&zoom=13.83&view=indonesia&timeRange=7d&layers=conflicts%2Cbases%2Chotspots%2Cnuclear%2Csanctions%2Cweather%2Ceconomic%2Cwaterways%2Coutages%2Cmilitary%2Cnatural:0
[ 1888901ms] [ERROR] Executing inline script violates the following Content Security Policy directive 'script-src 'self' 'sha256-LnMFPWZxTgVOr2VYwIh9mhQ3l/l3+a3SfNOLERnuHfY=' 'sha256-4Z2xtr1B9QQugoojE/nbpOViG+8l2B7CZVlKgC78AeQ=' 'sha256-903UI9my1I7mqHoiVeZSc56yd50YoRJTB2269QqL76w=' 'sha256-EytE6o1N8rwzpVFMrF+WvBZr2y5UhFLw79o1/4VqS0s=' 'wasm-unsafe-eval' https://www.youtube.com https://static.cloudflareinsights.com https://vercel.live https://challenges.cloudflare.com https://abacus.worldmonitor.app https://*.clerk.accounts.dev https://*.dodopayments.com https://js.stripe.com'. Either the 'unsafe-inline' keyword, a hash ('sha256-BNN4UEEko1REertbvdEqNgt0fL5ykItf9IoM3JmlUwY='), or a nonce ('nonce-...') is required to enable inline execution. The action has been blocked. @ http://localhost:3001/?lat=-5.8287&lon=141.0000&zoom=13.83&view=indonesia&timeRange=7d&layers=conflicts%2Cbases%2Chotspots%2Cnuclear%2Csanctions%2Cweather%2Ceconomic%2Cwaterways%2Coutages%2Cmilitary%2Cnatural:121
